"D:/graphic/arcgisTest/arcgis/arcgisTest.uproject" 1
"../../../../../graphic/arcgisTest/arcgis/Binaries/Win64/UnrealEditor.modules" 2
"../../../Engine/Plugins/MeshPainting/MeshPainting.uplugin" 3
"../../../Engine/Plugins/FastBuildController/FastBuildController.uplugin" 4
"../../../Engine/Plugins/LightWeightInstancesEditor/LightWeightInstancesEditor.uplugin" 5
"../../../Engine/Plugins/EnhancedInput/EnhancedInput.uplugin" 6
"../../../Engine/Plugins/Animation/DeformerGraph/DeformerGraph.uplugin" 7
"../../../Engine/Plugins/Animation/IKRig/IKRig.uplugin" 8
"../../../Engine/Plugins/Animation/MotionWarping/MotionWarping.uplugin" 9
"../../../Engine/Plugins/Animation/BlendSpaceMotionAnalysis/BlendSpaceMotionAnalysis.uplugin" 10
"../../../Engine/Plugins/Animation/LiveLinkCurveDebugUI/LiveLinkCurveDebugUI.uplugin" 11
"../../../Engine/Plugins/Bridge/Bridge.uplugin" 12
"../../../Engine/Plugins/Animation/RigLogic/RigLogic.uplugin" 13
"../../../Engine/Plugins/Animation/ControlRig/ControlRig.uplugin" 14
"../../../Engine/Plugins/MemoryUsageQueries/MemoryUsageQueries.uplugin" 15
"../../../Engine/Plugins/ScriptPlugin/ScriptPlugin.uplugin" 16
"../../../Engine/Plugins/AI/MassAI/MassAI.uplugin" 17
"../../../Engine/Plugins/AI/AISupport/AISupport.uplugin" 18
"../../../Engine/Plugins/AI/MLAdapter/MLAdapter.uplugin" 19
"../../../Engine/Plugins/BlueprintFileUtils/BlueprintFileUtils.uplugin" 20
"../../../Engine/Plugins/AI/HTNPlanner/HTNPlanner.uplugin" 21
"../../../Engine/Plugins/NetcodeUnitTest/NetcodeUnitTest/NetcodeUnitTest.uplugin" 22
"../../../Engine/Plugins/Slate/SlateInsights/SlateInsights.uplugin" 23
"../../../Engine/Plugins/TraceUtilities/TraceUtilities.uplugin" 24
"../../../Engine/Plugins/Animation/AnimationData/AnimationData.uplugin" 25
"../../../Engine/Plugins/Slate/SlateScripting/SlateScripting.uplugin" 26
"../../../Engine/Plugins/Compression/OodleNetwork/OodleNetwork.uplugin" 27
"../../../Engine/Plugins/AI/MassCrowd/MassCrowd.uplugin" 28
"../../../Engine/Plugins/AI/EnvironmentQueryEditor/EnvironmentQueryEditor.uplugin" 29
"../../../Engine/Plugins/Tests/AutomationDriverTests/AutomationDriverTests.uplugin" 30
"../../../Engine/Plugins/Animation/LiveLink/LiveLink.uplugin" 31
"../../../Engine/Plugins/Tests/CQTest/CQTest.uplugin" 32
"../../../Engine/Plugins/Tests/FunctionalTestingEditor/FunctionalTestingEditor.uplugin" 33
"../../../Engine/Plugins/Animation/ACLPlugin/ACLPlugin.uplugin" 34
"../../../Engine/Plugins/Tests/InterchangeTests/InterchangeTests.uplugin" 35
"../../../Engine/Plugins/Animation/AnimationModifierLibrary/AnimationModifierLibrary.uplugin" 36
"../../../Engine/Plugins/Tests/TestSamples/TestSamples.uplugin" 37
"../../../Engine/Plugins/Animation/AnimationLocomotionLibrary/AnimationLocomotionLibrary.uplugin" 38
"../../../Engine/Plugins/Tests/WidgetAutomationTests/WidgetAutomationTests.uplugin" 39
"../../../Engine/Plugins/Tests/PythonAutomationTest/PythonAutomationTest.uplugin" 40
"../../../Engine/Plugins/AudioGameplay/AudioGameplay.uplugin" 41
"../../../Engine/Plugins/Enterprise/DataprepEditor/DataprepEditor.uplugin" 42
"../../../Engine/Plugins/Animation/ControlRigSpline/ControlRigSpline.uplugin" 43
"../../../Engine/Plugins/Enterprise/DatasmithC4DImporter/DatasmithC4DImporter.uplugin" 44
"../../../Engine/Plugins/XGEController/XGEController.uplugin" 45
"../../../Engine/Plugins/Enterprise/DatasmithContent/DatasmithContent.uplugin" 46
"../../../Engine/Plugins/Enterprise/DatasmithFBXImporter/DatasmithFBXImporter.uplugin" 47
"../../../Engine/Plugins/Enterprise/DatasmithImporter/DatasmithImporter.uplugin" 48
"../../../Engine/Plugins/Protocols/MQTT/MQTT.uplugin" 49
"../../../Engine/Plugins/Enterprise/MDLImporter/MDLImporter.uplugin" 50
"../../../Engine/Plugins/Animation/GameplayInsights/GameplayInsights.uplugin" 51
"../../../Engine/Plugins/NetcodeUnitTest/NUTUnrealEngine/NUTUnrealEngine.uplugin" 52
"../../../Engine/Plugins/Performance/PerformanceMonitor/PerformanceMonitor.uplugin" 53
"../../../Engine/Plugins/Enterprise/VariantManagerContent/VariantManagerContent.uplugin" 54
"../../../Engine/Plugins/Compositing/LensDistortion/LensDistortion.uplugin" 55
"../../../Engine/Plugins/Messaging/MessagingDebugger/MessagingDebugger.uplugin" 56
"../../../Engine/Plugins/Experimental/ActorPalette/ActorPalette.uplugin" 57
"../../../Engine/Plugins/Portal/LauncherChunkInstaller/LauncherChunkInstaller.uplugin" 58
"../../../Engine/Plugins/Tests/FbxAutomationTestBuilder/FbxAutomationTestBuilder.uplugin" 59
"../../../Engine/Plugins/Tests/TestFramework/TestFramework.uplugin" 60
"../../../Engine/Plugins/Tests/RuntimeTests/RuntimeTests.uplugin" 61
"../../../Engine/Plugins/Messaging/UdpMessaging/UdpMessaging.uplugin" 62
"../../../Engine/Plugins/Experimental/AbilitySystemGameFeatureActions/AbilitySystemGameFeatureActions.uplugin" 63
"../../../Engine/Plugins/Experimental/AnimToTexture/AnimToTexture.uplugin" 64
"../../../Engine/Plugins/Experimental/AppleVision/AppleVision.uplugin" 65
"../../../Engine/Plugins/Experimental/AssetPlacementEdMode/AssetPlacementEdMode.uplugin" 66
"../../../Engine/Plugins/RenderGraphInsights/RenderGraphInsights.uplugin" 67
"../../../Engine/Plugins/Experimental/BlueprintSnapNodes/BlueprintSnapNodes.uplugin" 68
"../../../Engine/Plugins/Enterprise/GLTFExporter/GLTFExporter.uplugin" 69
"../../../Engine/Plugins/Experimental/BackChannel/BackChannel.uplugin" 70
"../../../Engine/Plugins/2D/Paper2D/Paper2D.uplugin" 71
"../../../Engine/Plugins/Experimental/ChaosCaching/ChaosCaching.uplugin" 72
"../../../Engine/Plugins/Enterprise/DatasmithCADImporter/DatasmithCADImporter.uplugin" 73
"../../../Engine/Plugins/Experimental/BlueprintStats/BlueprintStats.uplugin" 74
"../../../Engine/Plugins/Enterprise/LidarPointCloud/LidarPointCloud.uplugin" 75
"../../../Engine/Plugins/Experimental/ChaosClothAssetEditor/ChaosClothAssetEditor.uplugin" 76
"../../../Engine/Plugins/AudioGameplayVolume/AudioGameplayVolume.uplugin" 77
"../../../Engine/Plugins/Enterprise/VariantManager/VariantManager.uplugin" 78
"../../../Engine/Plugins/Experimental/ChaosNiagara/ChaosNiagara.uplugin" 79
"../../../Engine/Plugins/Experimental/ChaosVD/ChaosVD.uplugin" 80
"../../../Engine/Plugins/Cameras/GameplayCameras/GameplayCameras.uplugin" 81
"../../../Engine/Plugins/Interchange/Editor/InterchangeEditor.uplugin" 82
"../../../Engine/Plugins/Experimental/ChaosUserDataPT/ChaosUserDataPT.uplugin" 83
"../../../Engine/Plugins/Experimental/ChaosVehiclesPlugin/ChaosVehiclesPlugin.uplugin" 84
"../../../Engine/Plugins/Interchange/Runtime/Interchange.uplugin" 85
"../../../Engine/Plugins/Experimental/ChaosClothEditor/ChaosClothEditor.uplugin" 86
"../../../Engine/Plugins/Experimental/CharacterAI/CharacterAI.uplugin" 87
"../../../Engine/Plugins/Experimental/AnimNext/AnimNext.uplugin" 88
"../../../Engine/Plugins/Compositing/OpenColorIO/OpenColorIO.uplugin" 89
"../../../Engine/Plugins/Cameras/CameraShakePreviewer/CameraShakePreviewer.uplugin" 90
"../../../Engine/Plugins/Experimental/CineCameraSceneCapture/CineCameraSceneCapture.uplugin" 91
"../../../Engine/Plugins/Experimental/CineCameraRigs/CineCameraRigs.uplugin" 92
"../../../Engine/Plugins/Experimental/ChaosClothAsset/ChaosClothAsset.uplugin" 93
"../../../Engine/Plugins/Experimental/Chooser/Chooser.uplugin" 94
"../../../Engine/Plugins/Experimental/ChaosCloth/ChaosCloth.uplugin" 95
"../../../Engine/Plugins/Experimental/ColorCorrectRegions/ColorCorrectRegions.uplugin" 96
"../../../Engine/Plugins/Experimental/ControlFlows/ControlFlows.uplugin" 97
"../../../Engine/Plugins/Experimental/CommonConversation/CommonConversation.uplugin" 98
"../../../Engine/Plugins/Experimental/DatasmithCloTranslator/DatasmithCloTranslator.uplugin" 99
"../../../Engine/Plugins/Experimental/DefaultInstallBundleManager/DefaultInstallBundleManager.uplugin" 100
"../../../Engine/Plugins/Experimental/CodeView/CodeView.uplugin" 101
"../../../Engine/Plugins/Experimental/GameplayTargetingSystem/TargetingSystem.uplugin" 102
"../../../Engine/Plugins/Animation/AnimationWarping/AnimationWarping.uplugin" 103
"../../../Engine/Plugins/Experimental/Gauntlet/Gauntlet.uplugin" 104
"../../../Engine/Plugins/Experimental/GizmoEdMode/GizmoEdMode.uplugin" 105
"../../../Engine/Plugins/Tests/RHITests/RHITests.uplugin" 106
"../../../Engine/Plugins/Experimental/GeometryScripting/GeometryScripting.uplugin" 107
"../../../Engine/Plugins/Experimental/GizmoFramework/GizmoFramework.uplugin" 108
"../../../Engine/Plugins/JsonBlueprintUtilities/JsonBlueprintUtilities.uplugin" 109
"../../../Engine/Plugins/Experimental/HairModelingToolset/HairModelingToolset.uplugin" 110
"../../../Engine/Plugins/Experimental/GPULightmass/GPULightmass.uplugin" 111
"../../../Engine/Plugins/Messaging/TcpMessaging/TcpMessaging.uplugin" 112
"../../../Engine/Plugins/Experimental/GeometryCollectionPlugin/GeometryCollectionPlugin.uplugin" 113
"../../../Engine/Plugins/Experimental/ImagePlate/ImagePlate.uplugin" 114
"../../../Engine/Plugins/Experimental/Landmass/Landmass.uplugin" 115
"../../../Engine/Plugins/Experimental/JWT/JWT.uplugin" 116
"../../../Engine/Plugins/Experimental/CinematicPrestreaming/CinematicPrestreaming.uplugin" 117
"../../../Engine/Plugins/Experimental/LiveLinkControlRig/LiveLinkControlRig.uplugin" 118
"../../../Engine/Plugins/Experimental/LiveLinkFaceImporter/LiveLinkFaceImporter.uplugin" 119
"../../../Engine/Plugins/Experimental/LandscapePatch/LandscapePatch.uplugin" 120
"../../../Engine/Plugins/Experimental/FullBodyIK/FullBodyIK.uplugin" 121
"../../../Engine/Plugins/Experimental/LearningAgents/LearningAgents.uplugin" 122
"../../../Engine/Plugins/Tests/EditorTests/EditorTests.uplugin" 123
"../../../Engine/Plugins/Experimental/MeshLODToolset/MeshLODToolset.uplugin" 124
"../../../Engine/Plugins/Experimental/GameFeatures/GameFeatures.uplugin" 125
"../../../Engine/Plugins/Experimental/MeshModelingToolsetExp/MeshModelingToolsetExp.uplugin" 126
"../../../Engine/Plugins/Experimental/FieldSystemPlugin/FieldSystemPlugin.uplugin" 127
"../../../Engine/Plugins/Experimental/GeometryCacheAbcFile/GeometryCacheAbcFile.uplugin" 128
"../../../Engine/Plugins/Experimental/MotoSynth/MotoSynth.uplugin" 129
"../../../Engine/Plugins/Compositing/Composure/Composure.uplugin" 130
"../../../Engine/Plugins/Experimental/Dataflow/Dataflow.uplugin" 131
"../../../Engine/Plugins/Experimental/NaniteDisplacedMesh/NaniteDisplacedMesh.uplugin" 132
"../../../Engine/Plugins/Enterprise/AxFImporter/AxFImporter.uplugin" 133
"../../../Engine/Plugins/Experimental/NNERuntimeRDG/NNERuntimeRDG.uplugin" 134
"../../../Engine/Plugins/Experimental/OpenImageDenoise/OpenImageDenoise.uplugin" 135
"../../../Engine/Plugins/Experimental/GeometryFlow/GeometryFlow.uplugin" 136
"../../../Engine/Plugins/Experimental/OptiXDenoise/OptiXDenoise.uplugin" 137
"../../../Engine/Plugins/Experimental/ImpostorBaker/ImpostorBaker.uplugin" 138
"../../../Engine/Plugins/Experimental/NNERuntimeORTCpu/NNERuntimeORTCpu.uplugin" 139
"../../../Engine/Plugins/Experimental/PanoramicCapture/PanoramicCapture.uplugin" 140
"../../../Engine/Plugins/Experimental/GameplayGraph/GameplayGraph.uplugin" 141
"../../../Engine/Plugins/Experimental/PCG/PCG.uplugin" 142
"../../../Engine/Plugins/Experimental/PCGGeometryScriptInterop/PCGGeometryScriptInterop.uplugin" 143
"../../../Engine/Plugins/Experimental/GameplayBehaviors/GameplayBehaviors.uplugin" 144
"../../../Engine/Plugins/Experimental/PixelStreamingPlayer/PixelStreamingPlayer.uplugin" 145
"../../../Engine/Plugins/Experimental/PlatformCrypto/PlatformCrypto.uplugin" 146
"../../../Engine/Plugins/Experimental/PluginAudit/PluginAudit.uplugin" 147
"../../../Engine/Plugins/Experimental/PluginReferenceViewer/PluginReferenceViewer.uplugin" 148
"../../../Engine/Plugins/Experimental/PluginTemplateTool/PluginTemplateTool.uplugin" 149
"../../../Engine/Plugins/Experimental/PhysicsControl/PhysicsControl.uplugin" 150
"../../../Engine/Plugins/Experimental/ChaosEditor/ChaosEditor.uplugin" 151
"../../../Engine/Plugins/Experimental/PythonScriptPlugin/PythonScriptPlugin.uplugin" 152
"../../../Engine/Plugins/Experimental/PythonFoundationPackages/PythonFoundationPackages.uplugin" 153
"../../../Engine/Plugins/Experimental/QuicMessaging/QuicMessaging.uplugin" 154
"../../../Engine/Plugins/Experimental/RenderGrid/RenderGrid.uplugin" 155
"../../../Engine/Plugins/Experimental/RemoteSession/RemoteSession.uplugin" 156
"../../../Engine/Plugins/Experimental/CodeEditor/CodeEditor.uplugin" 157
"../../../Engine/Plugins/Experimental/RawInput/RawInput.uplugin" 158
"../../../Engine/Plugins/Experimental/SampleToolsEditorMode/SampleToolsEditorMode.uplugin" 159
"../../../Engine/Plugins/Experimental/Shotgrid/Shotgrid.uplugin" 160
"../../../Engine/Plugins/Experimental/ScreenReader/ScreenReader.uplugin" 161
"../../../Engine/Plugins/Experimental/SkeletalReduction/SkeletalReduction.uplugin" 162
"../../../Engine/Plugins/Experimental/ScriptableToolsFramework/ScriptableToolsFramework.uplugin" 163
"../../../Engine/Plugins/Experimental/ScriptableToolsEditorMode/ScriptableToolsEditorMode.uplugin" 164
"../../../Engine/Plugins/Experimental/SimpleHMD/SimpleHMD.uplugin" 165
"../../../Engine/Plugins/Experimental/StructUtils/StructUtils.uplugin" 166
"../../../Engine/Plugins/Experimental/Text3D/Text3D.uplugin" 167
"../../../Engine/Plugins/Experimental/Iris/Iris.uplugin" 168
"../../../Engine/Plugins/Experimental/NNERuntimeORTGpu/NNERuntimeORTGpu.uplugin" 169
"../../../Engine/Plugins/Experimental/TextToSpeech/TextToSpeech.uplugin" 170
"../../../Engine/Plugins/Experimental/AutomationUtils/AutomationUtils.uplugin" 171
"../../../Engine/Plugins/Experimental/TextureMediaPlayer/TextureMediaPlayer.uplugin" 172
"../../../Engine/Plugins/Experimental/MotorSimOutputMotoSynth/MotorSimOutputMotoSynth.uplugin" 173
"../../../Engine/Plugins/Compositing/OpenCVLensDistortion/OpenCVLensDistortion.uplugin" 174
"../../../Engine/Plugins/Experimental/TypedElementsDataStorage/TypedElementsDataStorage.uplugin" 175
"../../../Engine/Plugins/Experimental/Fracture/Fracture.uplugin" 176
"../../../Engine/Plugins/Experimental/VirtualHeightfieldMesh/VirtualHeightfieldMesh.uplugin" 177
"../../../Engine/Plugins/Experimental/VirtualProductionUtilities/VirtualProductionUtilities.uplugin" 178
"../../../Engine/Plugins/Experimental/VirtualCamera/VirtualCamera.uplugin" 179
"../../../Engine/Plugins/Experimental/UserToolBoxCore/UserToolBoxCore.uplugin" 180
"../../../Engine/Plugins/Experimental/VirtualCameraCore/VirtualCameraCore.uplugin" 181
"../../../Engine/Plugins/Experimental/ChaosSolverPlugin/ChaosSolverPlugin.uplugin" 182
"../../../Engine/Plugins/Experimental/StaticMeshEditorModeling/StaticMeshEditorModeling.uplugin" 183
"../../../Engine/Plugins/Experimental/Water/Water.uplugin" 184
"../../../Engine/Plugins/Experimental/TetMeshing/TetMeshing.uplugin" 185
"../../../Engine/Plugins/Experimental/WaveFunctionCollapse/WaveFunctionCollapse.uplugin" 186
"../../../Engine/Plugins/Experimental/XRCreativeFramework/XRCreativeFramework.uplugin" 187
"../../../Engine/Plugins/Experimental/NNE/NNE.uplugin" 188
"../../../Engine/Plugins/Experimental/WidgetEditorToolPalette/WidgetEditorToolPalette.uplugin" 189
"../../../Engine/Plugins/Online/OnlineBase/OnlineBase.uplugin" 190
"../../../Engine/Plugins/Online/OnlineFramework/OnlineFramework.uplugin" 191
"../../../Engine/Plugins/Experimental/ToolPresets/ToolPresets.uplugin" 192
"../../../Engine/Plugins/Online/OnlineServicesEOS/OnlineServicesEOS.uplugin" 193
"../../../Engine/Plugins/Online/OnlineServicesEOSGS/OnlineServicesEOSGS.uplugin" 194
"../../../Engine/Plugins/Online/OnlineServicesNull/OnlineServicesNull.uplugin" 195
"../../../Engine/Plugins/Online/OnlineServicesOSSAdapter/OnlineServicesOSSAdapter.uplugin" 196
"../../../Engine/Plugins/Experimental/PCGExternalDataInterop/PCGExternalDataInterop.uplugin" 197
"../../../Engine/Plugins/Online/OnlineSubsystem/OnlineSubsystem.uplugin" 198
"../../../Engine/Plugins/Experimental/WaterExtras/WaterExtras.uplugin" 199
"../../../Engine/Plugins/Online/OnlineSubsystemApple/OnlineSubsystemApple.uplugin" 200
"../../../Engine/Plugins/Experimental/VirtualScouting/VirtualScouting.uplugin" 201
"../../../Engine/Plugins/Online/OnlineSubsystemOculus/OnlineSubsystemOculus.uplugin" 202
"../../../Engine/Plugins/Experimental/SlateScreenReader/SlateScreenReader.uplugin" 203
"../../../Engine/Plugins/Online/OnlineSubsystemGoogle/OnlineSubsystemGoogle.uplugin" 204
"../../../Engine/Plugins/Online/OnlineSubsystemNull/OnlineSubsystemNull.uplugin" 205
"../../../Engine/Plugins/Online/OnlineSubsystemUtils/OnlineSubsystemUtils.uplugin" 206
"../../../Engine/Plugins/Online/SocketSubsystemEOS/SocketSubsystemEOS.uplugin" 207
"../../../Engine/Plugins/Experimental/PlanarCutPlugin/PlanarCut.uplugin" 208
"../../../Engine/Plugins/Developer/CLionSourceCodeAccess/CLionSourceCodeAccess.uplugin" 209
"../../../Engine/Plugins/Online/OnlineSubsystemFacebook/OnlineSubsystemFacebook.uplugin" 210
"../../../Engine/Plugins/Developer/CodeLiteSourceCodeAccess/CodeLiteSourceCodeAccess.uplugin" 211
"../../../Engine/Plugins/Developer/DumpGPUServices/DumpGPUServices.uplugin" 212
"../../../Engine/Plugins/Experimental/WebSocketNetworking/WebSocketNetworking.uplugin" 213
"../../../Engine/Plugins/Developer/N10XSourceCodeAccess/N10XSourceCodeAccess.uplugin" 214
"../../../Engine/Plugins/Developer/KDevelopSourceCodeAccess/KDevelopSourceCodeAccess.uplugin" 215
"../../../Engine/Plugins/Experimental/LocalizableMessage/LocalizableMessage.uplugin" 216
"../../../Engine/Plugins/Developer/OneSkyLocalizationService/OneSkyLocalizationService.uplugin" 217
"../../../Engine/Plugins/Developer/PerforceSourceControl/PerforceSourceControl.uplugin" 218
"../../../Engine/Plugins/Developer/NullSourceCodeAccess/NullSourceCodeAccess.uplugin" 219
"../../../Engine/Plugins/Developer/PlasticSourceControl/PlasticSourceControl.uplugin" 220
"../../../Engine/Plugins/Online/WebAuth/WebAuth.uplugin" 221
"../../../Engine/Plugins/Developer/PluginUtils/PluginUtils.uplugin" 222
"../../../Engine/Plugins/Experimental/ChaosFlesh/ChaosFlesh.uplugin" 223
"../../../Engine/Plugins/Developer/SubversionSourceControl/SubversionSourceControl.uplugin" 224
"../../../Engine/Plugins/Developer/RiderSourceCodeAccess/RiderSourceCodeAccess.uplugin" 225
"../../../Engine/Plugins/Developer/PixWinPlugin/PixWinPlugin.uplugin" 226
"../../../Engine/Plugins/Developer/TraceSourceFiltering/TraceSourceFilters.uplugin" 227
"../../../Engine/Plugins/Online/EOSShared/EOSShared.uplugin" 228
"../../../Engine/Plugins/Experimental/ModularGameplay/ModularGameplay.uplugin" 229
"../../../Engine/Plugins/Developer/VisualStudioCodeSourceCodeAccess/VisualStudioCodeSourceCodeAccess.uplugin" 230
"../../../Engine/Plugins/Developer/TraceDataFiltering/TraceDataFilters.uplugin" 231
"../../../Engine/Plugins/Experimental/Mutable/Mutable.uplugin" 232
"../../../Engine/Plugins/Developer/VisualStudioSourceCodeAccess/VisualStudioSourceCodeAccess.uplugin" 233
"../../../Engine/Plugins/Online/OnlineServices/OnlineServices.uplugin" 234
"../../../Engine/Plugins/Developer/UObjectPlugin/UObjectPlugin.uplugin" 235
"../../../Engine/Plugins/Developer/XcodeGPUDebuggerPlugin/XcodeGPUDebuggerPlugin.uplugin" 236
"../../../Engine/Plugins/FX/CascadeToNiagaraConverter/CascadeToNiagaraConverter.uplugin" 237
"../../../Engine/Plugins/FX/ExampleCustomDataInterface/ExampleCustomDataInterface.uplugin" 238
"../../../Engine/Plugins/Developer/PropertyAccessNode/PropertyAccessNode.uplugin" 239
"../../../Engine/Plugins/FX/Niagara/Niagara.uplugin" 240
"../../../Engine/Plugins/Experimental/UserToolBoxBasicCommand/UserToolBoxBasicCommand.uplugin" 241
"../../../Engine/Plugins/FX/NiagaraSimCaching/NiagaraSimCaching.uplugin" 242
"../../../Engine/Plugins/Editor/DataValidation/DataValidation.uplugin" 243
"../../../Engine/Plugins/Developer/XCodeSourceCodeAccess/XCodeSourceCodeAccess.uplugin" 244
"../../../Engine/Plugins/Editor/DisplayClusterLaunch/DisplayClusterLaunch.uplugin" 245
"../../../Engine/Plugins/Editor/EditorDebugTools/EditorDebugTools.uplugin" 246
"../../../Engine/Plugins/Developer/TextureFormatOodle/TextureFormatOodle.uplugin" 247
"../../../Engine/Plugins/Experimental/UIFramework/UIFramework.uplugin" 248
"../../../Engine/Plugins/Experimental/ProxyLODPlugin/ProxyLODPlugin.uplugin" 249
"../../../Engine/Plugins/Online/OnlineSubsystemSteam/OnlineSubsystemSteam.uplugin" 250
"../../../Engine/Plugins/Editor/EditorScriptingUtilities/EditorScriptingUtilities.uplugin" 251
"../../../Engine/Plugins/Editor/EngineAssetDefinitions/EngineAssetDefinitions.uplugin" 252
"../../../Engine/Plugins/Online/OnlineSubsystemEOS/OnlineSubsystemEOS.uplugin" 253
"../../../Engine/Plugins/Online/OnlineSubsystemTencent/OnlineSubsystemTencent.uplugin" 254
"../../../Engine/Plugins/Developer/AnimationSharing/AnimationSharing.uplugin" 255
"../../../Engine/Plugins/Editor/GeometryMode/GeometryMode.uplugin" 256
"../../../Engine/Plugins/Editor/GameplayTagsEditor/GameplayTagsEditor.uplugin" 257
"../../../Engine/Plugins/Experimental/Volumetrics/Volumetrics.uplugin" 258
"../../../Engine/Plugins/Editor/LiveUpdateForSlate/LiveUpdateForSlate.uplugin" 259
"../../../Engine/Plugins/Developer/GitSourceControl/GitSourceControl.uplugin" 260
"../../../Engine/Plugins/VirtualProduction/CameraCalibrationCore/CameraCalibrationCore.uplugin" 261
"../../../Engine/Plugins/FX/NiagaraFluids/NiagaraFluids.uplugin" 262
"../../../Engine/Plugins/Editor/AssetManagerEditor/AssetManagerEditor.uplugin" 263
"../../../Engine/Plugins/Editor/AssetReferenceRestrictions/AssetReferenceRestrictions.uplugin" 264
"../../../Engine/Plugins/Online/OnlineSubsystemAmazon/OnlineSubsystemAmazon.uplugin" 265
"../../../Engine/Plugins/Editor/AssetRegistryExport/AssetRegistryExport.uplugin" 266
"../../../Engine/Plugins/Editor/AssetSearch/AssetSearch.uplugin" 267
"../../../Engine/Plugins/Editor/BlueprintMaterialTextureNodes/BlueprintMaterialTextureNodes.uplugin" 268
"../../../Engine/Plugins/Editor/BlueprintHeaderView/BlueprintHeaderView.uplugin" 269
"../../../Engine/Plugins/VirtualProduction/CameraCalibration/CameraCalibration.uplugin" 270
"../../../Engine/Plugins/Editor/ConsoleVariablesEditor/ConsoleVariables.uplugin" 271
"../../../Engine/Plugins/VirtualProduction/EpicStageApp/EpicStageApp.uplugin" 272
"../../../Engine/Plugins/Editor/CryptoKeys/CryptoKeys.uplugin" 273
"../../../Engine/Plugins/Editor/CurveEditorTools/CurveEditorTools.uplugin" 274
"../../../Engine/Plugins/VirtualProduction/LevelSnapshots/LevelSnapshots.uplugin" 275
"../../../Engine/Plugins/Editor/EditorPerformanceModule/EditorPerformanceModule.uplugin" 276
"../../../Engine/Plugins/VirtualProduction/LiveLinkFreeD/LiveLinkFreeD.uplugin" 277
"../../../Engine/Plugins/Editor/FacialAnimation/FacialAnimation.uplugin" 278
"../../../Engine/Plugins/VirtualProduction/LiveLinkLens/LiveLinkLens.uplugin" 279
"../../../Engine/Plugins/Developer/BlankPlugin/BlankPlugin.uplugin" 280
"../../../Engine/Plugins/Editor/GuidedTutorials/GuidedTutorials.uplugin" 281
"../../../Engine/Plugins/VirtualProduction/LiveLinkMasterLockit/LiveLinkMasterLockit.uplugin" 282
"../../../Engine/Plugins/VirtualProduction/LiveLinkPrestonMDR/LiveLinkPrestonMDR.uplugin" 283
"../../../Engine/Plugins/VirtualProduction/CompositePlane/CompositePlane.uplugin" 284
"../../../Engine/Plugins/VirtualProduction/LiveLinkXR/LiveLinkXR.uplugin" 285
"../../../Engine/Plugins/Editor/MakeCookedEditorAsDLC/MakeCookedEditorAsDLC.uplugin" 286
"../../../Engine/Plugins/VirtualProduction/MultiUserTakes/MultiUserTakes.uplugin" 287
"../../../Engine/Plugins/VirtualProduction/RemoteControlProtocolOSC/RemoteControlProtocolOSC.uplugin" 288
"../../../Engine/Plugins/VirtualProduction/RemoteControlProtocolDMX/RemoteControlProtocolDMX.uplugin" 289
"../../../Engine/Plugins/Editor/MacGraphicsSwitching/MacGraphicsSwitching.uplugin" 290
"../../../Engine/Plugins/VirtualProduction/SequencerPlaylists/SequencerPlaylists.uplugin" 291
"../../../Engine/Plugins/Editor/MobileLauncherProfileWizard/MobileLauncherProfileWizard.uplugin" 292
"../../../Engine/Plugins/Editor/SequencerAnimTools/SequencerAnimTools.uplugin" 293
"../../../Engine/Plugins/VirtualProduction/StageMonitoring/StageMonitoring.uplugin" 294
"../../../Engine/Plugins/VirtualProduction/RemoteControlWebInterface/RemoteControlWebInterface.uplugin" 295
"../../../Engine/Plugins/Editor/ModelingToolsEditorMode/ModelingToolsEditorMode.uplugin" 296
"../../../Engine/Plugins/VirtualProduction/TextureShare/TextureShare.uplugin" 297
"../../../Engine/Plugins/Editor/SpeedTreeImporter/SpeedTreeImporter.uplugin" 298
"../../../Engine/Plugins/VirtualProduction/TimedDataMonitor/TimedDataMonitor.uplugin" 299
"../../../Engine/Plugins/Editor/StylusInput/StylusInput.uplugin" 300
"../../../Engine/Plugins/Importers/USDMultiUser/USDMultiUser.uplugin" 301
"../../../Engine/Plugins/Runtime/ActorLayerUtilities/ActorLayerUtilities.uplugin" 302
"../../../Engine/Plugins/Editor/WaveformEditor/WaveformEditor.uplugin" 303
"../../../Engine/Plugins/Importers/USDImporter/USDImporter.uplugin" 304
"../../../Engine/Plugins/Editor/WorldPartitionHLODUtilities/WorldPartitionHLODUtilities.uplugin" 305
"../../../Engine/Plugins/Runtime/AndroidBackgroundService/AndroidBackgroundService.uplugin" 306
"../../../Engine/Plugins/Runtime/AndroidMoviePlayer/AndroidMoviePlayer.uplugin" 307
"../../../Engine/Plugins/Runtime/AndroidDeviceProfileSelector/AndroidDeviceProfileSelector.uplugin" 308
"../../../Engine/Plugins/Runtime/AndroidFileServer/AndroidFileServer.uplugin" 309
"../../../Engine/Plugins/Runtime/AndroidPermission/AndroidPermission.uplugin" 310
"../../../Engine/Plugins/VirtualProduction/ICVFX/ICVFX.uplugin" 311
"../../../Engine/Plugins/Runtime/AnimationBudgetAllocator/AnimationBudgetAllocator.uplugin" 312
"../../../Engine/Plugins/Editor/ChangelistReview/ChangelistReview.uplugin" 313
"../../../Engine/Plugins/Runtime/ApexDestruction/ApexDestruction.uplugin" 314
"../../../Engine/Plugins/Runtime/AppleImageUtils/AppleImageUtils.uplugin" 315
"../../../Engine/Plugins/Runtime/AssetTags/AssetTags.uplugin" 316
"../../../Engine/Plugins/Runtime/AppleMoviePlayer/AppleMoviePlayer.uplugin" 317
"../../../Engine/Plugins/VirtualProduction/LiveLinkCamera/LiveLinkCamera.uplugin" 318
"../../../Engine/Plugins/Runtime/AudioCapture/AudioCapture.uplugin" 319
"../../../Engine/Plugins/VirtualProduction/LiveLinkVRPN/LiveLinkVRPN.uplugin" 320
"../../../Engine/Plugins/Runtime/AudioMotorSim/AudioMotorSim.uplugin" 321
"../../../Engine/Plugins/Runtime/CableComponent/CableComponent.uplugin" 322
"../../../Engine/Plugins/Runtime/CommonUI/CommonUI.uplugin" 323
"../../../Engine/Plugins/Editor/MaterialAnalyzer/MaterialAnalyzer.uplugin" 324
"../../../Engine/Plugins/VirtualProduction/RemoteControlInterception/RemoteControlInterception.uplugin" 325
"../../../Engine/Plugins/Runtime/ChunkDownloader/ChunkDownloader.uplugin" 326
"../../../Engine/Plugins/VirtualProduction/RemoteControlProtocolMIDI/RemoteControlProtocolMIDI.uplugin" 327
"../../../Engine/Plugins/Runtime/ExampleDeviceProfileSelector/ExampleDeviceProfileSelector.uplugin" 328
"../../../Engine/Plugins/VirtualProduction/Switchboard/Switchboard.uplugin" 329
"../../../Engine/Plugins/Runtime/GameplayAbilities/GameplayAbilities.uplugin" 330
"../../../Engine/Plugins/VirtualProduction/Takes/Takes.uplugin" 331
"../../../Engine/Plugins/Runtime/Firebase/Firebase.uplugin" 332
"../../../Engine/Plugins/Runtime/GameplayInteractions/GameplayInteractions.uplugin" 333
"../../../Engine/Plugins/Importers/AlembicHairImporter/AlembicHairImporter.uplugin" 334
"../../../Engine/Plugins/Runtime/GameplayStateTree/GameplayStateTree.uplugin" 335
"../../../Engine/Plugins/Runtime/GeoReferencing/GeoReferencing.uplugin" 336
"../../../Engine/Plugins/Runtime/GeometryProcessing/GeometryProcessing.uplugin" 337
"../../../Engine/Plugins/Runtime/HairStrands/HairStrands.uplugin" 338
"../../../Engine/Plugins/Runtime/HDRIBackdrop/HDRIBackdrop.uplugin" 339
"../../../Engine/Plugins/VirtualProduction/DataCharts/DataCharts.uplugin" 340
"../../../Engine/Plugins/Runtime/IOSDeviceProfileSelector/IOSDeviceProfileSelector.uplugin" 341
"../../../Engine/Plugins/Runtime/HPMotionController/HPMotionController.uplugin" 342
"../../../Engine/Plugins/Runtime/InputDebugging/InputDebugging.uplugin" 343
"../../../Engine/Plugins/Runtime/IOSReplayKit/IOSReplayKit.uplugin" 344
"../../../Engine/Plugins/Developer/RenderDocPlugin/RenderDocPlugin.uplugin" 345
"../../../Engine/Plugins/Runtime/LevelStreamingPersistence/LevelStreamingPersistence.uplugin" 346
"../../../Engine/Plugins/Runtime/LinuxDeviceProfileSelector/LinuxDeviceProfileSelector.uplugin" 347
"../../../Engine/Plugins/Runtime/AudioSynesthesia/AudioSynesthesia.uplugin" 348
"../../../Engine/Plugins/Runtime/LiveLinkOvernDisplay/LiveLinkOverNDisplay.uplugin" 349
"../../../Engine/Plugins/VirtualProduction/RemoteControl/RemoteControl.uplugin" 350
"../../../Engine/Plugins/Runtime/LocationServicesAndroidImpl/LocationServicesAndroidImpl.uplugin" 351
"../../../Engine/Plugins/Runtime/MassGameplay/MassGameplay.uplugin" 352
"../../../Engine/Plugins/Runtime/Metasound/Metasound.uplugin" 353
"../../../Engine/Plugins/Runtime/DataRegistry/DataRegistry.uplugin" 354
"../../../Engine/Plugins/Runtime/GameplayBehaviorSmartObjects/GameplayBehaviorSmartObjects.uplugin" 355
"../../../Engine/Plugins/Runtime/MixedRealityCaptureFramework/MixedRealityCaptureFramework.uplugin" 356
"../../../Engine/Plugins/Runtime/GeometryCache/GeometryCache.uplugin" 357
"../../../Engine/Plugins/Runtime/MobileFSR/MobileFSR.uplugin" 358
"../../../Engine/Plugins/Runtime/ComputeFramework/ComputeFramework.uplugin" 359
"../../../Engine/Plugins/Runtime/ModelViewViewModel/ModelViewViewModel.uplugin" 360
"../../../Engine/Plugins/Editor/UVEditor/UVEditor.uplugin" 361
"../../../Engine/Plugins/Runtime/HTTPChunkInstaller/HTTPChunkInstaller.uplugin" 362
"../../../Engine/Plugins/Runtime/AudioWidgets/AudioWidgets.uplugin" 363
"../../../Engine/Plugins/Runtime/NavCorridor/NavCorridor.uplugin" 364
"../../../Engine/Plugins/Runtime/MassEntity/MassEntity.uplugin" 365
"../../../Engine/Plugins/Runtime/nDisplayModularFeatures/nDisplayModularFeatures.uplugin" 366
"../../../Engine/Plugins/Runtime/nDisplay/nDisplay.uplugin" 367
"../../../Engine/Plugins/Runtime/NetworkPredictionInsights/NetworkPredictionInsights.uplugin" 368
"../../../Engine/Plugins/Runtime/MIDIDevice/MIDIDevice.uplugin" 369
"../../../Engine/Plugins/Runtime/OpenXR/OpenXR.uplugin" 370
"../../../Engine/Plugins/VirtualProduction/ICVFXTesting/ICVFXTesting.uplugin" 371
"../../../Engine/Plugins/Runtime/OpenXRHandTracking/OpenXRHandTracking.uplugin" 372
"../../../Engine/Plugins/Runtime/MsQuic/MsQuic.uplugin" 373
"../../../Engine/Plugins/Runtime/OpenXREyeTracker/OpenXREyeTracker.uplugin" 374
"../../../Engine/Plugins/Runtime/OpenXRMsftHandInteraction/OpenXRMsftHandInteraction.uplugin" 375
"../../../Engine/Plugins/Runtime/OpenCV/OpenCV.uplugin" 376
"../../../Engine/Plugins/Runtime/OSC/OSC.uplugin" 377
"../../../Engine/Plugins/Runtime/MobilePatchingUtils/MobilePatchingUtils.uplugin" 378
"../../../Engine/Plugins/Runtime/PreLoadScreenMoviePlayer/PreLoadScreenMoviePlayer.uplugin" 379
"../../../Engine/Plugins/Runtime/PropertyAccess/PropertyAccessEditor.uplugin" 380
"../../../Engine/Plugins/Runtime/LocationServicesIOSImpl/LocationServicesIOSImpl.uplugin" 381
"../../../Engine/Plugins/Runtime/ProceduralMeshComponent/ProceduralMeshComponent.uplugin" 382
"../../../Engine/Plugins/Editor/PluginBrowser/PluginBrowser.uplugin" 383
"../../../Engine/Plugins/Runtime/GoogleCloudMessaging/GoogleCloudMessaging.uplugin" 384
"../../../Engine/Plugins/Runtime/ReplicationGraph/ReplicationGraph.uplugin" 385
"../../../Engine/Plugins/Runtime/RigVM/RigVM.uplugin" 386
"../../../Engine/Plugins/Runtime/SoundCueTemplates/SoundCueTemplates.uplugin" 387
"../../../Engine/Plugins/Runtime/CustomMeshComponent/CustomMeshComponent.uplugin" 388
"../../../Engine/Plugins/Runtime/SoundFields/SoundFields.uplugin" 389
"../../../Engine/Plugins/Runtime/MicrosoftSpatialAudio/MicroSoftSpatialSound.uplugin" 390
"../../../Engine/Plugins/Runtime/SkeletalMerging/SkeletalMerging.uplugin" 391
"../../../Engine/Plugins/Runtime/SoundUtilities/SoundUtilities.uplugin" 392
"../../../Engine/Plugins/Runtime/Soundscape/Soundscape.uplugin" 393
"../../../Engine/Plugins/Runtime/ResonanceAudio/ResonanceAudio.uplugin" 394
"../../../Engine/Plugins/Runtime/StateTree/StateTree.uplugin" 395
"../../../Engine/Plugins/Runtime/NetworkPredictionExtras/NetworkPredictionExtras.uplugin" 396
"../../../Engine/Plugins/Runtime/SmartObjects/SmartObjects.uplugin" 397
"../../../Engine/Plugins/Runtime/Spatialization/Spatialization.uplugin" 398
"../../../Engine/Plugins/Runtime/SunPosition/SunPosition.uplugin" 399
"../../../Engine/Plugins/Runtime/RenderTrace/RenderTrace.uplugin" 400
"../../../Engine/Plugins/Runtime/WebBrowserNativeProxy/WebBrowserNativeProxy.uplugin" 401
"../../../Engine/Plugins/Runtime/ReplicationSystemTestPlugin/ReplicationSystemTestPlugin.uplugin" 402
"../../../Engine/Plugins/Runtime/WebBrowserWidget/WebBrowserWidget.uplugin" 403
"../../../Engine/Plugins/Runtime/XRBase/XRBase.uplugin" 404
"../../../Engine/Plugins/Runtime/ZoneGraphAnnotations/ZoneGraphAnnotations.uplugin" 405
"../../../Engine/Plugins/Web/HttpBlueprint/HttpBlueprint.uplugin" 406
"../../../Engine/Plugins/Runtime/NetworkPrediction/NetworkPrediction.uplugin" 407
"../../../Engine/Plugins/Media/AjaMedia/AjaMedia.uplugin" 408
"../../../Engine/Plugins/Media/AppleProResDecoderElectra/AppleProResDecoderElectra.uplugin" 409
"../../../Engine/Plugins/Runtime/SoundMod/SoundMod.uplugin" 410
"../../../Engine/Plugins/Media/AndroidMedia/AndroidMedia.uplugin" 411
"../../../Engine/Plugins/Media/AvfMedia/AvfMedia.uplugin" 412
"../../../Engine/Plugins/Media/AvidDNxHDDecoderElectra/AvidDNxHDDecoderElectra.uplugin" 413
"../../../Engine/Plugins/Runtime/OpenXRViveTracker/OpenXRViveTracker.uplugin" 414
"../../../Engine/Plugins/Media/AvidDNxMedia/AvidDNxMedia.uplugin" 415
"../../../Engine/Plugins/Runtime/OSCModulationMixing/OSCModulationMixing.uplugin" 416
"../../../Engine/Plugins/Media/BlackmagicMedia/BlackmagicMedia.uplugin" 417
"../../../Engine/Plugins/Media/BinkMedia/BinkMedia.uplugin" 418
"../../../Engine/Plugins/Runtime/ArchVisCharacter/ArchVisCharacter.uplugin" 419
"../../../Engine/Plugins/Media/ElectraCDM/ElectraCDM.uplugin" 420
"../../../Engine/Plugins/Media/ElectraCodecs/ElectraCodecs.uplugin" 421
"../../../Engine/Plugins/Runtime/LocationServicesBPLibrary/LocationServicesBPLibrary.uplugin" 422
"../../../Engine/Plugins/Runtime/MeshModelingToolset/MeshModelingToolset.uplugin" 423
"../../../Engine/Plugins/Media/ElectraUtil/ElectraUtil.uplugin" 424
"../../../Engine/Plugins/Runtime/WarpUtils/WarpUtils.uplugin" 425
"../../../Engine/Plugins/Media/ElectraSubtitles/ElectraSubtitles.uplugin" 426
"../../../Engine/Plugins/Runtime/Synthesis/Synthesis.uplugin" 427
"../../../Engine/Plugins/Media/HardwareEncoders/HardwareEncoders.uplugin" 428
"../../../Engine/Plugins/Media/ImgMedia/ImgMedia.uplugin" 429
"../../../Engine/Plugins/Runtime/GooglePAD/GooglePAD.uplugin" 430
"../../../Engine/Plugins/Media/MediaCompositing/MediaCompositing.uplugin" 431
"../../../Engine/Plugins/Media/LinearTimecode/LinearTimecode.uplugin" 432
"../../../Engine/Plugins/Media/MediaIOFramework/MediaIOFramework.uplugin" 433
"../../../Engine/Plugins/Runtime/SignificanceManager/SignificanceManager.uplugin" 434
"../../../Engine/Plugins/Media/MediaMovieStreamer/MediaMovieStreamer.uplugin" 435
"../../../Engine/Plugins/Runtime/WebMMoviePlayer/WebMMoviePlayer.uplugin" 436
"../../../Engine/Plugins/Media/MediaPlayerEditor/MediaPlayerEditor.uplugin" 437
"../../../Engine/Plugins/Runtime/WindowsDeviceProfileSelector/WindowsDeviceProfileSelector.uplugin" 438
"../../../Engine/Plugins/Media/OpusDecoderElectra/OpusDecoderElectra.uplugin" 439
"../../../Engine/Plugins/Runtime/ZoneGraph/ZoneGraph.uplugin" 440
"../../../Engine/Plugins/Media/MediaPlate/MediaPlate.uplugin" 441
"../../../Engine/Plugins/Media/PixelStreaming/PixelStreaming.uplugin" 442
"../../../Engine/Plugins/Media/TimecodeSynchronizer/TimecodeSynchronizer.uplugin" 443
"../../../Engine/Plugins/Media/WmfMedia/WmfMedia.uplugin" 444
"../../../Engine/Plugins/Media/WebMMedia/WebMMedia.uplugin" 445
"../../../Engine/Plugins/Importers/AlembicImporter/AlembicImporter.uplugin" 446
"../../../Engine/Plugins/Marketplace/ModuleGeneration/ModuleGeneration.uplugin" 447
"../../../Engine/Plugins/Marketplace/EasyFileDialog/EasyFileDialog.uplugin" 448
"../../../Engine/Plugins/Media/AudioCaptureTimecodeProvider/AudioCaptureTimecodeProvider.uplugin" 449
"../../../Engine/Plugins/Marketplace/VisualStudioTools/VisualStudioTools.uplugin" 450
"../../../Engine/Plugins/MovieScene/LevelSequenceEditor/LevelSequenceEditor.uplugin" 451
"../../../Engine/Plugins/MovieScene/CustomizableSequencerTracks/CustomizableSequencerTracks.uplugin" 452
"../../../Engine/Plugins/Media/ElectraPlayer/ElectraPlayer.uplugin" 453
"../../../Engine/Plugins/Runtime/WaveTable/WaveTable.uplugin" 454
"../../../Engine/Plugins/MovieScene/MoviePipelineMaskRenderPass/MoviePipelineMaskRenderPass.uplugin" 455
"../../../Engine/Plugins/Media/HAPMedia/HAPMedia.uplugin" 456
"../../../Engine/Plugins/MovieScene/SequencerScripting/SequencerScripting.uplugin" 457
"../../../Engine/Plugins/Media/HAPDecoderElectra/HAPDecoderElectra.uplugin" 458
"../../../Engine/Plugins/Runtime/AR/AzureSpatialAnchors/AzureSpatialAnchors.uplugin" 459
"../../../Engine/Plugins/Runtime/AR/ARUtilities/ARUtilities.uplugin" 460
"../../../Engine/Plugins/Runtime/WindowsMoviePlayer/WindowsMoviePlayer.uplugin" 461
"../../../Engine/Plugins/Runtime/Windows/WinDualShock/WinDualShock.uplugin" 462
"../../../Engine/Plugins/MovieScene/ReplayTracks/ReplayTracks.uplugin" 463
"../../../Engine/Plugins/Experimental/Enterprise/DatasmithInterchange/DatasmithInterchange.uplugin" 464
"../../../Engine/Plugins/Experimental/Enterprise/DatasmithRuntime/DatasmithRuntime.uplugin" 465
"../../../Engine/Plugins/MovieScene/MovieSceneTextTrack/MovieSceneTextTrack.uplugin" 466
"../../../Engine/Plugins/MovieScene/TemplateSequence/TemplateSequence.uplugin" 467
"../../../Engine/Plugins/Runtime/WorldConditions/WorldConditions.uplugin" 468
"../../../Engine/Plugins/Runtime/XR/XRScribe/XRScribe.uplugin" 469
"../../../Engine/Plugins/VirtualProduction/Rivermax/RivermaxMedia/RivermaxMedia.uplugin" 470
"../../../Engine/Plugins/Media/MediaFrameworkUtilities/MediaFrameworkUtilities.uplugin" 471
"../../../Engine/Plugins/Runtime/XR/XRVisualization/XRVisualization.uplugin" 472
"../../../Engine/Plugins/VirtualProduction/Rivermax/RivermaxCore/RivermaxCore.uplugin" 473
"../../../Engine/Plugins/VirtualProduction/Rivermax/RivermaxSync/RivermaxSync.uplugin" 474
"../../../Engine/Plugins/Online/VoiceChat/VoiceChat/VoiceChat.uplugin" 475
"../../../Engine/Plugins/Experimental/Enterprise/DataprepGeometryOperations/DataprepGeometryOperations.uplugin" 476
"../../../Engine/Plugins/Online/Android/AndroidFetchBackgroundDownload/AndroidFetchBackgroundDownload.uplugin" 477
"../../../Engine/Plugins/Experimental/Animation/ContextualAnimation/ContextualAnimation.uplugin" 478
"../../../Engine/Plugins/Media/MfMedia/MfMedia.uplugin" 479
"../../../Engine/Plugins/Experimental/Animation/MotionTrajectory/MotionTrajectory.uplugin" 480
"../../../Engine/Plugins/Media/PixelCapture/PixelCapture.uplugin" 481
"../../../Engine/Plugins/Media/AndroidCamera/AndroidCamera.uplugin" 482
"../../../Engine/Plugins/Experimental/Animation/Optimus/Optimus.uplugin" 483
"../../../Engine/Plugins/Experimental/Animation/PoseSearch/PoseSearch.uplugin" 484
"../../../Engine/Plugins/Runtime/OptionalMobileFeaturesBPLibrary/OptionalMobileFeaturesBPLibrary.uplugin" 485
"../../../Engine/Plugins/VirtualProduction/DMX/DMXControlConsole/DMXControlConsole.uplugin" 486
"../../../Engine/Plugins/VirtualProduction/DMX/DMXDisplayCluster/DMXDisplayCluster.uplugin" 487
"../../../Engine/Plugins/Editor/ContentBrowser/ContentBrowserFileDataSource/ContentBrowserFileDataSource.uplugin" 488
"../../../Engine/Plugins/Developer/Concert/ConcertMain/ConcertMain.uplugin" 489
"../../../Engine/Plugins/Media/VPxDecoderElectra/VPxDecoderElectra.uplugin" 490
"../../../Engine/Plugins/Editor/ContentBrowser/ContentBrowserClassDataSource/ContentBrowserClassDataSource.uplugin" 491
"../../../Engine/Plugins/Editor/Localization/PortableObjectFileDataSource/PortableObjectFileDataSource.uplugin" 492
"../../../Engine/Plugins/Media/AppleProResMedia/AppleProResMedia.uplugin" 493
"../../../Engine/Plugins/VirtualProduction/DMX/DatasmithMVR/DatasmithMVR.uplugin" 494
"../../../Engine/Plugins/Online/IOS/OnlineSubsystemIOS/OnlineSubsystemIOS.uplugin" 495
"../../../Engine/Plugins/VirtualProduction/DMX/DMXFixtures/DMXFixtures.uplugin" 496
"../../../Engine/Plugins/MovieScene/MovieRenderPipeline/MovieRenderPipeline.uplugin" 497
"../../../Engine/Plugins/Editor/ContentBrowser/ContentBrowserAliasDataSoure/ContentBrowserAliasDataSource.uplugin" 498
"../../../Engine/Plugins/Runtime/AudioModulation/AudioModulation.uplugin" 499
"../../../Engine/Plugins/Runtime/AR/AzureSpatialAnchorsForARKit/AzureSpatialAnchorsForARKit.uplugin" 500
"../../../Engine/Plugins/Experimental/AR/PointCloud/PointCloud.uplugin" 501
"../../../Engine/Plugins/Editor/ContentBrowser/ContentBrowserAssetDataSource/ContentBrowserAssetDataSource.uplugin" 502
"../../../Engine/Plugins/MovieScene/ActorSequence/ActorSequence.uplugin" 503
"../../../Engine/Plugins/Experimental/Web/WebAPI/WebAPI.uplugin" 504
"../../../Engine/Plugins/Runtime/AR/AzureSpatialAnchorsForARCore/AzureSpatialAnchorsForARCore.uplugin" 505
"../../../Engine/Plugins/Online/Android/OnlineSubsystemGooglePlay/OnlineSubsystemGooglePlay.uplugin" 506
"../../../Engine/Plugins/Experimental/VirtualProduction/VPRoles/VPRoles.uplugin" 507
"../../../Engine/Plugins/Runtime/Analytics/FileLogging/FileLogging.uplugin" 508
"../../../Engine/Plugins/Runtime/MeshReconstruction/DummyMeshReconstructor/DummyMeshReconstructor.uplugin" 509
"../../../Engine/Plugins/Experimental/VirtualProduction/VPSettings/VPSettings.uplugin" 510
"../../../Engine/Plugins/Experimental/Animation/SkeletalMeshModelingTools/SkeletalMeshModelingTools.uplugin" 511
"../../../Engine/Plugins/Online/VoiceChat/EOSVoiceChat/EOSVoiceChat.uplugin" 512
"../../../Engine/Plugins/Runtime/Nvidia/Reflex/Reflex.uplugin" 513
"../../../Engine/Plugins/VirtualProduction/DMX/DMXProtocol/DMXProtocol.uplugin" 514
"../../../Engine/Plugins/VirtualProduction/DMX/DMXPixelMapping/DMXPixelMapping.uplugin" 515
"../../../Engine/Plugins/Runtime/Analytics/AnalyticsMulticast/AnalyticsMulticast.uplugin" 516
"../../../Engine/Plugins/Runtime/Advertising/IOSTapJoy/IOSTapJoy.uplugin" 517
"../../../Engine/Plugins/Runtime/Oculus/OculusAudio/OculusAudio.uplugin" 518
"../../../Engine/Plugins/Runtime/Analytics/Flurry/Flurry.uplugin" 519
"../../../Engine/Plugins/Runtime/Database/DatabaseSupport/DatabaseSupport.uplugin" 520
"../../../Engine/Plugins/Runtime/Database/SQLiteSupport/SQLiteSupport.uplugin" 521
"../../../Engine/Plugins/Animation/MLDeformer/MLDeformerFramework/MLDeformerFramework.uplugin" 522
"../../../Engine/Plugins/Runtime/Database/RemoteDatabaseSupport/RemoteDatabaseSupport.uplugin" 523
"../../../Engine/Plugins/Experimental/AVCodecs/AMFCodecs/AMFCodecs.uplugin" 524
"../../../Engine/Plugins/Experimental/AVCodecs/NVCodecs/NVCodecs.uplugin" 525
"../../../Engine/Plugins/Runtime/Steam/SteamAudio/SteamAudio.uplugin" 526
"../../../Engine/Plugins/Experimental/AVCodecs/AVCodecsCore/AVCodecsCore.uplugin" 527
"../../../Engine/Plugins/Runtime/Steam/SteamSockets/SteamSockets.uplugin" 528
"../../../Engine/Plugins/Runtime/PacketHandlers/AESGCMHandlerComponent/AESGCMHandlerComponent.uplugin" 529
"../../../Engine/Plugins/Experimental/CharacterFXEditor/BaseCharacterFXEditor/BaseCharacterFXEditor.uplugin" 530
"../../../Engine/Plugins/Animation/MLDeformer/VertexDeltaModel/VertexDeltaModel.uplugin" 531
"../../../Engine/Plugins/Experimental/CharacterFXEditor/ExampleCharacterFXEditor/ExampleCharacterFXEditor.uplugin" 532
"../../../Engine/Plugins/Runtime/Analytics/Adjust/Adjust.uplugin" 533
"../../../Engine/Plugins/Runtime/AR/AppleAR/AppleARKitFaceSupport/AppleARKitFaceSupport.uplugin" 534
"../../../Engine/Plugins/Experimental/Animation/CurveExpression/CurveExpression.uplugin" 535
"../../../Engine/Plugins/Editor/ObjectMixer/LightMixer/LightMixer.uplugin" 536
"../../../Engine/Plugins/Developer/Concert/ConcertApp/MultiUserServer/MultiUserServer.uplugin" 537
"../../../Engine/Plugins/Editor/ObjectMixer/ObjectMixer/ObjectMixer.uplugin" 538
"../../../Engine/Plugins/Developer/Concert/ConcertApp/MultiUserClient/MultiUserClient.uplugin" 539
"../../../Engine/Plugins/Developer/Concert/ConcertSync/ConcertSyncTest/ConcertSyncTest.uplugin" 540
"../../../Engine/Plugins/Developer/Concert/ConcertUI/ConcertClientSharedSlate/ConcertClientSharedSlate.uplugin" 541
"../../../Engine/Plugins/Runtime/Analytics/AnalyticsBlueprintLibrary/AnalyticsBlueprintLibrary.uplugin" 542
"../../../Engine/Plugins/Developer/Concert/ConcertSync/ConcertSyncClient/ConcertSyncClient.uplugin" 543
"../../../Engine/Plugins/Developer/Concert/ConcertSync/ConcertSyncServer/ConcertSyncServer.uplugin" 544
"../../../Engine/Plugins/VirtualProduction/DMX/DMXModularFeatures/DMXModularFeatures.uplugin" 545
"../../../Engine/Plugins/Runtime/AR/Google/GoogleARCoreServices/GoogleARCoreServices.uplugin" 546
"../../../Engine/Plugins/Developer/Concert/ConcertApp/DisasterRecoveryClient/DisasterRecoveryClient.uplugin" 547
"../../../Engine/Plugins/Runtime/Database/ADOSupport/ADOSupport.uplugin" 548
"../../../Engine/Plugins/VirtualProduction/DMX/DMXEngine/DMXEngine.uplugin" 549
"../../../Engine/Plugins/Animation/MLDeformer/ChaosClothGenerator/ChaosClothGenerator.uplugin" 550
"../../../Engine/Plugins/Runtime/Steam/SteamController/SteamController.uplugin" 551
"../../../Engine/Plugins/Animation/MLDeformer/NeuralMorphModel/NeuralMorphModel.uplugin" 552
"../../../Engine/Plugins/Animation/MLDeformer/NearestNeighborModel/NearestNeighborModel.uplugin" 553
"../../../Engine/Plugins/Runtime/Database/SQLiteCore/SQLiteCore.uplugin" 554
"../../../Engine/Plugins/Runtime/Steam/SteamShared/SteamShared.uplugin" 555
"../../../Engine/Plugins/Runtime/PacketHandlers/AESHandlerComponent/AESHandlerComponent.uplugin" 556
"../../../Engine/Plugins/Runtime/PacketHandlers/DTLSHandlerComponent/DTLSHandlerComponent.uplugin" 557
"../../../Engine/Plugins/Runtime/AR/AppleAR/AppleARKit/AppleARKit.uplugin" 558
"../../../Engine/Plugins/Runtime/AR/Google/GoogleARCore/GoogleARCore.uplugin" 559
"../../../Engine/Plugins/Experimental/AVCodecs/WMFCodecs/WMFCodecs.uplugin" 560
"../../../Engine/Plugins/Developer/Concert/ConcertSync/ConcertSyncCore/ConcertSyncCore.uplugin" 561
"../../../Engine/Plugins/Experimental/VirtualProduction/LedWallCalibration/LedWallCalibration.uplugin" 562
"../../../Engine/Plugins/Developer/Concert/ConcertUI/ConcertSharedSlate/ConcertSharedSlate.uplugin" 563
"../../../Engine/Plugins/Runtime/Nvidia/GeForceNOWWrapper/GeForceNOWWrapper.uplugin" 564
"D:/graphic/arcgisTest/arcgis/Plugins/RuntimeMeshLoader-main/RuntimeMeshLoader.uplugin" 565
"D:/graphic/arcgisTest/arcgis/Plugins/UE_CaptureSubsystem/CaptureSubsystem.uplugin" 566
"D:/graphic/arcgisTest/arcgis/Plugins/ArcGISMapsSDK/ArcGISMapsSDK.uplugin" 567
"D:/graphic/arcgisTest/arcgis/Plugins/CustomOctreePlugin/CustomOctreePlugin.uplugin" 568
"../../../Engine/Content/Internationalization/icudt64l/cnvalias.icu" 569
"../../../Engine/Content/Internationalization/icudt64l/res_index.res" 570
"../../../Engine/Content/Internationalization/icudt64l/plurals.res" 571
"../../../Engine/Content/Internationalization/icudt64l/lang/zh_TW.res" 572
"../../../Engine/Content/Internationalization/icudt64l/lang/pool.res" 573
"../../../Engine/Content/Internationalization/icudt64l/lang/zh_Hant_TW.res" 574
"../../../Engine/Content/Internationalization/icudt64l/lang/zh_Hant.res" 575
"../../../Engine/Content/Internationalization/icudt64l/lang/root.res" 576
"../../../Engine/Content/Internationalization/icudt64l/region/zh_TW.res" 577
"../../../Engine/Content/Internationalization/icudt64l/region/pool.res" 578
"../../../Engine/Content/Internationalization/icudt64l/region/zh_Hant_TW.res" 579
"../../../Engine/Content/Internationalization/icudt64l/region/zh_Hant.res" 580
"../../../Engine/Content/Internationalization/icudt64l/region/root.res" 581
"../../../Engine/Content/Internationalization/icudt64l/lang/en.res" 582
"../../../Engine/Content/Internationalization/icudt64l/region/en.res" 583
"../../../Engine/Content/Internationalization/icudt64l/windowsZones.res" 584
"../../../Engine/Content/Internationalization/icudt64l/zoneinfo64.res" 585
"../../../Engine/Content/Internationalization/icudt64l/keyTypeData.res" 586
"../../../Engine/Content/Internationalization/icudt64l/timezoneTypes.res" 587
"../../../Engine/Content/Internationalization/icudt64l/likelySubtags.res" 588
"../../../Engine/Content/Internationalization/icudt64l/zh_TW.res" 589
"../../../Engine/Content/Internationalization/icudt64l/pool.res" 590
"../../../Engine/Content/Internationalization/icudt64l/zh_Hant_TW.res" 591
"../../../Engine/Content/Internationalization/icudt64l/zh_Hant.res" 592
"../../../Engine/Content/Internationalization/icudt64l/root.res" 593
"../../../Engine/Content/Internationalization/icudt64l/supplementalData.res" 594
"../../../Engine/Config/ConfigRedirects.ini" 595
"C:/Users/User/AppData/Local/UnrealEngine/5.3/Saved/Config/WindowsEditor/Manifest.ini" 596
"../../../Engine/Config/Base.ini" 597
"../../../Engine/Config/BaseEngine.ini" 598
"../../../Engine/Config/Windows/BaseWindowsEngine.ini" 599
"../../../../../graphic/arcgisTest/arcgis/Config/DefaultEngine.ini" 600
"../../../Engine/Config/Windows/WindowsEngine.ini" 601
"D:/graphic/arcgisTest/arcgis/Saved/Config/WindowsEditor/Engine.ini" 602
"../../../Engine/Config/BaseGame.ini" 603
"../../../../../graphic/arcgisTest/arcgis/Config/DefaultGame.ini" 604
"../../../Engine/Config/Windows/WindowsGame.ini" 605
"D:/graphic/arcgisTest/arcgis/Saved/Config/WindowsEditor/Game.ini" 606
"../../../Engine/Config/BaseInput.ini" 607
"../../../../../graphic/arcgisTest/arcgis/Config/DefaultInput.ini" 608
"../../../Engine/Config/Windows/WindowsInput.ini" 609
"D:/graphic/arcgisTest/arcgis/Saved/Config/WindowsEditor/Input.ini" 610
"../../../Engine/Config/BaseDeviceProfiles.ini" 611
"D:/graphic/arcgisTest/arcgis/Saved/Config/WindowsEditor/DeviceProfiles.ini" 612
"../../../Engine/Config/BaseGameUserSettings.ini" 613
"D:/graphic/arcgisTest/arcgis/Saved/Config/WindowsEditor/GameUserSettings.ini" 614
"../../../Engine/Config/BaseScalability.ini" 615
"D:/graphic/arcgisTest/arcgis/Saved/Config/WindowsEditor/Scalability.ini" 616
"../../../Engine/Config/BaseRuntimeOptions.ini" 617
"D:/graphic/arcgisTest/arcgis/Saved/Config/WindowsEditor/RuntimeOptions.ini" 618
"../../../Engine/Config/BaseInstallBundle.ini" 619
"D:/graphic/arcgisTest/arcgis/Saved/Config/WindowsEditor/InstallBundle.ini" 620
"../../../Engine/Config/BaseHardware.ini" 621
"D:/graphic/arcgisTest/arcgis/Saved/Config/WindowsEditor/Hardware.ini" 622
"../../../Engine/Config/BaseCompat.ini" 623
"D:/graphic/arcgisTest/arcgis/Saved/Config/WindowsEditor/Compat.ini" 624
"../../../Engine/Config/BaseLightmass.ini" 625
"D:/graphic/arcgisTest/arcgis/Saved/Config/WindowsEditor/Lightmass.ini" 626
"../../../Engine/Config/BaseEditor.ini" 627
"../../../../../graphic/arcgisTest/arcgis/Config/DefaultEditor.ini" 628
"D:/graphic/arcgisTest/arcgis/Saved/Config/WindowsEditor/Editor.ini" 629
"../../../Engine/Config/BaseEditorPerProjectUserSettings.ini" 630
"../../../Engine/Config/Windows/WindowsEditorPerProjectUserSettings.ini" 631
"D:/graphic/arcgisTest/arcgis/Saved/Config/WindowsEditor/EditorPerProjectUserSettings.ini" 632
"../../../Engine/Config/BaseEditorSettings.ini" 633
"C:/Users/User/AppData/Local/UnrealEngine/5.3/Saved/Config/WindowsEditor/EditorSettings.ini" 634
"../../../Engine/Config/BaseEditorKeyBindings.ini" 635
"C:/Users/User/AppData/Local/UnrealEngine/5.3/Saved/Config/WindowsEditor/EditorKeyBindings.ini" 636
"C:/Users/User/AppData/Local/UnrealEngine/5.3/Saved/Config/WindowsEditor/EditorLayout.ini" 637
"../../../Engine/Config/Mac/BaseMacEngine.ini" 638
"../../../Engine/Config/Android/BaseAndroidEngine.ini" 639
"../../../Engine/Config/IOS/BaseIOSEngine.ini" 640
"../../../Engine/Config/LinuxArm64/BaseLinuxArm64Engine.ini" 641
"../../../Engine/Config/Linux/BaseLinuxEngine.ini" 642
"../../../Engine/Config/Mac/MacEngine.ini" 643
"../../../Engine/Config/Android/AndroidEngine.ini" 644
"../../../Engine/Config/Unix/UnixEngine.ini" 645
"../../../Engine/Config/IOS/IOSEngine.ini" 646
"../../../Engine/Config/TVOS/TVOSEngine.ini" 647
"../../../Engine/Config/Linux/LinuxEngine.ini" 648
"../../../Engine/Config/LinuxArm64/LinuxArm64Engine.ini" 649
"../../../Engine/Config/Android/BaseAndroidGame.ini" 650
"../../../Engine/Config/Mac/MacGame.ini" 651
"../../../Engine/Config/IOS/BaseIOSGame.ini" 652
"../../../Engine/Config/IOS/IOSGame.ini" 653
"../../../Engine/Config/Linux/LinuxGame.ini" 654
"../../../../../graphic/arcgisTest/arcgis/Binaries/Win64/arcgisTest.target" 655
"../../../../../graphic/arcgisTest/arcgis/Binaries/Win64/arcgisTestEditor.target" 656
"../../../Engine/Config/Android/AndroidScalability.ini" 657
"../../../Engine/Config/IOS/IOSScalability.ini" 658
"../../../Engine/Config/Android/BaseAndroidInstallBundle.ini" 659
"../../../Engine/Plugins/Bridge/Config/BaseBridge.ini" 660
"D:/graphic/arcgisTest/arcgis/Saved/Config/WindowsEditor/Bridge.ini" 661
"../../../Engine/Plugins/EnhancedInput/Config/BaseEnhancedInput.ini" 662
"D:/graphic/arcgisTest/arcgis/Saved/Config/WindowsEditor/EnhancedInput.ini" 663
"../../../Engine/Plugins/EnhancedInput/Config/Input.ini" 664
"../../../Engine/Plugins/TraceUtilities/Config/BaseTraceUtilities.ini" 665
"D:/graphic/arcgisTest/arcgis/Saved/Config/WindowsEditor/TraceUtilities.ini" 666
"../../../Engine/Plugins/2D/Paper2D/Config/BasePaper2D.ini" 667
"D:/graphic/arcgisTest/arcgis/Saved/Config/WindowsEditor/Paper2D.ini" 668
"../../../Engine/Plugins/Animation/ControlRig/Config/BaseControlRig.ini" 669
"D:/graphic/arcgisTest/arcgis/Saved/Config/WindowsEditor/ControlRig.ini" 670
"../../../Engine/Plugins/Animation/IKRig/Config/BaseIKRig.ini" 671
"D:/graphic/arcgisTest/arcgis/Saved/Config/WindowsEditor/IKRig.ini" 672
"../../../Engine/Plugins/Enterprise/DatasmithContent/Config/BaseDatasmithContent.ini" 673
"D:/graphic/arcgisTest/arcgis/Saved/Config/WindowsEditor/DatasmithContent.ini" 674
"../../../Engine/Plugins/Enterprise/GLTFExporter/Config/BaseGLTFExporter.ini" 675
"../../../Engine/Plugins/Enterprise/GLTFExporter/Config/DefaultGLTFExporter.ini" 676
"D:/graphic/arcgisTest/arcgis/Saved/Config/WindowsEditor/GLTFExporter.ini" 677
"../../../Engine/Plugins/Enterprise/VariantManagerContent/Config/BaseVariantManagerContent.ini" 678
"D:/graphic/arcgisTest/arcgis/Saved/Config/WindowsEditor/VariantManagerContent.ini" 679
"../../../Engine/Plugins/Interchange/Runtime/Config/BaseInterchange.ini" 680
"D:/graphic/arcgisTest/arcgis/Saved/Config/WindowsEditor/Interchange.ini" 681
"../../../Engine/Plugins/Experimental/FullBodyIK/Config/BaseFullBodyIK.ini" 682
"D:/graphic/arcgisTest/arcgis/Saved/Config/WindowsEditor/FullBodyIK.ini" 683
"../../../Engine/Plugins/Experimental/StructUtils/Config/BaseStructUtils.ini" 684
"D:/graphic/arcgisTest/arcgis/Saved/Config/WindowsEditor/StructUtils.ini" 685
"../../../Engine/Plugins/Experimental/ToolPresets/Config/BaseToolPresets.ini" 686
"D:/graphic/arcgisTest/arcgis/Saved/Config/WindowsEditor/ToolPresets.ini" 687
"../../../Engine/Plugins/Developer/TraceDataFiltering/Config/BaseTraceDataFilters.ini" 688
"D:/graphic/arcgisTest/arcgis/Saved/Config/WindowsEditor/TraceDataFilters.ini" 689
"../../../Engine/Plugins/FX/Niagara/Config/BaseNiagara.ini" 690
"D:/graphic/arcgisTest/arcgis/Saved/Config/WindowsEditor/Niagara.ini" 691
"../../../Engine/Plugins/Editor/EditorScriptingUtilities/Config/BaseEditorScriptingUtilities.ini" 692
"D:/graphic/arcgisTest/arcgis/Saved/Config/WindowsEditor/EditorScriptingUtilities.ini" 693
"../../../Engine/Plugins/Runtime/InputDebugging/Config/Input.ini" 694
"../../../Engine/Plugins/Runtime/Metasound/Config/BaseMetasound.ini" 695
"D:/graphic/arcgisTest/arcgis/Saved/Config/WindowsEditor/Metasound.ini" 696
"../../../Engine/Plugins/Runtime/Synthesis/Config/BaseSynthesis.ini" 697
"D:/graphic/arcgisTest/arcgis/Saved/Config/WindowsEditor/Synthesis.ini" 698
"../../../Engine/Plugins/Editor/ModelingToolsEditorMode/Binaries/Win64/UnrealEditor.modules" 699
"../../../Engine/Plugins/Runtime/MeshModelingToolset/Binaries/Win64/UnrealEditor.modules" 700
"../../../Engine/Plugins/Experimental/MeshModelingToolsetExp/Binaries/Win64/UnrealEditor.modules" 701
"../../../Engine/Plugins/Experimental/MeshLODToolset/Binaries/Win64/UnrealEditor.modules" 702
"../../../Engine/Plugins/Experimental/ToolPresets/Binaries/Win64/UnrealEditor.modules" 703
"../../../Engine/Plugins/Runtime/GeometryProcessing/Binaries/Win64/UnrealEditor.modules" 704
"../../../Engine/Plugins/Experimental/ProxyLODPlugin/Binaries/Win64/UnrealEditor.modules" 705
"../../../Engine/Plugins/Experimental/GeometryFlow/Binaries/Win64/UnrealEditor.modules" 706
"../../../Engine/Plugins/Editor/EditorScriptingUtilities/Binaries/Win64/UnrealEditor.modules" 707
"../../../Engine/Plugins/Marketplace/VisualStudioTools/Binaries/Win64/UnrealEditor.modules" 708
"../../../Engine/Plugins/Runtime/GeoReferencing/Binaries/Win64/UnrealEditor.modules" 709
"../../../Engine/Plugins/Online/WebAuth/Binaries/Win64/UnrealEditor.modules" 710
"../../../Engine/Plugins/Runtime/Database/SQLiteCore/Binaries/Win64/UnrealEditor.modules" 711
"../../../Engine/Plugins/Marketplace/EasyFileDialog/Binaries/Win64/UnrealEditor.modules" 712
"../../../Engine/Plugins/MeshPainting/Binaries/Win64/UnrealEditor.modules" 713
"../../../Engine/Plugins/Interchange/Editor/Binaries/Win64/UnrealEditor.modules" 714
"../../../Engine/Plugins/Interchange/Runtime/Binaries/Win64/UnrealEditor.modules" 715
"../../../Engine/Plugins/Enterprise/VariantManagerContent/Binaries/Win64/UnrealEditor.modules" 716
"../../../Engine/Plugins/Enterprise/VariantManager/Binaries/Win64/UnrealEditor.modules" 717
"../../../Engine/Plugins/Bridge/Binaries/Win64/UnrealEditor.modules" 718
"../../../Engine/Plugins/FastBuildController/Binaries/Win64/UnrealEditor.modules" 719
"../../../Engine/Plugins/EnhancedInput/Binaries/Win64/UnrealEditor.modules" 720
"../../../Engine/Plugins/XGEController/Binaries/Win64/UnrealEditor.modules" 721
"../../../Engine/Plugins/TraceUtilities/Binaries/Win64/UnrealEditor.modules" 722
"../../../Engine/Plugins/Animation/AnimationData/Binaries/Win64/UnrealEditor.modules" 723
"../../../Engine/Plugins/Animation/ControlRig/Binaries/Win64/UnrealEditor.modules" 724
"../../../Engine/Plugins/Runtime/RigVM/Binaries/Win64/UnrealEditor.modules" 725
"../../../Engine/Plugins/Experimental/PythonScriptPlugin/Binaries/Win64/UnrealEditor.modules" 726
"../../../Engine/Plugins/MovieScene/LevelSequenceEditor/Binaries/Win64/UnrealEditor.modules" 727
"../../../Engine/Plugins/Runtime/PropertyAccess/Binaries/Win64/UnrealEditor.modules" 728
"../../../Engine/Plugins/MovieScene/SequencerScripting/Binaries/Win64/UnrealEditor.modules" 729
"../../../Engine/Plugins/Editor/ContentBrowser/ContentBrowserFileDataSource/Binaries/Win64/UnrealEditor.modules" 730
"../../../Engine/Plugins/2D/Paper2D/Binaries/Win64/UnrealEditor.modules" 731
"../../../Engine/Plugins/Animation/ACLPlugin/Binaries/Win64/UnrealEditor.modules" 732
"../../../Engine/Plugins/Animation/AnimationModifierLibrary/Binaries/Win64/UnrealEditor.modules" 733
"../../../Engine/Plugins/Animation/BlendSpaceMotionAnalysis/Binaries/Win64/UnrealEditor.modules" 734
"../../../Engine/Plugins/Animation/IKRig/Binaries/Win64/UnrealEditor.modules" 735
"../../../Engine/Plugins/Experimental/FullBodyIK/Binaries/Win64/UnrealEditor.modules" 736
"../../../Engine/Plugins/Animation/ControlRigSpline/Binaries/Win64/UnrealEditor.modules" 737
"../../../Engine/Plugins/AI/AISupport/Binaries/Win64/UnrealEditor.modules" 738
"../../../Engine/Plugins/AI/EnvironmentQueryEditor/Binaries/Win64/UnrealEditor.modules" 739
"../../../Engine/Plugins/Compression/OodleNetwork/Binaries/Win64/UnrealEditor.modules" 740
"../../../Engine/Plugins/Portal/LauncherChunkInstaller/Binaries/Win64/UnrealEditor.modules" 741
"../../../Engine/Plugins/Tests/InterchangeTests/Binaries/Win64/UnrealEditor.modules" 742
"../../../Engine/Plugins/Enterprise/DatasmithContent/Binaries/Win64/UnrealEditor.modules" 743
"../../../Engine/Plugins/Enterprise/GLTFExporter/Binaries/Win64/UnrealEditor.modules" 744
"../../../Engine/Plugins/Cameras/CameraShakePreviewer/Binaries/Win64/UnrealEditor.modules" 745
"../../../Engine/Plugins/Cameras/GameplayCameras/Binaries/Win64/UnrealEditor.modules" 746
"../../../Engine/Plugins/MovieScene/TemplateSequence/Binaries/Win64/UnrealEditor.modules" 747
"../../../Engine/Plugins/Messaging/UdpMessaging/Binaries/Win64/UnrealEditor.modules" 748
"../../../Engine/Plugins/Messaging/TcpMessaging/Binaries/Win64/UnrealEditor.modules" 749
"../../../Engine/Plugins/Experimental/AutomationUtils/Binaries/Win64/UnrealEditor.modules" 750
"../../../Engine/Plugins/Experimental/BackChannel/Binaries/Win64/UnrealEditor.modules" 751
"../../../Engine/Plugins/Experimental/ChaosCloth/Binaries/Win64/UnrealEditor.modules" 752
"../../../Engine/Plugins/Experimental/ChaosCaching/Binaries/Win64/UnrealEditor.modules" 753
"../../../Engine/Plugins/VirtualProduction/Takes/Binaries/Win64/UnrealEditor.modules" 754
"../../../Engine/Plugins/Runtime/AudioCapture/Binaries/Win64/UnrealEditor.modules" 755
"../../../Engine/Plugins/Experimental/ChaosEditor/Binaries/Win64/UnrealEditor.modules" 756
"../../../Engine/Plugins/Experimental/PlanarCutPlugin/Binaries/Win64/UnrealEditor.modules" 757
"../../../Engine/Plugins/Experimental/GeometryCollectionPlugin/Binaries/Win64/UnrealEditor.modules" 758
"../../../Engine/Plugins/Experimental/Fracture/Binaries/Win64/UnrealEditor.modules" 759
"../../../Engine/Plugins/Runtime/ProceduralMeshComponent/Binaries/Win64/UnrealEditor.modules" 760
"../../../Engine/Plugins/Experimental/ChaosSolverPlugin/Binaries/Win64/UnrealEditor.modules" 761
"../../../Engine/Plugins/Experimental/Dataflow/Binaries/Win64/UnrealEditor.modules" 762
"../../../Engine/Plugins/Experimental/ChaosClothEditor/Binaries/Win64/UnrealEditor.modules" 763
"../../../Engine/Plugins/Experimental/ChaosNiagara/Binaries/Win64/UnrealEditor.modules" 764
"../../../Engine/Plugins/FX/Niagara/Binaries/Win64/UnrealEditor.modules" 765
"../../../Engine/Plugins/Experimental/ChaosUserDataPT/Binaries/Win64/UnrealEditor.modules" 766
"../../../Engine/Plugins/Experimental/CharacterAI/Binaries/Win64/UnrealEditor.modules" 767
"../../../Engine/Plugins/Experimental/LocalizableMessage/Binaries/Win64/UnrealEditor.modules" 768
"../../../Engine/Plugins/Experimental/StructUtils/Binaries/Win64/UnrealEditor.modules" 769
"../../../Engine/Plugins/Experimental/OpenImageDenoise/Binaries/Win64/UnrealEditor.modules" 770
"../../../Engine/Plugins/Experimental/PlatformCrypto/Binaries/Win64/UnrealEditor.modules" 771
"../../../Engine/Plugins/Experimental/SkeletalReduction/Binaries/Win64/UnrealEditor.modules" 772
"../../../Engine/Plugins/Online/OnlineBase/Binaries/Win64/UnrealEditor.modules" 773
"../../../Engine/Plugins/Online/OnlineSubsystem/Binaries/Win64/UnrealEditor.modules" 774
"../../../Engine/Plugins/Online/OnlineSubsystemNull/Binaries/Win64/UnrealEditor.modules" 775
"../../../Engine/Plugins/Online/OnlineSubsystemUtils/Binaries/Win64/UnrealEditor.modules" 776
"../../../Engine/Plugins/Online/OnlineServices/Binaries/Win64/UnrealEditor.modules" 777
"../../../Engine/Plugins/Developer/AnimationSharing/Binaries/Win64/UnrealEditor.modules" 778
"../../../Engine/Plugins/Runtime/SignificanceManager/Binaries/Win64/UnrealEditor.modules" 779
"../../../Engine/Plugins/Developer/CLionSourceCodeAccess/Binaries/Win64/UnrealEditor.modules" 780
"../../../Engine/Plugins/Developer/DumpGPUServices/Binaries/Win64/UnrealEditor.modules" 781
"../../../Engine/Plugins/Developer/GitSourceControl/Binaries/Win64/UnrealEditor.modules" 782
"../../../Engine/Plugins/Developer/N10XSourceCodeAccess/Binaries/Win64/UnrealEditor.modules" 783
"../../../Engine/Plugins/Developer/PerforceSourceControl/Binaries/Win64/UnrealEditor.modules" 784
"../../../Engine/Plugins/Developer/PixWinPlugin/Binaries/Win64/UnrealEditor.modules" 785
"../../../Engine/Plugins/Developer/PlasticSourceControl/Binaries/Win64/UnrealEditor.modules" 786
"../../../Engine/Plugins/Developer/PluginUtils/Binaries/Win64/UnrealEditor.modules" 787
"../../../Engine/Plugins/Developer/PropertyAccessNode/Binaries/Win64/UnrealEditor.modules" 788
"../../../Engine/Plugins/Developer/RenderDocPlugin/Binaries/Win64/UnrealEditor.modules" 789
"../../../Engine/Plugins/Developer/SubversionSourceControl/Binaries/Win64/UnrealEditor.modules" 790
"../../../Engine/Plugins/Developer/RiderSourceCodeAccess/Binaries/Win64/UnrealEditor.modules" 791
"../../../Engine/Plugins/Developer/TextureFormatOodle/Binaries/Win64/UnrealEditor.modules" 792
"../../../Engine/Plugins/Developer/TraceDataFiltering/Binaries/Win64/UnrealEditor.modules" 793
"../../../Engine/Plugins/Developer/VisualStudioCodeSourceCodeAccess/Binaries/Win64/UnrealEditor.modules" 794
"../../../Engine/Plugins/Developer/UObjectPlugin/Binaries/Win64/UnrealEditor.modules" 795
"../../../Engine/Plugins/Developer/VisualStudioSourceCodeAccess/Binaries/Win64/UnrealEditor.modules" 796
"../../../Engine/Plugins/Editor/AssetManagerEditor/Binaries/Win64/UnrealEditor.modules" 797
"../../../Engine/Plugins/Editor/BlueprintHeaderView/Binaries/Win64/UnrealEditor.modules" 798
"../../../Engine/Plugins/Editor/ChangelistReview/Binaries/Win64/UnrealEditor.modules" 799
"../../../Engine/Plugins/Editor/CryptoKeys/Binaries/Win64/UnrealEditor.modules" 800
"../../../Engine/Plugins/Editor/CurveEditorTools/Binaries/Win64/UnrealEditor.modules" 801
"../../../Engine/Plugins/Editor/DataValidation/Binaries/Win64/UnrealEditor.modules" 802
"../../../Engine/Plugins/Editor/EditorDebugTools/Binaries/Win64/UnrealEditor.modules" 803
"../../../Engine/Plugins/Editor/EngineAssetDefinitions/Binaries/Win64/UnrealEditor.modules" 804
"../../../Engine/Plugins/Editor/FacialAnimation/Binaries/Win64/UnrealEditor.modules" 805
"../../../Engine/Plugins/Editor/GameplayTagsEditor/Binaries/Win64/UnrealEditor.modules" 806
"../../../Engine/Plugins/Editor/GeometryMode/Binaries/Win64/UnrealEditor.modules" 807
"../../../Engine/Plugins/Editor/MaterialAnalyzer/Binaries/Win64/UnrealEditor.modules" 808
"../../../Engine/Plugins/Editor/MobileLauncherProfileWizard/Binaries/Win64/UnrealEditor.modules" 809
"../../../Engine/Plugins/Editor/PluginBrowser/Binaries/Win64/UnrealEditor.modules" 810
"../../../Engine/Plugins/Editor/SequencerAnimTools/Binaries/Win64/UnrealEditor.modules" 811
"../../../Engine/Plugins/Editor/SpeedTreeImporter/Binaries/Win64/UnrealEditor.modules" 812
"../../../Engine/Plugins/Editor/UVEditor/Binaries/Win64/UnrealEditor.modules" 813
"../../../Engine/Plugins/Editor/WorldPartitionHLODUtilities/Binaries/Win64/UnrealEditor.modules" 814
"../../../Engine/Plugins/Importers/AlembicImporter/Binaries/Win64/UnrealEditor.modules" 815
"../../../Engine/Plugins/Runtime/GeometryCache/Binaries/Win64/UnrealEditor.modules" 816
"../../../Engine/Plugins/Runtime/ActorLayerUtilities/Binaries/Win64/UnrealEditor.modules" 817
"../../../Engine/Plugins/Runtime/AndroidDeviceProfileSelector/Binaries/Win64/UnrealEditor.modules" 818
"../../../Engine/Plugins/Runtime/AndroidFileServer/Binaries/Win64/UnrealEditor.modules" 819
"../../../Engine/Plugins/Runtime/AndroidPermission/Binaries/Win64/UnrealEditor.modules" 820
"../../../Engine/Plugins/Runtime/AppleImageUtils/Binaries/Win64/UnrealEditor.modules" 821
"../../../Engine/Plugins/Runtime/AssetTags/Binaries/Win64/UnrealEditor.modules" 822
"../../../Engine/Plugins/Runtime/ArchVisCharacter/Binaries/Win64/UnrealEditor.modules" 823
"../../../Engine/Plugins/Runtime/CableComponent/Binaries/Win64/UnrealEditor.modules" 824
"../../../Engine/Plugins/Runtime/ChunkDownloader/Binaries/Win64/UnrealEditor.modules" 825
"../../../Engine/Plugins/Runtime/CustomMeshComponent/Binaries/Win64/UnrealEditor.modules" 826
"../../../Engine/Plugins/Runtime/ExampleDeviceProfileSelector/Binaries/Win64/UnrealEditor.modules" 827
"../../../Engine/Plugins/Runtime/GooglePAD/Binaries/Win64/UnrealEditor.modules" 828
"../../../Engine/Plugins/Runtime/InputDebugging/Binaries/Win64/UnrealEditor.modules" 829
"../../../Engine/Plugins/Runtime/LocationServicesBPLibrary/Binaries/Win64/UnrealEditor.modules" 830
"../../../Engine/Plugins/Runtime/Metasound/Binaries/Win64/UnrealEditor.modules" 831
"../../../Engine/Plugins/Runtime/AudioWidgets/Binaries/Win64/UnrealEditor.modules" 832
"../../../Engine/Plugins/Runtime/AudioSynesthesia/Binaries/Win64/UnrealEditor.modules" 833
"../../../Engine/Plugins/Runtime/WaveTable/Binaries/Win64/UnrealEditor.modules" 834
"../../../Engine/Plugins/Runtime/MobilePatchingUtils/Binaries/Win64/UnrealEditor.modules" 835
"../../../Engine/Plugins/Runtime/MsQuic/Binaries/Win64/UnrealEditor.modules" 836
"../../../Engine/Plugins/Runtime/ResonanceAudio/Binaries/Win64/UnrealEditor.modules" 837
"../../../Engine/Plugins/Runtime/SoundFields/Binaries/Win64/UnrealEditor.modules" 838
"../../../Engine/Plugins/Runtime/Synthesis/Binaries/Win64/UnrealEditor.modules" 839
"../../../Engine/Plugins/Runtime/WebMMoviePlayer/Binaries/Win64/UnrealEditor.modules" 840
"../../../Engine/Plugins/Media/WebMMedia/Binaries/Win64/UnrealEditor.modules" 841
"../../../Engine/Plugins/Runtime/WindowsDeviceProfileSelector/Binaries/Win64/UnrealEditor.modules" 842
"../../../Engine/Plugins/Runtime/WindowsMoviePlayer/Binaries/Win64/UnrealEditor.modules" 843
"../../../Engine/Plugins/Media/AndroidMedia/Binaries/Win64/UnrealEditor.modules" 844
"../../../Engine/Plugins/Media/AvfMedia/Binaries/Win64/UnrealEditor.modules" 845
"../../../Engine/Plugins/Media/ImgMedia/Binaries/Win64/UnrealEditor.modules" 846
"../../../Engine/Plugins/Media/MediaPlayerEditor/Binaries/Win64/UnrealEditor.modules" 847
"../../../Engine/Plugins/Media/MediaCompositing/Binaries/Win64/UnrealEditor.modules" 848
"../../../Engine/Plugins/Media/MediaPlate/Binaries/Win64/UnrealEditor.modules" 849
"../../../Engine/Plugins/Media/WmfMedia/Binaries/Win64/UnrealEditor.modules" 850
"../../../Engine/Plugins/MovieScene/ActorSequence/Binaries/Win64/UnrealEditor.modules" 851
"../../../Engine/Plugins/Editor/Localization/PortableObjectFileDataSource/Binaries/Win64/UnrealEditor.modules" 852
"../../../Engine/Plugins/Editor/ContentBrowser/ContentBrowserClassDataSource/Binaries/Win64/UnrealEditor.modules" 853
"../../../Engine/Plugins/Editor/ContentBrowser/ContentBrowserAssetDataSource/Binaries/Win64/UnrealEditor.modules" 854
"../../../Engine/Plugins/Editor/ObjectMixer/LightMixer/Binaries/Win64/UnrealEditor.modules" 855
"../../../Engine/Plugins/Editor/ObjectMixer/ObjectMixer/Binaries/Win64/UnrealEditor.modules" 856
"D:/graphic/arcgisTest/arcgis/Plugins/ArcGISMapsSDK/Binaries/Win64/UnrealEditor.modules" 857
"D:/graphic/arcgisTest/arcgis/Plugins/UE_CaptureSubsystem/Binaries/Win64/UnrealEditor.modules" 858
"D:/graphic/arcgisTest/arcgis/Plugins/CustomOctreePlugin/Binaries/Win64/UnrealEditor.modules" 859
"D:/graphic/arcgisTest/arcgis/Plugins/RuntimeMeshLoader-main/Binaries/Win64/UnrealEditor.modules" 860
"C:/Users/User/AppData/Local/UnrealEngine/5.3/Saved/Config/WindowsEditor/SourceControlSettings.ini" 861
"../../../Engine/Content/Certificates/ThirdParty/cacert.pem" 862
"../../../Engine/Config/ConsoleVariables.ini" 863
"../../../Engine/Binaries/Win64/Android/UnrealEditor.modules" 864
"../../../Engine/Binaries/Win64/IOS/UnrealEditor.modules" 865
"../../../Engine/Binaries/Win64/Linux/UnrealEditor.modules" 866
"../../../Engine/Binaries/Win64/LinuxArm64/UnrealEditor.modules" 867
"../../../Engine/Content/Localization/Editor/en/Editor.locres" 868
"../../../Engine/Content/Localization/EditorTutorials/en/EditorTutorials.locres" 869
"../../../Engine/Content/Localization/Keywords/en/Keywords.locres" 870
"../../../Engine/Content/Localization/Category/en/Category.locres" 871
"../../../Engine/Content/Localization/ToolTips/en/ToolTips.locres" 872
"../../../Engine/Content/Localization/PropertyNames/en/PropertyNames.locres" 873
"../../../Engine/Content/Localization/Engine/en/Engine.locres" 874
"../../../Engine/Plugins/Online/OnlineSubsystem/Content/Localization/OnlineSubsystem/en/OnlineSubsystem.locres" 875
"../../../Engine/Plugins/Online/OnlineSubsystemUtils/Content/Localization/OnlineSubsystemUtils/en/OnlineSubsystemUtils.locres" 876
"../../../Engine/Plugins/Online/Android/OnlineSubsystemGooglePlay/Content/Localization/OnlineSubsystemGooglePlay/en/OnlineSubsystemGooglePlay.locres" 877
"../../../Engine/Plugins/Online/IOS/OnlineSubsystemIOS/Content/Localization/OnlineSubsystemIOS/en/OnlineSubsystemIOS.locres" 878
"../../../Engine/Content/Internationalization/icudt64l/numberingSystems.res" 879
"../../../Engine/Content/Internationalization/icudt64l/curr/supplementalData.res" 880
"../../../Engine/Content/Internationalization/icudt64l/curr/zh_TW.res" 881
"../../../Engine/Content/Internationalization/icudt64l/curr/pool.res" 882
"../../../Engine/Content/Internationalization/icudt64l/curr/zh_Hant_TW.res" 883
"../../../Engine/Content/Internationalization/icudt64l/curr/zh_Hant.res" 884
"../../../Engine/Content/Internationalization/icudt64l/curr/root.res" 885
"../../../Engine/Content/Internationalization/icudt64l/lang/af.res" 886
"../../../Engine/Content/Internationalization/icudt64l/region/af.res" 887
"../../../Engine/Content/Internationalization/icudt64l/lang/agq.res" 888
"../../../Engine/Content/Internationalization/icudt64l/region/agq.res" 889
"../../../Engine/Content/Internationalization/icudt64l/lang/ak.res" 890
"../../../Engine/Content/Internationalization/icudt64l/region/ak.res" 891
"../../../Engine/Content/Internationalization/icudt64l/lang/am.res" 892
"../../../Engine/Content/Internationalization/icudt64l/region/am.res" 893
"../../../Engine/Content/Internationalization/icudt64l/lang/ar.res" 894
"../../../Engine/Content/Internationalization/icudt64l/region/ar.res" 895
"../../../Engine/Content/Internationalization/icudt64l/region/ar_AE.res" 896
"../../../Engine/Content/Internationalization/icudt64l/lang/ar_EG.res" 897
"../../../Engine/Content/Internationalization/icudt64l/lang/ar_LY.res" 898
"../../../Engine/Content/Internationalization/icudt64l/region/ar_LY.res" 899
"../../../Engine/Content/Internationalization/icudt64l/lang/ar_SA.res" 900
"../../../Engine/Content/Internationalization/icudt64l/region/ar_SA.res" 901
"../../../Engine/Content/Internationalization/icudt64l/lang/as.res" 902
"../../../Engine/Content/Internationalization/icudt64l/region/as.res" 903
"../../../Engine/Content/Internationalization/icudt64l/lang/asa.res" 904
"../../../Engine/Content/Internationalization/icudt64l/region/asa.res" 905
"../../../Engine/Content/Internationalization/icudt64l/lang/ast.res" 906
"../../../Engine/Content/Internationalization/icudt64l/region/ast.res" 907
"../../../Engine/Content/Internationalization/icudt64l/lang/az.res" 908
"../../../Engine/Content/Internationalization/icudt64l/lang/az_Cyrl.res" 909
"../../../Engine/Content/Internationalization/icudt64l/lang/az_AZ.res" 910
"../../../Engine/Content/Internationalization/icudt64l/lang/az_Latn_AZ.res" 911
"../../../Engine/Content/Internationalization/icudt64l/lang/az_Latn.res" 912
"../../../Engine/Content/Internationalization/icudt64l/region/az_AZ.res" 913
"../../../Engine/Content/Internationalization/icudt64l/region/az_Latn_AZ.res" 914
"../../../Engine/Content/Internationalization/icudt64l/region/az_Latn.res" 915
"../../../Engine/Content/Internationalization/icudt64l/region/az.res" 916
"../../../Engine/Content/Internationalization/icudt64l/region/az_Cyrl.res" 917
"../../../Engine/Content/Internationalization/icudt64l/lang/bas.res" 918
"../../../Engine/Content/Internationalization/icudt64l/region/bas.res" 919
"../../../Engine/Content/Internationalization/icudt64l/lang/be.res" 920
"../../../Engine/Content/Internationalization/icudt64l/region/be.res" 921
"../../../Engine/Content/Internationalization/icudt64l/lang/bem.res" 922
"../../../Engine/Content/Internationalization/icudt64l/region/bem.res" 923
"../../../Engine/Content/Internationalization/icudt64l/lang/bez.res" 924
"../../../Engine/Content/Internationalization/icudt64l/region/bez.res" 925
"../../../Engine/Content/Internationalization/icudt64l/lang/bg.res" 926
"../../../Engine/Content/Internationalization/icudt64l/region/bg.res" 927
"../../../Engine/Content/Internationalization/icudt64l/lang/bm.res" 928
"../../../Engine/Content/Internationalization/icudt64l/region/bm.res" 929
"../../../Engine/Content/Internationalization/icudt64l/lang/bn.res" 930
"../../../Engine/Content/Internationalization/icudt64l/region/bn.res" 931
"../../../Engine/Content/Internationalization/icudt64l/lang/bn_IN.res" 932
"../../../Engine/Content/Internationalization/icudt64l/region/bn_IN.res" 933
"../../../Engine/Content/Internationalization/icudt64l/lang/bo.res" 934
"../../../Engine/Content/Internationalization/icudt64l/region/bo.res" 935
"../../../Engine/Content/Internationalization/icudt64l/region/bo_IN.res" 936
"../../../Engine/Content/Internationalization/icudt64l/lang/br.res" 937
"../../../Engine/Content/Internationalization/icudt64l/region/br.res" 938
"../../../Engine/Content/Internationalization/icudt64l/lang/brx.res" 939
"../../../Engine/Content/Internationalization/icudt64l/region/brx.res" 940
"../../../Engine/Content/Internationalization/icudt64l/lang/bs.res" 941
"../../../Engine/Content/Internationalization/icudt64l/lang/bs_Cyrl.res" 942
"../../../Engine/Content/Internationalization/icudt64l/lang/bs_BA.res" 943
"../../../Engine/Content/Internationalization/icudt64l/lang/bs_Latn_BA.res" 944
"../../../Engine/Content/Internationalization/icudt64l/lang/bs_Latn.res" 945
"../../../Engine/Content/Internationalization/icudt64l/region/bs_BA.res" 946
"../../../Engine/Content/Internationalization/icudt64l/region/bs_Latn_BA.res" 947
"../../../Engine/Content/Internationalization/icudt64l/region/bs_Latn.res" 948
"../../../Engine/Content/Internationalization/icudt64l/region/bs.res" 949
"../../../Engine/Content/Internationalization/icudt64l/region/bs_Cyrl.res" 950
"../../../Engine/Content/Internationalization/icudt64l/lang/ca.res" 951
"../../../Engine/Content/Internationalization/icudt64l/region/ca.res" 952
"../../../Engine/Content/Internationalization/icudt64l/lang/ccp.res" 953
"../../../Engine/Content/Internationalization/icudt64l/region/ccp.res" 954
"../../../Engine/Content/Internationalization/icudt64l/lang/ce.res" 955
"../../../Engine/Content/Internationalization/icudt64l/region/ce.res" 956
"../../../Engine/Content/Internationalization/icudt64l/lang/ceb.res" 957
"../../../Engine/Content/Internationalization/icudt64l/region/ceb.res" 958
"../../../Engine/Content/Internationalization/icudt64l/lang/cgg.res" 959
"../../../Engine/Content/Internationalization/icudt64l/region/cgg.res" 960
"../../../Engine/Content/Internationalization/icudt64l/lang/chr.res" 961
"../../../Engine/Content/Internationalization/icudt64l/region/chr.res" 962
"../../../Engine/Content/Internationalization/icudt64l/lang/ckb.res" 963
"../../../Engine/Content/Internationalization/icudt64l/region/ckb.res" 964
"../../../Engine/Content/Internationalization/icudt64l/lang/cs.res" 965
"../../../Engine/Content/Internationalization/icudt64l/region/cs.res" 966
"../../../Engine/Content/Internationalization/icudt64l/lang/cy.res" 967
"../../../Engine/Content/Internationalization/icudt64l/region/cy.res" 968
"../../../Engine/Content/Internationalization/icudt64l/lang/da.res" 969
"../../../Engine/Content/Internationalization/icudt64l/region/da.res" 970
"../../../Engine/Content/Internationalization/icudt64l/lang/dav.res" 971
"../../../Engine/Content/Internationalization/icudt64l/region/dav.res" 972
"../../../Engine/Content/Internationalization/icudt64l/lang/de.res" 973
"../../../Engine/Content/Internationalization/icudt64l/lang/de_AT.res" 974
"../../../Engine/Content/Internationalization/icudt64l/region/de_AT.res" 975
"../../../Engine/Content/Internationalization/icudt64l/region/de.res" 976
"../../../Engine/Content/Internationalization/icudt64l/lang/de_CH.res" 977
"../../../Engine/Content/Internationalization/icudt64l/region/de_CH.res" 978
"../../../Engine/Content/Internationalization/icudt64l/lang/de_LU.res" 979
"../../../Engine/Content/Internationalization/icudt64l/lang/dje.res" 980
"../../../Engine/Content/Internationalization/icudt64l/region/dje.res" 981
"../../../Engine/Content/Internationalization/icudt64l/lang/dsb.res" 982
"../../../Engine/Content/Internationalization/icudt64l/region/dsb.res" 983
"../../../Engine/Content/Internationalization/icudt64l/lang/dua.res" 984
"../../../Engine/Content/Internationalization/icudt64l/region/dua.res" 985
"../../../Engine/Content/Internationalization/icudt64l/lang/dyo.res" 986
"../../../Engine/Content/Internationalization/icudt64l/region/dyo.res" 987
"../../../Engine/Content/Internationalization/icudt64l/lang/dz.res" 988
"../../../Engine/Content/Internationalization/icudt64l/region/dz.res" 989
"../../../Engine/Content/Internationalization/icudt64l/lang/ebu.res" 990
"../../../Engine/Content/Internationalization/icudt64l/region/ebu.res" 991
"../../../Engine/Content/Internationalization/icudt64l/lang/ee.res" 992
"../../../Engine/Content/Internationalization/icudt64l/region/ee.res" 993
"../../../Engine/Content/Internationalization/icudt64l/lang/el.res" 994
"../../../Engine/Content/Internationalization/icudt64l/region/el.res" 995
"../../../Engine/Content/Internationalization/icudt64l/lang/en_001.res" 996
"../../../Engine/Content/Internationalization/icudt64l/lang/en_150.res" 997
"../../../Engine/Content/Internationalization/icudt64l/region/en_150.res" 998
"../../../Engine/Content/Internationalization/icudt64l/lang/en_AG.res" 999
"../../../Engine/Content/Internationalization/icudt64l/region/en_AG.res" 1000
"../../../Engine/Content/Internationalization/icudt64l/lang/en_AI.res" 1001
"../../../Engine/Content/Internationalization/icudt64l/region/en_AI.res" 1002
"../../../Engine/Content/Internationalization/icudt64l/lang/en_AT.res" 1003
"../../../Engine/Content/Internationalization/icudt64l/region/en_AT.res" 1004
"../../../Engine/Content/Internationalization/icudt64l/lang/en_AU.res" 1005
"../../../Engine/Content/Internationalization/icudt64l/region/en_AU.res" 1006
"../../../Engine/Content/Internationalization/icudt64l/lang/en_BB.res" 1007
"../../../Engine/Content/Internationalization/icudt64l/region/en_BB.res" 1008
"../../../Engine/Content/Internationalization/icudt64l/lang/en_BE.res" 1009
"../../../Engine/Content/Internationalization/icudt64l/region/en_BE.res" 1010
"../../../Engine/Content/Internationalization/icudt64l/lang/en_BM.res" 1011
"../../../Engine/Content/Internationalization/icudt64l/region/en_BM.res" 1012
"../../../Engine/Content/Internationalization/icudt64l/lang/en_BS.res" 1013
"../../../Engine/Content/Internationalization/icudt64l/region/en_BS.res" 1014
"../../../Engine/Content/Internationalization/icudt64l/lang/en_BW.res" 1015
"../../../Engine/Content/Internationalization/icudt64l/region/en_BW.res" 1016
"../../../Engine/Content/Internationalization/icudt64l/lang/en_BZ.res" 1017
"../../../Engine/Content/Internationalization/icudt64l/region/en_BZ.res" 1018
"../../../Engine/Content/Internationalization/icudt64l/lang/en_CA.res" 1019
"../../../Engine/Content/Internationalization/icudt64l/region/en_CA.res" 1020
"../../../Engine/Content/Internationalization/icudt64l/lang/en_CC.res" 1021
"../../../Engine/Content/Internationalization/icudt64l/region/en_CC.res" 1022
"../../../Engine/Content/Internationalization/icudt64l/lang/en_CH.res" 1023
"../../../Engine/Content/Internationalization/icudt64l/region/en_CH.res" 1024
"../../../Engine/Content/Internationalization/icudt64l/lang/en_CK.res" 1025
"../../../Engine/Content/Internationalization/icudt64l/region/en_CK.res" 1026
"../../../Engine/Content/Internationalization/icudt64l/lang/en_CM.res" 1027
"../../../Engine/Content/Internationalization/icudt64l/region/en_CM.res" 1028
"../../../Engine/Content/Internationalization/icudt64l/lang/en_CX.res" 1029
"../../../Engine/Content/Internationalization/icudt64l/region/en_CX.res" 1030
"../../../Engine/Content/Internationalization/icudt64l/lang/en_CY.res" 1031
"../../../Engine/Content/Internationalization/icudt64l/region/en_CY.res" 1032
"../../../Engine/Content/Internationalization/icudt64l/lang/en_DE.res" 1033
"../../../Engine/Content/Internationalization/icudt64l/region/en_DE.res" 1034
"../../../Engine/Content/Internationalization/icudt64l/lang/en_DG.res" 1035
"../../../Engine/Content/Internationalization/icudt64l/region/en_DG.res" 1036
"../../../Engine/Content/Internationalization/icudt64l/lang/en_DK.res" 1037
"../../../Engine/Content/Internationalization/icudt64l/region/en_DK.res" 1038
"../../../Engine/Content/Internationalization/icudt64l/lang/en_DM.res" 1039
"../../../Engine/Content/Internationalization/icudt64l/region/en_DM.res" 1040
"../../../Engine/Content/Internationalization/icudt64l/lang/en_ER.res" 1041
"../../../Engine/Content/Internationalization/icudt64l/region/en_ER.res" 1042
"../../../Engine/Content/Internationalization/icudt64l/lang/en_FI.res" 1043
"../../../Engine/Content/Internationalization/icudt64l/region/en_FI.res" 1044
"../../../Engine/Content/Internationalization/icudt64l/lang/en_FJ.res" 1045
"../../../Engine/Content/Internationalization/icudt64l/region/en_FJ.res" 1046
"../../../Engine/Content/Internationalization/icudt64l/lang/en_FK.res" 1047
"../../../Engine/Content/Internationalization/icudt64l/region/en_FK.res" 1048
"../../../Engine/Content/Internationalization/icudt64l/lang/en_FM.res" 1049
"../../../Engine/Content/Internationalization/icudt64l/region/en_FM.res" 1050
"../../../Engine/Content/Internationalization/icudt64l/lang/en_GB.res" 1051
"../../../Engine/Content/Internationalization/icudt64l/region/en_GB.res" 1052
"../../../Engine/Content/Internationalization/icudt64l/lang/en_GD.res" 1053
"../../../Engine/Content/Internationalization/icudt64l/region/en_GD.res" 1054
"../../../Engine/Content/Internationalization/icudt64l/lang/en_GG.res" 1055
"../../../Engine/Content/Internationalization/icudt64l/region/en_GG.res" 1056
"../../../Engine/Content/Internationalization/icudt64l/lang/en_GH.res" 1057
"../../../Engine/Content/Internationalization/icudt64l/region/en_GH.res" 1058
"../../../Engine/Content/Internationalization/icudt64l/lang/en_GI.res" 1059
"../../../Engine/Content/Internationalization/icudt64l/region/en_GI.res" 1060
"../../../Engine/Content/Internationalization/icudt64l/lang/en_GM.res" 1061
"../../../Engine/Content/Internationalization/icudt64l/region/en_GM.res" 1062
"../../../Engine/Content/Internationalization/icudt64l/lang/en_GY.res" 1063
"../../../Engine/Content/Internationalization/icudt64l/region/en_GY.res" 1064
"../../../Engine/Content/Internationalization/icudt64l/lang/en_HK.res" 1065
"../../../Engine/Content/Internationalization/icudt64l/region/en_HK.res" 1066
"../../../Engine/Content/Internationalization/icudt64l/lang/en_IE.res" 1067
"../../../Engine/Content/Internationalization/icudt64l/region/en_IE.res" 1068
"../../../Engine/Content/Internationalization/icudt64l/lang/en_IL.res" 1069
"../../../Engine/Content/Internationalization/icudt64l/region/en_IL.res" 1070
"../../../Engine/Content/Internationalization/icudt64l/lang/en_IM.res" 1071
"../../../Engine/Content/Internationalization/icudt64l/region/en_IM.res" 1072
"../../../Engine/Content/Internationalization/icudt64l/lang/en_IN.res" 1073
"../../../Engine/Content/Internationalization/icudt64l/region/en_IN.res" 1074
"../../../Engine/Content/Internationalization/icudt64l/lang/en_IO.res" 1075
"../../../Engine/Content/Internationalization/icudt64l/region/en_IO.res" 1076
"../../../Engine/Content/Internationalization/icudt64l/lang/en_JE.res" 1077
"../../../Engine/Content/Internationalization/icudt64l/region/en_JE.res" 1078
"../../../Engine/Content/Internationalization/icudt64l/lang/en_JM.res" 1079
"../../../Engine/Content/Internationalization/icudt64l/region/en_JM.res" 1080
"../../../Engine/Content/Internationalization/icudt64l/lang/en_KE.res" 1081
"../../../Engine/Content/Internationalization/icudt64l/region/en_KE.res" 1082
"../../../Engine/Content/Internationalization/icudt64l/lang/en_KI.res" 1083
"../../../Engine/Content/Internationalization/icudt64l/region/en_KI.res" 1084
"../../../Engine/Content/Internationalization/icudt64l/lang/en_KN.res" 1085
"../../../Engine/Content/Internationalization/icudt64l/region/en_KN.res" 1086
"../../../Engine/Content/Internationalization/icudt64l/lang/en_KY.res" 1087
"../../../Engine/Content/Internationalization/icudt64l/region/en_KY.res" 1088
"../../../Engine/Content/Internationalization/icudt64l/lang/en_LC.res" 1089
"../../../Engine/Content/Internationalization/icudt64l/region/en_LC.res" 1090
"../../../Engine/Content/Internationalization/icudt64l/lang/en_LR.res" 1091
"../../../Engine/Content/Internationalization/icudt64l/region/en_LR.res" 1092
"../../../Engine/Content/Internationalization/icudt64l/lang/en_LS.res" 1093
"../../../Engine/Content/Internationalization/icudt64l/region/en_LS.res" 1094
"../../../Engine/Content/Internationalization/icudt64l/lang/en_MG.res" 1095
"../../../Engine/Content/Internationalization/icudt64l/region/en_MG.res" 1096
"../../../Engine/Content/Internationalization/icudt64l/lang/en_MO.res" 1097
"../../../Engine/Content/Internationalization/icudt64l/region/en_MO.res" 1098
"../../../Engine/Content/Internationalization/icudt64l/lang/en_MS.res" 1099
"../../../Engine/Content/Internationalization/icudt64l/region/en_MS.res" 1100
"../../../Engine/Content/Internationalization/icudt64l/lang/en_MT.res" 1101
"../../../Engine/Content/Internationalization/icudt64l/region/en_MT.res" 1102
"../../../Engine/Content/Internationalization/icudt64l/lang/en_MU.res" 1103
"../../../Engine/Content/Internationalization/icudt64l/region/en_MU.res" 1104
"../../../Engine/Content/Internationalization/icudt64l/lang/en_MW.res" 1105
"../../../Engine/Content/Internationalization/icudt64l/region/en_MW.res" 1106
"../../../Engine/Content/Internationalization/icudt64l/lang/en_MY.res" 1107
"../../../Engine/Content/Internationalization/icudt64l/region/en_MY.res" 1108
"../../../Engine/Content/Internationalization/icudt64l/lang/en_NA.res" 1109
"../../../Engine/Content/Internationalization/icudt64l/region/en_NA.res" 1110
"../../../Engine/Content/Internationalization/icudt64l/lang/en_NF.res" 1111
"../../../Engine/Content/Internationalization/icudt64l/region/en_NF.res" 1112
"../../../Engine/Content/Internationalization/icudt64l/lang/en_NG.res" 1113
"../../../Engine/Content/Internationalization/icudt64l/region/en_NG.res" 1114
"../../../Engine/Content/Internationalization/icudt64l/lang/en_NL.res" 1115
"../../../Engine/Content/Internationalization/icudt64l/region/en_NL.res" 1116
"../../../Engine/Content/Internationalization/icudt64l/lang/en_NR.res" 1117
"../../../Engine/Content/Internationalization/icudt64l/region/en_NR.res" 1118
"../../../Engine/Content/Internationalization/icudt64l/lang/en_NU.res" 1119
"../../../Engine/Content/Internationalization/icudt64l/region/en_NU.res" 1120
"../../../Engine/Content/Internationalization/icudt64l/lang/en_NZ.res" 1121
"../../../Engine/Content/Internationalization/icudt64l/region/en_NZ.res" 1122
"../../../Engine/Content/Internationalization/icudt64l/lang/en_PG.res" 1123
"../../../Engine/Content/Internationalization/icudt64l/region/en_PG.res" 1124
"../../../Engine/Content/Internationalization/icudt64l/lang/en_PH.res" 1125
"../../../Engine/Content/Internationalization/icudt64l/region/en_PH.res" 1126
"../../../Engine/Content/Internationalization/icudt64l/lang/en_PK.res" 1127
"../../../Engine/Content/Internationalization/icudt64l/region/en_PK.res" 1128
"../../../Engine/Content/Internationalization/icudt64l/lang/en_PN.res" 1129
"../../../Engine/Content/Internationalization/icudt64l/region/en_PN.res" 1130
"../../../Engine/Content/Internationalization/icudt64l/lang/en_PW.res" 1131
"../../../Engine/Content/Internationalization/icudt64l/region/en_PW.res" 1132
"../../../Engine/Content/Internationalization/icudt64l/lang/en_RW.res" 1133
"../../../Engine/Content/Internationalization/icudt64l/region/en_RW.res" 1134
"../../../Engine/Content/Internationalization/icudt64l/lang/en_SB.res" 1135
"../../../Engine/Content/Internationalization/icudt64l/region/en_SB.res" 1136
"../../../Engine/Content/Internationalization/icudt64l/lang/en_SC.res" 1137
"../../../Engine/Content/Internationalization/icudt64l/region/en_SC.res" 1138
"../../../Engine/Content/Internationalization/icudt64l/lang/en_SD.res" 1139
"../../../Engine/Content/Internationalization/icudt64l/region/en_SD.res" 1140
"../../../Engine/Content/Internationalization/icudt64l/lang/en_SE.res" 1141
"../../../Engine/Content/Internationalization/icudt64l/region/en_SE.res" 1142
"../../../Engine/Content/Internationalization/icudt64l/lang/en_SG.res" 1143
"../../../Engine/Content/Internationalization/icudt64l/region/en_SG.res" 1144
"../../../Engine/Content/Internationalization/icudt64l/lang/en_SH.res" 1145
"../../../Engine/Content/Internationalization/icudt64l/region/en_SH.res" 1146
"../../../Engine/Content/Internationalization/icudt64l/lang/en_SI.res" 1147
"../../../Engine/Content/Internationalization/icudt64l/region/en_SI.res" 1148
"../../../Engine/Content/Internationalization/icudt64l/lang/en_SL.res" 1149
"../../../Engine/Content/Internationalization/icudt64l/region/en_SL.res" 1150
"../../../Engine/Content/Internationalization/icudt64l/lang/en_SS.res" 1151
"../../../Engine/Content/Internationalization/icudt64l/region/en_SS.res" 1152
"../../../Engine/Content/Internationalization/icudt64l/lang/en_SX.res" 1153
"../../../Engine/Content/Internationalization/icudt64l/region/en_SX.res" 1154
"../../../Engine/Content/Internationalization/icudt64l/lang/en_SZ.res" 1155
"../../../Engine/Content/Internationalization/icudt64l/region/en_SZ.res" 1156
"../../../Engine/Content/Internationalization/icudt64l/lang/en_TC.res" 1157
"../../../Engine/Content/Internationalization/icudt64l/region/en_TC.res" 1158
"../../../Engine/Content/Internationalization/icudt64l/lang/en_TK.res" 1159
"../../../Engine/Content/Internationalization/icudt64l/region/en_TK.res" 1160
"../../../Engine/Content/Internationalization/icudt64l/lang/en_TO.res" 1161
"../../../Engine/Content/Internationalization/icudt64l/region/en_TO.res" 1162
"../../../Engine/Content/Internationalization/icudt64l/lang/en_TT.res" 1163
"../../../Engine/Content/Internationalization/icudt64l/region/en_TT.res" 1164
"../../../Engine/Content/Internationalization/icudt64l/lang/en_TV.res" 1165
"../../../Engine/Content/Internationalization/icudt64l/region/en_TV.res" 1166
"../../../Engine/Content/Internationalization/icudt64l/lang/en_TZ.res" 1167
"../../../Engine/Content/Internationalization/icudt64l/region/en_TZ.res" 1168
"../../../Engine/Content/Internationalization/icudt64l/lang/en_UG.res" 1169
"../../../Engine/Content/Internationalization/icudt64l/region/en_UG.res" 1170
"../../../Engine/Content/Internationalization/icudt64l/lang/en_VC.res" 1171
"../../../Engine/Content/Internationalization/icudt64l/region/en_VC.res" 1172
"../../../Engine/Content/Internationalization/icudt64l/lang/en_VG.res" 1173
"../../../Engine/Content/Internationalization/icudt64l/region/en_VG.res" 1174
"../../../Engine/Content/Internationalization/icudt64l/lang/en_VU.res" 1175
"../../../Engine/Content/Internationalization/icudt64l/region/en_VU.res" 1176
"../../../Engine/Content/Internationalization/icudt64l/lang/en_WS.res" 1177
"../../../Engine/Content/Internationalization/icudt64l/region/en_WS.res" 1178
"../../../Engine/Content/Internationalization/icudt64l/lang/en_ZA.res" 1179
"../../../Engine/Content/Internationalization/icudt64l/region/en_ZA.res" 1180
"../../../Engine/Content/Internationalization/icudt64l/lang/en_ZM.res" 1181
"../../../Engine/Content/Internationalization/icudt64l/region/en_ZM.res" 1182
"../../../Engine/Content/Internationalization/icudt64l/lang/en_ZW.res" 1183
"../../../Engine/Content/Internationalization/icudt64l/region/en_ZW.res" 1184
"../../../Engine/Content/Internationalization/icudt64l/lang/eo.res" 1185
"../../../Engine/Content/Internationalization/icudt64l/region/eo.res" 1186
"../../../Engine/Content/Internationalization/icudt64l/lang/es.res" 1187
"../../../Engine/Content/Internationalization/icudt64l/lang/es_419.res" 1188
"../../../Engine/Content/Internationalization/icudt64l/region/es_419.res" 1189
"../../../Engine/Content/Internationalization/icudt64l/region/es.res" 1190
"../../../Engine/Content/Internationalization/icudt64l/lang/es_AR.res" 1191
"../../../Engine/Content/Internationalization/icudt64l/region/es_AR.res" 1192
"../../../Engine/Content/Internationalization/icudt64l/lang/es_BO.res" 1193
"../../../Engine/Content/Internationalization/icudt64l/region/es_BO.res" 1194
"../../../Engine/Content/Internationalization/icudt64l/lang/es_BR.res" 1195
"../../../Engine/Content/Internationalization/icudt64l/region/es_BR.res" 1196
"../../../Engine/Content/Internationalization/icudt64l/lang/es_BZ.res" 1197
"../../../Engine/Content/Internationalization/icudt64l/region/es_BZ.res" 1198
"../../../Engine/Content/Internationalization/icudt64l/lang/es_CL.res" 1199
"../../../Engine/Content/Internationalization/icudt64l/region/es_CL.res" 1200
"../../../Engine/Content/Internationalization/icudt64l/lang/es_CO.res" 1201
"../../../Engine/Content/Internationalization/icudt64l/region/es_CO.res" 1202
"../../../Engine/Content/Internationalization/icudt64l/lang/es_CR.res" 1203
"../../../Engine/Content/Internationalization/icudt64l/region/es_CR.res" 1204
"../../../Engine/Content/Internationalization/icudt64l/lang/es_CU.res" 1205
"../../../Engine/Content/Internationalization/icudt64l/region/es_CU.res" 1206
"../../../Engine/Content/Internationalization/icudt64l/lang/es_DO.res" 1207
"../../../Engine/Content/Internationalization/icudt64l/region/es_DO.res" 1208
"../../../Engine/Content/Internationalization/icudt64l/lang/es_EC.res" 1209
"../../../Engine/Content/Internationalization/icudt64l/region/es_EC.res" 1210
"../../../Engine/Content/Internationalization/icudt64l/lang/es_GT.res" 1211
"../../../Engine/Content/Internationalization/icudt64l/region/es_GT.res" 1212
"../../../Engine/Content/Internationalization/icudt64l/lang/es_HN.res" 1213
"../../../Engine/Content/Internationalization/icudt64l/region/es_HN.res" 1214
"../../../Engine/Content/Internationalization/icudt64l/lang/es_MX.res" 1215
"../../../Engine/Content/Internationalization/icudt64l/region/es_MX.res" 1216
"../../../Engine/Content/Internationalization/icudt64l/lang/es_NI.res" 1217
"../../../Engine/Content/Internationalization/icudt64l/region/es_NI.res" 1218
"../../../Engine/Content/Internationalization/icudt64l/lang/es_PA.res" 1219
"../../../Engine/Content/Internationalization/icudt64l/region/es_PA.res" 1220
"../../../Engine/Content/Internationalization/icudt64l/lang/es_PE.res" 1221
"../../../Engine/Content/Internationalization/icudt64l/region/es_PE.res" 1222
"../../../Engine/Content/Internationalization/icudt64l/lang/es_PR.res" 1223
"../../../Engine/Content/Internationalization/icudt64l/region/es_PR.res" 1224
"../../../Engine/Content/Internationalization/icudt64l/lang/es_PY.res" 1225
"../../../Engine/Content/Internationalization/icudt64l/region/es_PY.res" 1226
"../../../Engine/Content/Internationalization/icudt64l/lang/es_SV.res" 1227
"../../../Engine/Content/Internationalization/icudt64l/region/es_SV.res" 1228
"../../../Engine/Content/Internationalization/icudt64l/lang/es_US.res" 1229
"../../../Engine/Content/Internationalization/icudt64l/region/es_US.res" 1230
"../../../Engine/Content/Internationalization/icudt64l/lang/es_UY.res" 1231
"../../../Engine/Content/Internationalization/icudt64l/region/es_UY.res" 1232
"../../../Engine/Content/Internationalization/icudt64l/lang/es_VE.res" 1233
"../../../Engine/Content/Internationalization/icudt64l/region/es_VE.res" 1234
"../../../Engine/Content/Internationalization/icudt64l/lang/et.res" 1235
"../../../Engine/Content/Internationalization/icudt64l/region/et.res" 1236
"../../../Engine/Content/Internationalization/icudt64l/lang/eu.res" 1237
"../../../Engine/Content/Internationalization/icudt64l/region/eu.res" 1238
"../../../Engine/Content/Internationalization/icudt64l/lang/ewo.res" 1239
"../../../Engine/Content/Internationalization/icudt64l/region/ewo.res" 1240
"../../../Engine/Content/Internationalization/icudt64l/lang/fa.res" 1241
"../../../Engine/Content/Internationalization/icudt64l/lang/fa_AF.res" 1242
"../../../Engine/Content/Internationalization/icudt64l/region/fa_AF.res" 1243
"../../../Engine/Content/Internationalization/icudt64l/region/fa.res" 1244
"../../../Engine/Content/Internationalization/icudt64l/lang/ff.res" 1245
"../../../Engine/Content/Internationalization/icudt64l/lang/ff_Latn.res" 1246
"../../../Engine/Content/Internationalization/icudt64l/region/ff.res" 1247
"../../../Engine/Content/Internationalization/icudt64l/region/ff_Latn.res" 1248
"../../../Engine/Content/Internationalization/icudt64l/lang/ff_CM.res" 1249
"../../../Engine/Content/Internationalization/icudt64l/lang/ff_Latn_CM.res" 1250
"../../../Engine/Content/Internationalization/icudt64l/region/ff_CM.res" 1251
"../../../Engine/Content/Internationalization/icudt64l/region/ff_Latn_CM.res" 1252
"../../../Engine/Content/Internationalization/icudt64l/lang/ff_GN.res" 1253
"../../../Engine/Content/Internationalization/icudt64l/lang/ff_Latn_GN.res" 1254
"../../../Engine/Content/Internationalization/icudt64l/region/ff_GN.res" 1255
"../../../Engine/Content/Internationalization/icudt64l/region/ff_Latn_GN.res" 1256
"../../../Engine/Content/Internationalization/icudt64l/lang/ff_MR.res" 1257
"../../../Engine/Content/Internationalization/icudt64l/lang/ff_Latn_MR.res" 1258
"../../../Engine/Content/Internationalization/icudt64l/region/ff_MR.res" 1259
"../../../Engine/Content/Internationalization/icudt64l/region/ff_Latn_MR.res" 1260
"../../../Engine/Content/Internationalization/icudt64l/lang/ff_SN.res" 1261
"../../../Engine/Content/Internationalization/icudt64l/lang/ff_Latn_SN.res" 1262
"../../../Engine/Content/Internationalization/icudt64l/region/ff_SN.res" 1263
"../../../Engine/Content/Internationalization/icudt64l/region/ff_Latn_SN.res" 1264
"../../../Engine/Content/Internationalization/icudt64l/lang/fi.res" 1265
"../../../Engine/Content/Internationalization/icudt64l/region/fi.res" 1266
"../../../Engine/Content/Internationalization/icudt64l/lang/fil.res" 1267
"../../../Engine/Content/Internationalization/icudt64l/lang/fil_PH.res" 1268
"../../../Engine/Content/Internationalization/icudt64l/region/fil_PH.res" 1269
"../../../Engine/Content/Internationalization/icudt64l/region/fil.res" 1270
"../../../Engine/Content/Internationalization/icudt64l/lang/fo.res" 1271
"../../../Engine/Content/Internationalization/icudt64l/region/fo.res" 1272
"../../../Engine/Content/Internationalization/icudt64l/lang/fr.res" 1273
"../../../Engine/Content/Internationalization/icudt64l/lang/fr_BE.res" 1274
"../../../Engine/Content/Internationalization/icudt64l/region/fr_BE.res" 1275
"../../../Engine/Content/Internationalization/icudt64l/region/fr.res" 1276
"../../../Engine/Content/Internationalization/icudt64l/lang/fr_CA.res" 1277
"../../../Engine/Content/Internationalization/icudt64l/region/fr_CA.res" 1278
"../../../Engine/Content/Internationalization/icudt64l/lang/fr_CH.res" 1279
"../../../Engine/Content/Internationalization/icudt64l/lang/fur.res" 1280
"../../../Engine/Content/Internationalization/icudt64l/region/fur.res" 1281
"../../../Engine/Content/Internationalization/icudt64l/lang/fy.res" 1282
"../../../Engine/Content/Internationalization/icudt64l/region/fy.res" 1283
"../../../Engine/Content/Internationalization/icudt64l/lang/ga.res" 1284
"../../../Engine/Content/Internationalization/icudt64l/region/ga.res" 1285
"../../../Engine/Content/Internationalization/icudt64l/lang/gd.res" 1286
"../../../Engine/Content/Internationalization/icudt64l/region/gd.res" 1287
"../../../Engine/Content/Internationalization/icudt64l/lang/gl.res" 1288
"../../../Engine/Content/Internationalization/icudt64l/region/gl.res" 1289
"../../../Engine/Content/Internationalization/icudt64l/lang/gsw.res" 1290
"../../../Engine/Content/Internationalization/icudt64l/region/gsw.res" 1291
"../../../Engine/Content/Internationalization/icudt64l/lang/gu.res" 1292
"../../../Engine/Content/Internationalization/icudt64l/region/gu.res" 1293
"../../../Engine/Content/Internationalization/icudt64l/lang/guz.res" 1294
"../../../Engine/Content/Internationalization/icudt64l/region/guz.res" 1295
"../../../Engine/Content/Internationalization/icudt64l/lang/gv.res" 1296
"../../../Engine/Content/Internationalization/icudt64l/region/gv.res" 1297
"../../../Engine/Content/Internationalization/icudt64l/lang/ha.res" 1298
"../../../Engine/Content/Internationalization/icudt64l/region/ha.res" 1299
"../../../Engine/Content/Internationalization/icudt64l/lang/ha_NE.res" 1300
"../../../Engine/Content/Internationalization/icudt64l/region/ha_NE.res" 1301
"../../../Engine/Content/Internationalization/icudt64l/lang/haw.res" 1302
"../../../Engine/Content/Internationalization/icudt64l/region/haw.res" 1303
"../../../Engine/Content/Internationalization/icudt64l/lang/he.res" 1304
"../../../Engine/Content/Internationalization/icudt64l/lang/he_IL.res" 1305
"../../../Engine/Content/Internationalization/icudt64l/region/he_IL.res" 1306
"../../../Engine/Content/Internationalization/icudt64l/region/he.res" 1307
"../../../Engine/Content/Internationalization/icudt64l/lang/hi.res" 1308
"../../../Engine/Content/Internationalization/icudt64l/region/hi.res" 1309
"../../../Engine/Content/Internationalization/icudt64l/lang/hr.res" 1310
"../../../Engine/Content/Internationalization/icudt64l/region/hr.res" 1311
"../../../Engine/Content/Internationalization/icudt64l/lang/hsb.res" 1312
"../../../Engine/Content/Internationalization/icudt64l/region/hsb.res" 1313
"../../../Engine/Content/Internationalization/icudt64l/lang/hu.res" 1314
"../../../Engine/Content/Internationalization/icudt64l/region/hu.res" 1315
"../../../Engine/Content/Internationalization/icudt64l/lang/hy.res" 1316
"../../../Engine/Content/Internationalization/icudt64l/region/hy.res" 1317
"../../../Engine/Content/Internationalization/icudt64l/lang/ia.res" 1318
"../../../Engine/Content/Internationalization/icudt64l/region/ia.res" 1319
"../../../Engine/Content/Internationalization/icudt64l/lang/id.res" 1320
"../../../Engine/Content/Internationalization/icudt64l/lang/id_ID.res" 1321
"../../../Engine/Content/Internationalization/icudt64l/region/id_ID.res" 1322
"../../../Engine/Content/Internationalization/icudt64l/region/id.res" 1323
"../../../Engine/Content/Internationalization/icudt64l/lang/ig.res" 1324
"../../../Engine/Content/Internationalization/icudt64l/region/ig.res" 1325
"../../../Engine/Content/Internationalization/icudt64l/lang/ii.res" 1326
"../../../Engine/Content/Internationalization/icudt64l/region/ii.res" 1327
"../../../Engine/Content/Internationalization/icudt64l/lang/is.res" 1328
"../../../Engine/Content/Internationalization/icudt64l/region/is.res" 1329
"../../../Engine/Content/Internationalization/icudt64l/lang/it.res" 1330
"../../../Engine/Content/Internationalization/icudt64l/region/it.res" 1331
"../../../Engine/Content/Internationalization/icudt64l/lang/ja.res" 1332
"../../../Engine/Content/Internationalization/icudt64l/lang/ja_JP.res" 1333
"../../../Engine/Content/Internationalization/icudt64l/region/ja_JP.res" 1334
"../../../Engine/Content/Internationalization/icudt64l/region/ja.res" 1335
"../../../Engine/Content/Internationalization/icudt64l/lang/jgo.res" 1336
"../../../Engine/Content/Internationalization/icudt64l/region/jgo.res" 1337
"../../../Engine/Content/Internationalization/icudt64l/lang/jmc.res" 1338
"../../../Engine/Content/Internationalization/icudt64l/region/jmc.res" 1339
"../../../Engine/Content/Internationalization/icudt64l/lang/jv.res" 1340
"../../../Engine/Content/Internationalization/icudt64l/region/jv.res" 1341
"../../../Engine/Content/Internationalization/icudt64l/lang/ka.res" 1342
"../../../Engine/Content/Internationalization/icudt64l/region/ka.res" 1343
"../../../Engine/Content/Internationalization/icudt64l/lang/kab.res" 1344
"../../../Engine/Content/Internationalization/icudt64l/region/kab.res" 1345
"../../../Engine/Content/Internationalization/icudt64l/lang/kam.res" 1346
"../../../Engine/Content/Internationalization/icudt64l/region/kam.res" 1347
"../../../Engine/Content/Internationalization/icudt64l/lang/kde.res" 1348
"../../../Engine/Content/Internationalization/icudt64l/region/kde.res" 1349
"../../../Engine/Content/Internationalization/icudt64l/lang/kea.res" 1350
"../../../Engine/Content/Internationalization/icudt64l/region/kea.res" 1351
"../../../Engine/Content/Internationalization/icudt64l/lang/khq.res" 1352
"../../../Engine/Content/Internationalization/icudt64l/region/khq.res" 1353
"../../../Engine/Content/Internationalization/icudt64l/lang/ki.res" 1354
"../../../Engine/Content/Internationalization/icudt64l/region/ki.res" 1355
"../../../Engine/Content/Internationalization/icudt64l/lang/kk.res" 1356
"../../../Engine/Content/Internationalization/icudt64l/region/kk.res" 1357
"../../../Engine/Content/Internationalization/icudt64l/lang/kkj.res" 1358
"../../../Engine/Content/Internationalization/icudt64l/region/kkj.res" 1359
"../../../Engine/Content/Internationalization/icudt64l/lang/kl.res" 1360
"../../../Engine/Content/Internationalization/icudt64l/region/kl.res" 1361
"../../../Engine/Content/Internationalization/icudt64l/lang/kln.res" 1362
"../../../Engine/Content/Internationalization/icudt64l/region/kln.res" 1363
"../../../Engine/Content/Internationalization/icudt64l/lang/km.res" 1364
"../../../Engine/Content/Internationalization/icudt64l/region/km.res" 1365
"../../../Engine/Content/Internationalization/icudt64l/lang/kn.res" 1366
"../../../Engine/Content/Internationalization/icudt64l/region/kn.res" 1367
"../../../Engine/Content/Internationalization/icudt64l/lang/ko.res" 1368
"../../../Engine/Content/Internationalization/icudt64l/region/ko_KP.res" 1369
"../../../Engine/Content/Internationalization/icudt64l/region/ko.res" 1370
"../../../Engine/Content/Internationalization/icudt64l/lang/kok.res" 1371
"../../../Engine/Content/Internationalization/icudt64l/region/kok.res" 1372
"../../../Engine/Content/Internationalization/icudt64l/lang/ks.res" 1373
"../../../Engine/Content/Internationalization/icudt64l/region/ks.res" 1374
"../../../Engine/Content/Internationalization/icudt64l/lang/ksb.res" 1375
"../../../Engine/Content/Internationalization/icudt64l/region/ksb.res" 1376
"../../../Engine/Content/Internationalization/icudt64l/lang/ksf.res" 1377
"../../../Engine/Content/Internationalization/icudt64l/region/ksf.res" 1378
"../../../Engine/Content/Internationalization/icudt64l/lang/ksh.res" 1379
"../../../Engine/Content/Internationalization/icudt64l/region/ksh.res" 1380
"../../../Engine/Content/Internationalization/icudt64l/lang/ku.res" 1381
"../../../Engine/Content/Internationalization/icudt64l/region/ku.res" 1382
"../../../Engine/Content/Internationalization/icudt64l/lang/kw.res" 1383
"../../../Engine/Content/Internationalization/icudt64l/region/kw.res" 1384
"../../../Engine/Content/Internationalization/icudt64l/lang/ky.res" 1385
"../../../Engine/Content/Internationalization/icudt64l/region/ky.res" 1386
"../../../Engine/Content/Internationalization/icudt64l/lang/lag.res" 1387
"../../../Engine/Content/Internationalization/icudt64l/region/lag.res" 1388
"../../../Engine/Content/Internationalization/icudt64l/lang/lb.res" 1389
"../../../Engine/Content/Internationalization/icudt64l/region/lb.res" 1390
"../../../Engine/Content/Internationalization/icudt64l/lang/lg.res" 1391
"../../../Engine/Content/Internationalization/icudt64l/region/lg.res" 1392
"../../../Engine/Content/Internationalization/icudt64l/lang/lkt.res" 1393
"../../../Engine/Content/Internationalization/icudt64l/region/lkt.res" 1394
"../../../Engine/Content/Internationalization/icudt64l/lang/ln.res" 1395
"../../../Engine/Content/Internationalization/icudt64l/region/ln.res" 1396
"../../../Engine/Content/Internationalization/icudt64l/lang/lo.res" 1397
"../../../Engine/Content/Internationalization/icudt64l/region/lo.res" 1398
"../../../Engine/Content/Internationalization/icudt64l/lang/lrc.res" 1399
"../../../Engine/Content/Internationalization/icudt64l/region/lrc.res" 1400
"../../../Engine/Content/Internationalization/icudt64l/lang/lt.res" 1401
"../../../Engine/Content/Internationalization/icudt64l/region/lt.res" 1402
"../../../Engine/Content/Internationalization/icudt64l/lang/lu.res" 1403
"../../../Engine/Content/Internationalization/icudt64l/region/lu.res" 1404
"../../../Engine/Content/Internationalization/icudt64l/lang/luo.res" 1405
"../../../Engine/Content/Internationalization/icudt64l/region/luo.res" 1406
"../../../Engine/Content/Internationalization/icudt64l/lang/luy.res" 1407
"../../../Engine/Content/Internationalization/icudt64l/region/luy.res" 1408
"../../../Engine/Content/Internationalization/icudt64l/lang/lv.res" 1409
"../../../Engine/Content/Internationalization/icudt64l/region/lv.res" 1410
"../../../Engine/Content/Internationalization/icudt64l/lang/mas.res" 1411
"../../../Engine/Content/Internationalization/icudt64l/region/mas.res" 1412
"../../../Engine/Content/Internationalization/icudt64l/lang/mer.res" 1413
"../../../Engine/Content/Internationalization/icudt64l/region/mer.res" 1414
"../../../Engine/Content/Internationalization/icudt64l/lang/mfe.res" 1415
"../../../Engine/Content/Internationalization/icudt64l/region/mfe.res" 1416
"../../../Engine/Content/Internationalization/icudt64l/lang/mg.res" 1417
"../../../Engine/Content/Internationalization/icudt64l/region/mg.res" 1418
"../../../Engine/Content/Internationalization/icudt64l/lang/mgh.res" 1419
"../../../Engine/Content/Internationalization/icudt64l/region/mgh.res" 1420
"../../../Engine/Content/Internationalization/icudt64l/lang/mgo.res" 1421
"../../../Engine/Content/Internationalization/icudt64l/region/mgo.res" 1422
"../../../Engine/Content/Internationalization/icudt64l/lang/mi.res" 1423
"../../../Engine/Content/Internationalization/icudt64l/region/mi.res" 1424
"../../../Engine/Content/Internationalization/icudt64l/lang/mk.res" 1425
"../../../Engine/Content/Internationalization/icudt64l/region/mk.res" 1426
"../../../Engine/Content/Internationalization/icudt64l/lang/ml.res" 1427
"../../../Engine/Content/Internationalization/icudt64l/region/ml.res" 1428
"../../../Engine/Content/Internationalization/icudt64l/lang/mn.res" 1429
"../../../Engine/Content/Internationalization/icudt64l/region/mn.res" 1430
"../../../Engine/Content/Internationalization/icudt64l/lang/mr.res" 1431
"../../../Engine/Content/Internationalization/icudt64l/region/mr.res" 1432
"../../../Engine/Content/Internationalization/icudt64l/lang/ms.res" 1433
"../../../Engine/Content/Internationalization/icudt64l/region/ms.res" 1434
"../../../Engine/Content/Internationalization/icudt64l/lang/mt.res" 1435
"../../../Engine/Content/Internationalization/icudt64l/region/mt.res" 1436
"../../../Engine/Content/Internationalization/icudt64l/lang/mua.res" 1437
"../../../Engine/Content/Internationalization/icudt64l/region/mua.res" 1438
"../../../Engine/Content/Internationalization/icudt64l/lang/my.res" 1439
"../../../Engine/Content/Internationalization/icudt64l/region/my.res" 1440
"../../../Engine/Content/Internationalization/icudt64l/lang/mzn.res" 1441
"../../../Engine/Content/Internationalization/icudt64l/region/mzn.res" 1442
"../../../Engine/Content/Internationalization/icudt64l/lang/naq.res" 1443
"../../../Engine/Content/Internationalization/icudt64l/region/naq.res" 1444
"../../../Engine/Content/Internationalization/icudt64l/lang/nb.res" 1445
"../../../Engine/Content/Internationalization/icudt64l/lang/nb_NO.res" 1446
"../../../Engine/Content/Internationalization/icudt64l/region/nb_NO.res" 1447
"../../../Engine/Content/Internationalization/icudt64l/region/nb.res" 1448
"../../../Engine/Content/Internationalization/icudt64l/lang/nd.res" 1449
"../../../Engine/Content/Internationalization/icudt64l/region/nd.res" 1450
"../../../Engine/Content/Internationalization/icudt64l/lang/nds.res" 1451
"../../../Engine/Content/Internationalization/icudt64l/region/nds.res" 1452
"../../../Engine/Content/Internationalization/icudt64l/lang/ne.res" 1453
"../../../Engine/Content/Internationalization/icudt64l/region/ne.res" 1454
"../../../Engine/Content/Internationalization/icudt64l/lang/nl.res" 1455
"../../../Engine/Content/Internationalization/icudt64l/region/nl.res" 1456
"../../../Engine/Content/Internationalization/icudt64l/lang/nmg.res" 1457
"../../../Engine/Content/Internationalization/icudt64l/region/nmg.res" 1458
"../../../Engine/Content/Internationalization/icudt64l/lang/nn.res" 1459
"../../../Engine/Content/Internationalization/icudt64l/lang/nn_NO.res" 1460
"../../../Engine/Content/Internationalization/icudt64l/region/nn_NO.res" 1461
"../../../Engine/Content/Internationalization/icudt64l/region/nn.res" 1462
"../../../Engine/Content/Internationalization/icudt64l/lang/nnh.res" 1463
"../../../Engine/Content/Internationalization/icudt64l/region/nnh.res" 1464
"../../../Engine/Content/Internationalization/icudt64l/lang/nus.res" 1465
"../../../Engine/Content/Internationalization/icudt64l/region/nus.res" 1466
"../../../Engine/Content/Internationalization/icudt64l/lang/nyn.res" 1467
"../../../Engine/Content/Internationalization/icudt64l/region/nyn.res" 1468
"../../../Engine/Content/Internationalization/icudt64l/lang/om.res" 1469
"../../../Engine/Content/Internationalization/icudt64l/region/om.res" 1470
"../../../Engine/Content/Internationalization/icudt64l/lang/or.res" 1471
"../../../Engine/Content/Internationalization/icudt64l/region/or.res" 1472
"../../../Engine/Content/Internationalization/icudt64l/lang/os.res" 1473
"../../../Engine/Content/Internationalization/icudt64l/region/os.res" 1474
"../../../Engine/Content/Internationalization/icudt64l/lang/pa.res" 1475
"../../../Engine/Content/Internationalization/icudt64l/lang/pa_Arab.res" 1476
"../../../Engine/Content/Internationalization/icudt64l/lang/pa_PK.res" 1477
"../../../Engine/Content/Internationalization/icudt64l/lang/pa_Arab_PK.res" 1478
"../../../Engine/Content/Internationalization/icudt64l/region/pa_PK.res" 1479
"../../../Engine/Content/Internationalization/icudt64l/region/pa_Arab_PK.res" 1480
"../../../Engine/Content/Internationalization/icudt64l/region/pa_Arab.res" 1481
"../../../Engine/Content/Internationalization/icudt64l/lang/pa_Guru.res" 1482
"../../../Engine/Content/Internationalization/icudt64l/lang/pa_IN.res" 1483
"../../../Engine/Content/Internationalization/icudt64l/lang/pa_Guru_IN.res" 1484
"../../../Engine/Content/Internationalization/icudt64l/region/pa_IN.res" 1485
"../../../Engine/Content/Internationalization/icudt64l/region/pa_Guru_IN.res" 1486
"../../../Engine/Content/Internationalization/icudt64l/region/pa_Guru.res" 1487
"../../../Engine/Content/Internationalization/icudt64l/region/pa.res" 1488
"../../../Engine/Content/Internationalization/icudt64l/lang/pl.res" 1489
"../../../Engine/Content/Internationalization/icudt64l/region/pl.res" 1490
"../../../Engine/Content/Internationalization/icudt64l/lang/ps.res" 1491
"../../../Engine/Content/Internationalization/icudt64l/region/ps.res" 1492
"../../../Engine/Content/Internationalization/icudt64l/lang/ps_PK.res" 1493
"../../../Engine/Content/Internationalization/icudt64l/region/ps_PK.res" 1494
"../../../Engine/Content/Internationalization/icudt64l/lang/pt.res" 1495
"../../../Engine/Content/Internationalization/icudt64l/lang/pt_AO.res" 1496
"../../../Engine/Content/Internationalization/icudt64l/lang/pt_PT.res" 1497
"../../../Engine/Content/Internationalization/icudt64l/region/pt_AO.res" 1498
"../../../Engine/Content/Internationalization/icudt64l/region/pt_PT.res" 1499
"../../../Engine/Content/Internationalization/icudt64l/region/pt.res" 1500
"../../../Engine/Content/Internationalization/icudt64l/lang/pt_CH.res" 1501
"../../../Engine/Content/Internationalization/icudt64l/region/pt_CH.res" 1502
"../../../Engine/Content/Internationalization/icudt64l/lang/pt_CV.res" 1503
"../../../Engine/Content/Internationalization/icudt64l/region/pt_CV.res" 1504
"../../../Engine/Content/Internationalization/icudt64l/lang/pt_GQ.res" 1505
"../../../Engine/Content/Internationalization/icudt64l/region/pt_GQ.res" 1506
"../../../Engine/Content/Internationalization/icudt64l/lang/pt_GW.res" 1507
"../../../Engine/Content/Internationalization/icudt64l/region/pt_GW.res" 1508
"../../../Engine/Content/Internationalization/icudt64l/lang/pt_LU.res" 1509
"../../../Engine/Content/Internationalization/icudt64l/region/pt_LU.res" 1510
"../../../Engine/Content/Internationalization/icudt64l/lang/pt_MO.res" 1511
"../../../Engine/Content/Internationalization/icudt64l/region/pt_MO.res" 1512
"../../../Engine/Content/Internationalization/icudt64l/lang/pt_MZ.res" 1513
"../../../Engine/Content/Internationalization/icudt64l/region/pt_MZ.res" 1514
"../../../Engine/Content/Internationalization/icudt64l/lang/pt_ST.res" 1515
"../../../Engine/Content/Internationalization/icudt64l/region/pt_ST.res" 1516
"../../../Engine/Content/Internationalization/icudt64l/lang/pt_TL.res" 1517
"../../../Engine/Content/Internationalization/icudt64l/region/pt_TL.res" 1518
"../../../Engine/Content/Internationalization/icudt64l/lang/qu.res" 1519
"../../../Engine/Content/Internationalization/icudt64l/region/qu.res" 1520
"../../../Engine/Content/Internationalization/icudt64l/lang/rm.res" 1521
"../../../Engine/Content/Internationalization/icudt64l/region/rm.res" 1522
"../../../Engine/Content/Internationalization/icudt64l/lang/rn.res" 1523
"../../../Engine/Content/Internationalization/icudt64l/region/rn.res" 1524
"../../../Engine/Content/Internationalization/icudt64l/lang/ro.res" 1525
"../../../Engine/Content/Internationalization/icudt64l/lang/ro_MD.res" 1526
"../../../Engine/Content/Internationalization/icudt64l/region/ro_MD.res" 1527
"../../../Engine/Content/Internationalization/icudt64l/region/ro.res" 1528
"../../../Engine/Content/Internationalization/icudt64l/lang/rof.res" 1529
"../../../Engine/Content/Internationalization/icudt64l/region/rof.res" 1530
"../../../Engine/Content/Internationalization/icudt64l/lang/ru.res" 1531
"../../../Engine/Content/Internationalization/icudt64l/region/ru.res" 1532
"../../../Engine/Content/Internationalization/icudt64l/region/ru_UA.res" 1533
"../../../Engine/Content/Internationalization/icudt64l/lang/rw.res" 1534
"../../../Engine/Content/Internationalization/icudt64l/region/rw.res" 1535
"../../../Engine/Content/Internationalization/icudt64l/lang/rwk.res" 1536
"../../../Engine/Content/Internationalization/icudt64l/region/rwk.res" 1537
"../../../Engine/Content/Internationalization/icudt64l/lang/sah.res" 1538
"../../../Engine/Content/Internationalization/icudt64l/region/sah.res" 1539
"../../../Engine/Content/Internationalization/icudt64l/lang/saq.res" 1540
"../../../Engine/Content/Internationalization/icudt64l/region/saq.res" 1541
"../../../Engine/Content/Internationalization/icudt64l/lang/sbp.res" 1542
"../../../Engine/Content/Internationalization/icudt64l/region/sbp.res" 1543
"../../../Engine/Content/Internationalization/icudt64l/lang/sd.res" 1544
"../../../Engine/Content/Internationalization/icudt64l/region/sd.res" 1545
"../../../Engine/Content/Internationalization/icudt64l/lang/se.res" 1546
"../../../Engine/Content/Internationalization/icudt64l/lang/se_FI.res" 1547
"../../../Engine/Content/Internationalization/icudt64l/region/se_FI.res" 1548
"../../../Engine/Content/Internationalization/icudt64l/region/se.res" 1549
"../../../Engine/Content/Internationalization/icudt64l/lang/seh.res" 1550
"../../../Engine/Content/Internationalization/icudt64l/region/seh.res" 1551
"../../../Engine/Content/Internationalization/icudt64l/lang/ses.res" 1552
"../../../Engine/Content/Internationalization/icudt64l/region/ses.res" 1553
"../../../Engine/Content/Internationalization/icudt64l/lang/sg.res" 1554
"../../../Engine/Content/Internationalization/icudt64l/region/sg.res" 1555
"../../../Engine/Content/Internationalization/icudt64l/lang/shi.res" 1556
"../../../Engine/Content/Internationalization/icudt64l/lang/shi_Latn.res" 1557
"../../../Engine/Content/Internationalization/icudt64l/lang/shi_MA.res" 1558
"../../../Engine/Content/Internationalization/icudt64l/lang/shi_Tfng_MA.res" 1559
"../../../Engine/Content/Internationalization/icudt64l/lang/shi_Tfng.res" 1560
"../../../Engine/Content/Internationalization/icudt64l/region/shi_MA.res" 1561
"../../../Engine/Content/Internationalization/icudt64l/region/shi_Tfng_MA.res" 1562
"../../../Engine/Content/Internationalization/icudt64l/region/shi_Tfng.res" 1563
"../../../Engine/Content/Internationalization/icudt64l/region/shi.res" 1564
"../../../Engine/Content/Internationalization/icudt64l/region/shi_Latn.res" 1565
"../../../Engine/Content/Internationalization/icudt64l/lang/si.res" 1566
"../../../Engine/Content/Internationalization/icudt64l/region/si.res" 1567
"../../../Engine/Content/Internationalization/icudt64l/lang/sk.res" 1568
"../../../Engine/Content/Internationalization/icudt64l/region/sk.res" 1569
"../../../Engine/Content/Internationalization/icudt64l/lang/sl.res" 1570
"../../../Engine/Content/Internationalization/icudt64l/region/sl.res" 1571
"../../../Engine/Content/Internationalization/icudt64l/lang/smn.res" 1572
"../../../Engine/Content/Internationalization/icudt64l/region/smn.res" 1573
"../../../Engine/Content/Internationalization/icudt64l/lang/sn.res" 1574
"../../../Engine/Content/Internationalization/icudt64l/region/sn.res" 1575
"../../../Engine/Content/Internationalization/icudt64l/lang/so.res" 1576
"../../../Engine/Content/Internationalization/icudt64l/region/so.res" 1577
"../../../Engine/Content/Internationalization/icudt64l/lang/sq.res" 1578
"../../../Engine/Content/Internationalization/icudt64l/region/sq.res" 1579
"../../../Engine/Content/Internationalization/icudt64l/lang/sr.res" 1580
"../../../Engine/Content/Internationalization/icudt64l/lang/sr_Cyrl.res" 1581
"../../../Engine/Content/Internationalization/icudt64l/lang/sr_BA.res" 1582
"../../../Engine/Content/Internationalization/icudt64l/lang/sr_Cyrl_BA.res" 1583
"../../../Engine/Content/Internationalization/icudt64l/region/sr_BA.res" 1584
"../../../Engine/Content/Internationalization/icudt64l/region/sr_Cyrl_BA.res" 1585
"../../../Engine/Content/Internationalization/icudt64l/region/sr_Cyrl.res" 1586
"../../../Engine/Content/Internationalization/icudt64l/region/sr.res" 1587
"../../../Engine/Content/Internationalization/icudt64l/lang/sr_ME.res" 1588
"../../../Engine/Content/Internationalization/icudt64l/lang/sr_Latn_ME.res" 1589
"../../../Engine/Content/Internationalization/icudt64l/lang/sr_Latn.res" 1590
"../../../Engine/Content/Internationalization/icudt64l/region/sr_ME.res" 1591
"../../../Engine/Content/Internationalization/icudt64l/region/sr_Latn_ME.res" 1592
"../../../Engine/Content/Internationalization/icudt64l/region/sr_Latn.res" 1593
"../../../Engine/Content/Internationalization/icudt64l/lang/sr_Cyrl_ME.res" 1594
"../../../Engine/Content/Internationalization/icudt64l/region/sr_Cyrl_ME.res" 1595
"../../../Engine/Content/Internationalization/icudt64l/lang/sr_RS.res" 1596
"../../../Engine/Content/Internationalization/icudt64l/lang/sr_Cyrl_RS.res" 1597
"../../../Engine/Content/Internationalization/icudt64l/region/sr_RS.res" 1598
"../../../Engine/Content/Internationalization/icudt64l/region/sr_Cyrl_RS.res" 1599
"../../../Engine/Content/Internationalization/icudt64l/lang/sr_XK.res" 1600
"../../../Engine/Content/Internationalization/icudt64l/lang/sr_Cyrl_XK.res" 1601
"../../../Engine/Content/Internationalization/icudt64l/region/sr_XK.res" 1602
"../../../Engine/Content/Internationalization/icudt64l/region/sr_Cyrl_XK.res" 1603
"../../../Engine/Content/Internationalization/icudt64l/lang/sr_Latn_BA.res" 1604
"../../../Engine/Content/Internationalization/icudt64l/region/sr_Latn_BA.res" 1605
"../../../Engine/Content/Internationalization/icudt64l/lang/sr_Latn_RS.res" 1606
"../../../Engine/Content/Internationalization/icudt64l/region/sr_Latn_RS.res" 1607
"../../../Engine/Content/Internationalization/icudt64l/lang/sr_Latn_XK.res" 1608
"../../../Engine/Content/Internationalization/icudt64l/region/sr_Latn_XK.res" 1609
"../../../Engine/Content/Internationalization/icudt64l/lang/sv.res" 1610
"../../../Engine/Content/Internationalization/icudt64l/region/sv.res" 1611
"../../../Engine/Content/Internationalization/icudt64l/lang/sv_FI.res" 1612
"../../../Engine/Content/Internationalization/icudt64l/lang/sw.res" 1613
"../../../Engine/Content/Internationalization/icudt64l/lang/sw_CD.res" 1614
"../../../Engine/Content/Internationalization/icudt64l/region/sw_CD.res" 1615
"../../../Engine/Content/Internationalization/icudt64l/region/sw.res" 1616
"../../../Engine/Content/Internationalization/icudt64l/lang/sw_KE.res" 1617
"../../../Engine/Content/Internationalization/icudt64l/region/sw_KE.res" 1618
"../../../Engine/Content/Internationalization/icudt64l/lang/ta.res" 1619
"../../../Engine/Content/Internationalization/icudt64l/region/ta.res" 1620
"../../../Engine/Content/Internationalization/icudt64l/lang/te.res" 1621
"../../../Engine/Content/Internationalization/icudt64l/region/te.res" 1622
"../../../Engine/Content/Internationalization/icudt64l/lang/teo.res" 1623
"../../../Engine/Content/Internationalization/icudt64l/region/teo.res" 1624
"../../../Engine/Content/Internationalization/icudt64l/lang/tg.res" 1625
"../../../Engine/Content/Internationalization/icudt64l/region/tg.res" 1626
"../../../Engine/Content/Internationalization/icudt64l/lang/th.res" 1627
"../../../Engine/Content/Internationalization/icudt64l/lang/th_TH.res" 1628
"../../../Engine/Content/Internationalization/icudt64l/region/th_TH.res" 1629
"../../../Engine/Content/Internationalization/icudt64l/region/th.res" 1630
"../../../Engine/Content/Internationalization/icudt64l/lang/ti.res" 1631
"../../../Engine/Content/Internationalization/icudt64l/region/ti.res" 1632
"../../../Engine/Content/Internationalization/icudt64l/lang/tk.res" 1633
"../../../Engine/Content/Internationalization/icudt64l/region/tk.res" 1634
"../../../Engine/Content/Internationalization/icudt64l/lang/to.res" 1635
"../../../Engine/Content/Internationalization/icudt64l/region/to.res" 1636
"../../../Engine/Content/Internationalization/icudt64l/lang/tr.res" 1637
"../../../Engine/Content/Internationalization/icudt64l/region/tr.res" 1638
"../../../Engine/Content/Internationalization/icudt64l/lang/tt.res" 1639
"../../../Engine/Content/Internationalization/icudt64l/region/tt.res" 1640
"../../../Engine/Content/Internationalization/icudt64l/lang/twq.res" 1641
"../../../Engine/Content/Internationalization/icudt64l/region/twq.res" 1642
"../../../Engine/Content/Internationalization/icudt64l/lang/tzm.res" 1643
"../../../Engine/Content/Internationalization/icudt64l/region/tzm.res" 1644
"../../../Engine/Content/Internationalization/icudt64l/lang/ug.res" 1645
"../../../Engine/Content/Internationalization/icudt64l/region/ug.res" 1646
"../../../Engine/Content/Internationalization/icudt64l/lang/uk.res" 1647
"../../../Engine/Content/Internationalization/icudt64l/region/uk.res" 1648
"../../../Engine/Content/Internationalization/icudt64l/lang/ur.res" 1649
"../../../Engine/Content/Internationalization/icudt64l/lang/ur_IN.res" 1650
"../../../Engine/Content/Internationalization/icudt64l/region/ur_IN.res" 1651
"../../../Engine/Content/Internationalization/icudt64l/region/ur.res" 1652
"../../../Engine/Content/Internationalization/icudt64l/lang/uz.res" 1653
"../../../Engine/Content/Internationalization/icudt64l/lang/uz_Arab.res" 1654
"../../../Engine/Content/Internationalization/icudt64l/lang/uz_AF.res" 1655
"../../../Engine/Content/Internationalization/icudt64l/lang/uz_Arab_AF.res" 1656
"../../../Engine/Content/Internationalization/icudt64l/region/uz_AF.res" 1657
"../../../Engine/Content/Internationalization/icudt64l/region/uz_Arab_AF.res" 1658
"../../../Engine/Content/Internationalization/icudt64l/region/uz_Arab.res" 1659
"../../../Engine/Content/Internationalization/icudt64l/lang/uz_Cyrl.res" 1660
"../../../Engine/Content/Internationalization/icudt64l/lang/uz_UZ.res" 1661
"../../../Engine/Content/Internationalization/icudt64l/lang/uz_Latn_UZ.res" 1662
"../../../Engine/Content/Internationalization/icudt64l/lang/uz_Latn.res" 1663
"../../../Engine/Content/Internationalization/icudt64l/region/uz_UZ.res" 1664
"../../../Engine/Content/Internationalization/icudt64l/region/uz_Latn_UZ.res" 1665
"../../../Engine/Content/Internationalization/icudt64l/region/uz_Latn.res" 1666
"../../../Engine/Content/Internationalization/icudt64l/region/uz.res" 1667
"../../../Engine/Content/Internationalization/icudt64l/region/uz_Cyrl.res" 1668
"../../../Engine/Content/Internationalization/icudt64l/lang/vai.res" 1669
"../../../Engine/Content/Internationalization/icudt64l/lang/vai_Latn.res" 1670
"../../../Engine/Content/Internationalization/icudt64l/lang/vai_LR.res" 1671
"../../../Engine/Content/Internationalization/icudt64l/lang/vai_Vaii_LR.res" 1672
"../../../Engine/Content/Internationalization/icudt64l/lang/vai_Vaii.res" 1673
"../../../Engine/Content/Internationalization/icudt64l/region/vai_LR.res" 1674
"../../../Engine/Content/Internationalization/icudt64l/region/vai_Vaii_LR.res" 1675
"../../../Engine/Content/Internationalization/icudt64l/region/vai_Vaii.res" 1676
"../../../Engine/Content/Internationalization/icudt64l/region/vai.res" 1677
"../../../Engine/Content/Internationalization/icudt64l/region/vai_Latn.res" 1678
"../../../Engine/Content/Internationalization/icudt64l/lang/vi.res" 1679
"../../../Engine/Content/Internationalization/icudt64l/region/vi.res" 1680
"../../../Engine/Content/Internationalization/icudt64l/lang/vun.res" 1681
"../../../Engine/Content/Internationalization/icudt64l/region/vun.res" 1682
"../../../Engine/Content/Internationalization/icudt64l/lang/wae.res" 1683
"../../../Engine/Content/Internationalization/icudt64l/region/wae.res" 1684
"../../../Engine/Content/Internationalization/icudt64l/lang/wo.res" 1685
"../../../Engine/Content/Internationalization/icudt64l/region/wo.res" 1686
"../../../Engine/Content/Internationalization/icudt64l/lang/xh.res" 1687
"../../../Engine/Content/Internationalization/icudt64l/region/xh.res" 1688
"../../../Engine/Content/Internationalization/icudt64l/lang/xog.res" 1689
"../../../Engine/Content/Internationalization/icudt64l/region/xog.res" 1690
"../../../Engine/Content/Internationalization/icudt64l/lang/yav.res" 1691
"../../../Engine/Content/Internationalization/icudt64l/region/yav.res" 1692
"../../../Engine/Content/Internationalization/icudt64l/lang/yi.res" 1693
"../../../Engine/Content/Internationalization/icudt64l/region/yi.res" 1694
"../../../Engine/Content/Internationalization/icudt64l/lang/yo.res" 1695
"../../../Engine/Content/Internationalization/icudt64l/lang/yo_BJ.res" 1696
"../../../Engine/Content/Internationalization/icudt64l/region/yo_BJ.res" 1697
"../../../Engine/Content/Internationalization/icudt64l/region/yo.res" 1698
"../../../Engine/Content/Internationalization/icudt64l/lang/yue.res" 1699
"../../../Engine/Content/Internationalization/icudt64l/lang/yue_Hans.res" 1700
"../../../Engine/Content/Internationalization/icudt64l/lang/yue_CN.res" 1701
"../../../Engine/Content/Internationalization/icudt64l/lang/yue_Hans_CN.res" 1702
"../../../Engine/Content/Internationalization/icudt64l/region/yue_CN.res" 1703
"../../../Engine/Content/Internationalization/icudt64l/region/yue_Hans_CN.res" 1704
"../../../Engine/Content/Internationalization/icudt64l/region/yue_Hans.res" 1705
"../../../Engine/Content/Internationalization/icudt64l/lang/yue_Hant.res" 1706
"../../../Engine/Content/Internationalization/icudt64l/lang/yue_HK.res" 1707
"../../../Engine/Content/Internationalization/icudt64l/lang/yue_Hant_HK.res" 1708
"../../../Engine/Content/Internationalization/icudt64l/region/yue_HK.res" 1709
"../../../Engine/Content/Internationalization/icudt64l/region/yue_Hant_HK.res" 1710
"../../../Engine/Content/Internationalization/icudt64l/region/yue_Hant.res" 1711
"../../../Engine/Content/Internationalization/icudt64l/region/yue.res" 1712
"../../../Engine/Content/Internationalization/icudt64l/lang/zgh.res" 1713
"../../../Engine/Content/Internationalization/icudt64l/region/zgh.res" 1714
"../../../Engine/Content/Internationalization/icudt64l/lang/zh.res" 1715
"../../../Engine/Content/Internationalization/icudt64l/lang/zh_Hans.res" 1716
"../../../Engine/Content/Internationalization/icudt64l/lang/zh_CN.res" 1717
"../../../Engine/Content/Internationalization/icudt64l/lang/zh_Hans_CN.res" 1718
"../../../Engine/Content/Internationalization/icudt64l/region/zh_CN.res" 1719
"../../../Engine/Content/Internationalization/icudt64l/region/zh_Hans_CN.res" 1720
"../../../Engine/Content/Internationalization/icudt64l/region/zh_Hans.res" 1721
"../../../Engine/Content/Internationalization/icudt64l/region/zh.res" 1722
"../../../Engine/Content/Internationalization/icudt64l/lang/zh_HK.res" 1723
"../../../Engine/Content/Internationalization/icudt64l/lang/zh_Hant_HK.res" 1724
"../../../Engine/Content/Internationalization/icudt64l/region/zh_HK.res" 1725
"../../../Engine/Content/Internationalization/icudt64l/region/zh_Hant_HK.res" 1726
"../../../Engine/Content/Internationalization/icudt64l/lang/zh_MO.res" 1727
"../../../Engine/Content/Internationalization/icudt64l/lang/zh_Hant_MO.res" 1728
"../../../Engine/Content/Internationalization/icudt64l/region/zh_MO.res" 1729
"../../../Engine/Content/Internationalization/icudt64l/region/zh_Hant_MO.res" 1730
"../../../Engine/Content/Internationalization/icudt64l/lang/zh_SG.res" 1731
"../../../Engine/Content/Internationalization/icudt64l/lang/zh_Hans_SG.res" 1732
"../../../Engine/Content/Internationalization/icudt64l/region/zh_SG.res" 1733
"../../../Engine/Content/Internationalization/icudt64l/region/zh_Hans_SG.res" 1734
"../../../Engine/Content/Internationalization/icudt64l/lang/zu.res" 1735
"../../../Engine/Content/Internationalization/icudt64l/region/zu.res" 1736
"../../../Engine/Content/Internationalization/icudt64l/lang/no.res" 1737
"../../../Engine/Content/Internationalization/icudt64l/lang/tl.res" 1738
"../../../Engine/Config/Android/DataDrivenPlatformInfo.ini" 1739
"../../../Engine/Config/IOS/DataDrivenPlatformInfo.ini" 1740
"../../../Engine/Config/Linux/DataDrivenPlatformInfo.ini" 1741
"../../../Engine/Config/LinuxArm64/DataDrivenPlatformInfo.ini" 1742
"../../../Engine/Config/Mac/DataDrivenPlatformInfo.ini" 1743
"../../../Engine/Config/TVOS/DataDrivenPlatformInfo.ini" 1744
"../../../Engine/Config/Unix/DataDrivenPlatformInfo.ini" 1745
"../../../Engine/Config/VulkanPC/DataDrivenPlatformInfo.ini" 1746
"../../../Engine/Config/Windows/DataDrivenPlatformInfo.ini" 1747
"../../../Engine/DerivedDataCache/Compressed.ddp" 1748
"C:/Users/User/AppData/Local/UnrealEngine/Common/DerivedDataCache/TestData/0/TestData_4kb.dat" 1749
"C:/Users/User/AppData/Local/UnrealEngine/Common/DerivedDataCache/TestData/1/TestData_4kb.dat" 1750
"C:/Users/User/AppData/Local/UnrealEngine/Common/DerivedDataCache/TestData/0/TestData_8kb.dat" 1751
"C:/Users/User/AppData/Local/UnrealEngine/Common/DerivedDataCache/TestData/1/TestData_8kb.dat" 1752
"C:/Users/User/AppData/Local/UnrealEngine/Common/DerivedDataCache/TestData/0/TestData_16kb.dat" 1753
"C:/Users/User/AppData/Local/UnrealEngine/Common/DerivedDataCache/TestData/1/TestData_16kb.dat" 1754
"C:/Users/User/AppData/Local/UnrealEngine/Common/DerivedDataCache/TestData/0/TestData_64kb.dat" 1755
"C:/Users/User/AppData/Local/UnrealEngine/Common/DerivedDataCache/TestData/1/TestData_64kb.dat" 1756
"C:/Users/User/AppData/Local/UnrealEngine/Common/DerivedDataCache/TestData/0/TestData_128kb.dat" 1757
"C:/Users/User/AppData/Local/UnrealEngine/Common/DerivedDataCache/TestData/1/TestData_128kb.dat" 1758
"C:/Users/User/AppData/Local/UnrealEngine/Common/DerivedDataCache/TestData/0/TestData_256kb.dat" 1759
"C:/Users/User/AppData/Local/UnrealEngine/Common/DerivedDataCache/TestData/1/TestData_256kb.dat" 1760
"../../../Engine/Plugins/FX/Niagara/Shaders/Private/NiagaraSpriteVertexFactory.ush" 1761
"../../../Engine/Shaders/Private/VertexFactoryCommon.ush" 1762
"../../../Engine/Shaders/Private/Common.ush" 1763
"../../../Engine/Shaders/Public/Platform.ush" 1764
"../../../Engine/Shaders/Public/FP16Math.ush" 1765
"../../../Engine/Shaders/Public/Platform/D3D/D3DCommon.ush" 1766
"../../../Engine/Shaders/Public/BindlessResources.ush" 1767
"../../../Engine/Shaders/Public/OverloadMacros.ush" 1768
"../../../Engine/Shaders/Public/ShaderVersion.ush" 1769
"../../../Engine/Shaders/Private/PackUnpack.ush" 1770
"../../../Engine/Shaders/Private/GeneratedUniformBufferTypes.ush" 1771
"../../../Engine/Shaders/Private/Nanite/NanitePackedNaniteView.ush" 1772
"../../../Engine/Shaders/Private/HairStrands/HairStrandsVisibilityCommonStruct.ush" 1773
"../../../Engine/Shaders/Private/HairStrands/HairStrandsVoxelPageCommonStruct.ush" 1774
"../../../Engine/Shaders/Private/HairStrands/HairStrandsDeepShadowCommonStruct.ush" 1775
"../../../Engine/Shaders/Shared/LightSceneData.h" 1776
"../../../Engine/Shaders/Shared/HLSLTypeAliases.h" 1777
"../../../Engine/Shaders/Private/LargeWorldCoordinates.ush" 1778
"../../../Engine/Shaders/Private/LWCOperations.ush" 1779
"../../../Engine/Shaders/Private/CommonViewUniformBuffer.ush" 1780
"../../../Engine/Shaders/Private/InstancedStereo.ush" 1781
"../../../Engine/Shaders/Private/Definitions.usf" 1782
"../../../Engine/Shaders/Private/AssertionMacros.ush" 1783
"../../../Engine/Shaders/Private/FastMath.ush" 1784
"../../../Engine/Shaders/Private/FastMathThirdParty.ush" 1785
"../../../Engine/Shaders/Private/Random.ush" 1786
"../../../Engine/Shaders/Private/SceneData.ush" 1787
"../../../Engine/Shaders/Private/OctahedralCommon.ush" 1788
"../../../Engine/Shaders/Shared/SceneDefinitions.h" 1789
"../../../Engine/Shaders/Private/ParticleVertexFactoryCommon.ush" 1790
"../../../Engine/Plugins/FX/Niagara/Shaders/Private/NiagaraVFCommon.usf" 1791
"../../../Engine/Plugins/FX/Niagara/Shaders/Private/NiagaraVFParticleAccess.usf" 1792
"../../../Engine/Plugins/FX/Niagara/Shaders/Private/NiagaraParticleAccess.ush" 1793
"../../../Engine/Shaders/Private/VertexFactoryDefaultInterface.ush" 1794
"../../../Engine/Plugins/FX/Niagara/Shaders/Private/NiagaraRibbonVertexFactory.ush" 1795
"../../../Engine/Plugins/FX/Niagara/Shaders/Private/NiagaraMeshVertexFactory.ush" 1796
"../../../Engine/Plugins/FX/Niagara/Shaders/Private/NiagaraCommon.ush" 1797
"../../../Engine/Plugins/FX/Niagara/Shaders/Private/NiagaraMeshParticleUtils.ush" 1798
"../../../Engine/Shaders/Private/RayTracing/RayTracingCommon.ush" 1799
"../../../Engine/Shaders/Private/ShadingCommon.ush" 1800
"../../../Engine/Shaders/Shared/RayTracingDefinitions.h" 1801
"../../../Engine/Shaders/Shared/RayTracingPayloadType.h" 1802
"../../../Engine/Shaders/Shared/HLSLStaticAssert.h" 1803
"../../../Engine/Shaders/Private/RayTracing/RayTracingRayCone.ush" 1804
"../../../Engine/Shaders/Private/Strata/Strata.ush" 1805
"../../../Engine/Shaders/Private/ShadingEnergyConservation.ush" 1806
"../../../Engine/Shaders/Private/ShadingEnergyConservationTemplate.ush" 1807
"../../../Engine/Shaders/Private/BRDF.ush" 1808
"../../../Engine/Shaders/Private/ColorSpace.ush" 1809
"../../../Engine/Shaders/Private/DeferredShadingCommon.ush" 1810
"../../../Engine/Shaders/Private/LightAccumulator.ush" 1811
"../../../Engine/Shaders/Private/SceneTexturesCommon.ush" 1812
"../../../Engine/Shaders/Private/MonteCarlo.ush" 1813
"../../../Engine/Shaders/Private/GBufferHelpers.ush" 1814
"../../../Engine/Shaders/Private/SceneTextureParameters.ush" 1815
"D:/graphic/arcgisTest/arcgis/Intermediate/ShaderAutogen/PCD3D_SM5/AutogenShaderHeaders.ush" 1816
"../../../Engine/Shaders/Private/ParticipatingMediaCommon.ush" 1817
"../../../Engine/Shaders/Private/ThinFilmBSDF.ush" 1818
"../../../Engine/Shaders/Private/MortonCode.ush" 1819
"../../../Engine/Shaders/Private/SubsurfaceProfileCommon.ush" 1820
"../../../Engine/Shaders/Private/BurleyNormalizedSSSCommon.ush" 1821
"../../../Engine/Shaders/Private/GammaCorrectionCommon.ush" 1822
"../../../Engine/Shaders/Shared/StrataDefinitions.h" 1823
"../../../Engine/Shaders/Private/Strata/StrataStatisticalOperators.ush" 1824
"../../../Engine/Shaders/Private/Strata/StrataSubsurface.ush" 1825
"../../../Engine/Shaders/Private/TransmissionCommon.ush" 1826
"../../../Engine/Shaders/Private/RayTracing/RayTracingCommonMetal.ush" 1827
"../../../Engine/Shaders/Private/PositionReconstructionCommon.ush" 1828
"../../../Engine/Shaders/Private/RayTracing/TraceRayInline.ush" 1829
"../../../Engine/Shaders/Private/RayTracing/TraceRayInlineCommon.ush" 1830
"../../../Engine/Shaders/Private/RayTracing/TraceRayInlineVulkan.ush" 1831
"../../../Engine/Shaders/Private/RayTracing/TraceRayInlineMetal.ush" 1832
"../../../Engine/Shaders/Private/RayTracing/RayTracingHitGroupCommon.ush" 1833
"../../../Engine/Shaders/Shared/RayTracingBuiltInResources.h" 1834
"../../../Engine/Shaders/Private/Nanite/NaniteDataDecode.ush" 1835
"../../../Engine/Shaders/Private/BitPacking.ush" 1836
"../../../Engine/Shaders/Private/BitStreamReaderImplementation.ush" 1837
"../../../Engine/Shaders/Shared/NaniteDefinitions.h" 1838
"../../../Engine/Shaders/Private/Nanite/NaniteAttributeDecode.ush" 1839
"../../../Engine/Shaders/Private/VectorFieldVisualizationVertexFactory.ush" 1840
"../../../Engine/Shaders/Private/Nanite/NaniteVertexFactory.ush" 1841
"../../../Engine/Shaders/Private/LightmapData.ush" 1842
"../../../Engine/Shaders/Private/SplineMeshCommon.ush" 1843
"../../../Engine/Shaders/Shared/SplineMeshShaderParams.h" 1844
"../../../Engine/Shaders/Private/Quaternion.ush" 1845
"../../../Engine/Shaders/Private/ShaderPrint.ush" 1846
"../../../Engine/Shaders/Private/ShaderPrintCommon.ush" 1847
"../../../Engine/Shaders/Private/MiniFontCommon.ush" 1848
"../../../Engine/Shaders/Private/ParticleSpriteVertexFactory.ush" 1849
"../../../Engine/Shaders/Private/ParticleGPUSpriteVertexFactory.ush" 1850
"../../../Engine/Shaders/Private/ParticleBeamTrailVertexFactory.ush" 1851
"../../../Engine/Shaders/Private/MeshParticleVertexFactory.ush" 1852
"../../../Engine/Shaders/Private/LocalVertexFactory.ush" 1853
"../../../Engine/Shaders/Private/LocalVertexFactoryCommon.ush" 1854
"../../../Engine/Shaders/Private/GpuSkinCommon.ush" 1855
"../../../Engine/Shaders/Private/GpuSkinVertexFactory.ush" 1856
"../../../Engine/Shaders/Private/GeometryCollectionVertexFactory.ush" 1857
"../../../Engine/Shaders/Private/GeometryCacheVertexFactory.ush" 1858
"../../../Engine/Shaders/Private/LandscapeVertexFactory.ush" 1859
"D:/graphic/arcgisTest/arcgis/Plugins/ArcGISMapsSDK/Shaders/Private/NormalMapGeneratorLocalViewModePS.usf" 1860
"D:/graphic/arcgisTest/arcgis/Plugins/ArcGISMapsSDK/Shaders/Private/NormalMapGeneratorUtils.ush" 1861
"D:/graphic/arcgisTest/arcgis/Plugins/ArcGISMapsSDK/Shaders/Private/NormalMapGeneratorGlobalViewModePS.usf" 1862
"D:/graphic/arcgisTest/arcgis/Plugins/ArcGISMapsSDK/Shaders/Private/NormalMapGeneratorLocalViewModeCS.usf" 1863
"D:/graphic/arcgisTest/arcgis/Plugins/ArcGISMapsSDK/Shaders/Private/NormalMapGeneratorGlobalViewModeCS.usf" 1864
"D:/graphic/arcgisTest/arcgis/Plugins/ArcGISMapsSDK/Shaders/Private/IntegratedMeshClipping.usf" 1865
"../../../Engine/Shaders/Private/MaterialTemplate.ush" 1866
"../../../Engine/Shaders/Private/EyeAdaptationCommon.ush" 1867
"../../../Engine/Shaders/Private/SobolRandom.ush" 1868
"../../../Engine/Shaders/Private/DepthOfFieldCommon.ush" 1869
"../../../Engine/Shaders/Private/CircleDOFCommon.ush" 1870
"../../../Engine/Shaders/Private/DistanceField/GlobalDistanceFieldShared.ush" 1871
"../../../Engine/Shaders/Private/PhysicsFieldSampler.ush" 1872
"../../../Engine/Shaders/Private/PhysicsFieldShared.ush" 1873
"../../../Engine/Shaders/Private/HairShadingCommon.ush" 1874
"../../../Engine/Shaders/Private/HairStrands/HairCardsAttributeCommon.ush" 1875
"../../../Engine/Shaders/Private/HairStrands/HairStrandsVertexFactoryCommon.ush" 1876
"../../../Engine/Shaders/Shared/HairStrandsDefinitions.h" 1877
"../../../Engine/Shaders/Private/HairStrands/HairStrandsPack.ush" 1878
"../../../Engine/Shaders/Private/HairStrands/HairStrandsAttributeCommon.ush" 1879
"../../../Engine/Shaders/Private/HairStrands/HairStrandsAttributeTemplate.ush" 1880
"../../../Engine/Shaders/Private/SparseVolumeTexture/SparseVolumeTextureCommon.ush" 1881
"../../../Engine/Shaders/Private/SpeedTreeCommon.ush" 1882
"../../../Engine/Shaders/Private/VirtualTextureCommon.ush" 1883
"../../../Engine/Shaders/Private/MaterialTexture.ush" 1884
"../../../Engine/Shaders/Private/MinMaterialTexCoords.ush" 1885
"../../../Engine/Shaders/Private/SkyAtmosphereCommon.ush" 1886
"../../../Engine/Shaders/Private/SingleLayerWaterCommon.ush" 1887
"../../../Engine/Shaders/Private/TextureSampling.ush" 1888
"../../../Engine/Shaders/Private/PaniniProjection.ush" 1889
"../../../Engine/Shaders/Private/DBufferNormalReprojection.ush" 1890
"../../../Engine/Shaders/Private/Strata/StrataTree.ush" 1891
"../../../Engine/Shaders/Private/Strata/StrataEvaluation.ush" 1892
"../../../Engine/Shaders/Private/Strata/Glint/GlintThirdParty.ush" 1893
"../../../Engine/Shaders/Private/BlueNoise.ush" 1894
"../../../Engine/Shaders/Private/SHCommon.ush" 1895
"../../../Engine/Shaders/Private/ShadingModels.ush" 1896
"../../../Engine/Shaders/Private/CapsuleLight.ush" 1897
"../../../Engine/Shaders/Private/RectLight.ush" 1898
"../../../Engine/Shaders/Private/LightData.ush" 1899
"../../../Engine/Shaders/Private/AreaLightCommon.ush" 1900
"../../../Engine/Shaders/Private/HairBsdf.ush" 1901
"../../../Engine/Shaders/Private/MobileGGX.ush" 1902
"../../../Engine/Shaders/Private/ShadingModelsSampling.ush" 1903
"../../../Engine/Shaders/Private/HairStrands/HairBsdfSample.ush" 1904
"../../../Engine/Shaders/Private/HairStrands/HairStrandsCommon.ush" 1905
"../../../Engine/Shaders/Private/HairStrands/HairStrandsDeepTransmittanceCommon.ush" 1906
"../../../Engine/Shaders/Private/HairStrands/HairStrandsDeepTransmittanceDualScattering.ush" 1907
"../../../Engine/Shaders/Private/HairStrands/HairStrandsEnvironmentLightingCommon.ush" 1908
"../../../Engine/Shaders/Private/Strata/StrataLegacyConversion.ush" 1909
"../../../Engine/Shaders/Private/DBufferDecalShared.ush" 1910
"D:/graphic/arcgisTest/arcgis/Plugins/ArcGISMapsSDK/Shaders/Private/ImageComposerPS.usf" 1911
"D:/graphic/arcgisTest/arcgis/Plugins/ArcGISMapsSDK/Shaders/Private/ImageComposerCS.usf" 1912
"D:/graphic/arcgisTest/arcgis/Plugins/CustomOctreePlugin/Shaders/Private/SteadyStreamCS.usf" 1913
"D:/graphic/arcgisTest/arcgis/Plugins/CustomOctreePlugin/Shaders/Private/IsosurfaceCS.usf" 1914
"D:/graphic/arcgisTest/arcgis/Plugins/CustomOctreePlugin/Shaders/Private/DynamicStreamCS.usf" 1915
"../../../Engine/Plugins/Media/WmfMedia/Shaders/Private/MediaHardwareVideoDecoding.usf" 1916
"../../../Engine/Shaders/Private/ColorUtils.ush" 1917
"../../../Engine/Plugins/Media/ImgMedia/Shaders/Private/ExrSwizzler.usf" 1918
"../../../Engine/Plugins/FX/Niagara/Shaders/Private/NiagaraSVTToDenseBuffer.usf" 1919
"../../../Engine/Plugins/FX/Niagara/Shaders/Private/NiagaraFillIntBuffer.usf" 1920
"../../../Engine/Plugins/FX/Niagara/Shaders/Private/NiagaraComputeFreeIDs.usf" 1921
"../../../Engine/Plugins/FX/Niagara/Shaders/Private/NiagaraInitFreeIDBuffer.usf" 1922
"../../../Engine/Plugins/FX/Niagara/Shaders/Private/NiagaraEmitterInstanceShader.usf" 1923
"../../../Engine/Plugins/FX/Niagara/Shaders/Private/NiagaraShaderVersion.ush" 1924
"../../../Engine/Plugins/FX/Niagara/Shaders/Private/NiagaraPhysicsCommon.ush" 1925
"../../../Engine/Plugins/FX/Niagara/Shaders/Private/Ribbons/NiagaraRibbonGenerateIndices.usf" 1926
"../../../Engine/Plugins/FX/Niagara/Shaders/Private/Ribbons/NiagaraRibbonCommon.ush" 1927
"../../../Engine/Plugins/FX/Niagara/Shaders/Private/Ribbons/NiagaraRibbonInitializeIndices.usf" 1928
"../../../Engine/Plugins/FX/Niagara/Shaders/Private/Ribbons/NiagaraRibbonRibbonUVParamCalculation.usf" 1929
"../../../Engine/Plugins/FX/Niagara/Shaders/Private/Ribbons/NiagaraRibbonVertexReductionFinalization.usf" 1930
"../../../Engine/Plugins/FX/Niagara/Shaders/Private/Ribbons/NiagaraRibbonVertexReductionPropagation.usf" 1931
"../../../Engine/Plugins/FX/Niagara/Shaders/Private/Ribbons/NiagaraRibbonVertexReductionInitialization.usf" 1932
"../../../Engine/Plugins/FX/Niagara/Shaders/Private/Ribbons/NiagaraRibbonSortParticles.usf" 1933
"../../../Engine/Plugins/FX/Niagara/Shaders/Private/NiagaraUpdateMeshGPUSceneInstances.usf" 1934
"../../../Engine/Shaders/Private/ComputeShaderUtils.ush" 1935
"../../../Engine/Shaders/Private/GPUScene/GPUSceneWriter.ush" 1936
"../../../Engine/Plugins/FX/Niagara/Shaders/Private/NiagaraGenerateMips.usf" 1937
"../../../Engine/Plugins/FX/Niagara/Shaders/Private/NiagaraDebugDraw.usf" 1938
"../../../Engine/Plugins/FX/Niagara/Shaders/Private/NiagaraDebugDraw.ush" 1939
"../../../Engine/Plugins/FX/Niagara/Shaders/Private/NiagaraVisualizeTexture.usf" 1940
"../../../Engine/Plugins/FX/Niagara/Shaders/Private/NiagaraClearCounts.usf" 1941
"../../../Engine/Plugins/FX/Niagara/Shaders/Private/NiagaraBatchedElements.usf" 1942
"../../../Engine/Plugins/FX/Niagara/Shaders/Private/NiagaraRayTracingShaders.usf" 1943
"../../../Engine/Plugins/FX/Niagara/Shaders/Private/NiagaraAsyncGpuTraceCommon.ush" 1944
"../../../Engine/Shaders/Private/HashTable.ush" 1945
"../../../Engine/Shaders/Private/Hash.ush" 1946
"../../../Engine/Shaders/Private/RayTracing/VFXTraceRay.ush" 1947
"../../../Engine/Plugins/FX/Niagara/Shaders/Private/NiagaraRayMarchingShaders.usf" 1948
"../../../Engine/Plugins/FX/Niagara/Shaders/Private/NiagaraRayTraceCollisionGroupShaders.usf" 1949
"../../../Engine/Plugins/FX/Niagara/Shaders/Private/NiagaraAsyncGpuTraceUtils.usf" 1950
"../../../Engine/Plugins/FX/Niagara/Shaders/Private/NiagaraSortKeyGen.usf" 1951
"../../../Engine/Plugins/FX/Niagara/Shaders/Private/NiagaraGPURayTracingTransforms.usf" 1952
"../../../Engine/Plugins/FX/Niagara/Shaders/Private/NiagaraDrawIndirectArgsGen.usf" 1953
"../../../Engine/Plugins/FX/Niagara/Shaders/Private/NiagaraDispatchIndirectArgsGen.usf" 1954
"../../../Engine/Plugins/Enterprise/GLTFExporter/Shaders/Private/SimpleTexture2DPS.usf" 1955
"../../../Engine/Shaders/Private/SimpleElementNormalMapPixelShader.usf" 1956
"../../../Engine/Shaders/Private/SlateElementPixelShader.usf" 1957
"../../../Engine/Shaders/Private/SlateShaderCommon.ush" 1958
"../../../Engine/Shaders/Private/CompositeUIPixelShader.usf" 1959
"../../../Engine/Shaders/Private/TonemapCommon.ush" 1960
"../../../Engine/Shaders/Private/ACES.ush" 1961
"../../../Engine/Shaders/Private/ColorDeficiency.ush" 1962
"../../../Engine/Shaders/Private/SlateMaskingShader.usf" 1963
"../../../Engine/Shaders/Private/SlatePostProcessColorDeficiencyPixelShader.usf" 1964
"../../../Engine/Shaders/Private/SlatePostProcessPixelShader.usf" 1965
"../../../Engine/Shaders/Private/SlateVertexShader.usf" 1966
"../../../Engine/Shaders/Private/TranslucentLightingShaders.usf" 1967
"../../../Engine/Shaders/Private/ShadowProjectionCommon.ush" 1968
"../../../Engine/Shaders/Private/CubemapCommon.ush" 1969
"../../../Engine/Shaders/Private/VectorFieldCompositeShaders.usf" 1970
"../../../Engine/Shaders/Private/UpdateTextureShaders.usf" 1971
"../../../Engine/Shaders/Private/StereoLayerShader.usf" 1972
"../../../Engine/Shaders/Private/SparseVolumeTexture/UpdateSparseVolumeTexture.usf" 1973
"../../../Engine/Shaders/Private/MorphTargets.usf" 1974
"../../../Engine/Shaders/Private/SimpleElementColorChannelMaskPixelShader.usf" 1975
"../../../Engine/Shaders/Private/SimpleElementHitProxyPixelShader.usf" 1976
"../../../Engine/Shaders/Private/SimpleElementPixelShader.usf" 1977
"../../../Engine/Shaders/Private/IESLightProfilesCommon.ush" 1978
"../../../Engine/Shaders/Private/SimpleElementVertexShader.usf" 1979
"../../../Engine/Shaders/Private/ScreenPixelShaderOES.usf" 1980
"../../../Engine/Shaders/Private/ScreenVertexShader.usf" 1981
"../../../Engine/Shaders/Private/ScreenPixelShader.usf" 1982
"../../../Engine/Shaders/Private/SSProfilePreIntegratedMobile.usf" 1983
"../../../Engine/Shaders/Private/SpecularProfile.usf" 1984
"../../../Engine/Shaders/Private/Nanite/NaniteStreaming.usf" 1985
"../../../Engine/Shaders/Private/Nanite/NaniteStreaming.ush" 1986
"../../../Engine/Shaders/Private/WaveOpUtil.ush" 1987
"../../../Engine/Shaders/Private/Nanite/NaniteTranscode.usf" 1988
"../../../Engine/Shaders/Private/VolumetricLightmapStreaming.usf" 1989
"../../../Engine/Shaders/Private/PhysicsFieldReset.usf" 1990
"../../../Engine/Shaders/Private/PhysicsFieldBuilder.usf" 1991
"../../../Engine/Shaders/Private/PhysicsFieldEval.ush" 1992
"../../../Engine/Shaders/Private/ParticleSortKeyGen.usf" 1993
"../../../Engine/Shaders/Private/ParticleBoundsShader.usf" 1994
"../../../Engine/Shaders/Private/ParticleSimVisualizeShader.usf" 1995
"../../../Engine/Shaders/Private/ParticleInjectionShader.usf" 1996
"../../../Engine/Shaders/Private/ParticleSimulationShader.usf" 1997
"../../../Engine/Shaders/Private/ParticleCurveInjectionShader.usf" 1998
"../../../Engine/Shaders/Private/CopyUIntBuffer.usf" 1999
"../../../Engine/Shaders/Private/RadixSortShaders.usf" 2000
"../../../Engine/Shaders/Private/RecomputeTangentsPerVertexPass.usf" 2001
"../../../Engine/Shaders/Private/RecomputeTangentsCommon.ush" 2002
"../../../Engine/Shaders/Private/RecomputeTangentsPerTrianglePass.usf" 2003
"../../../Engine/Shaders/Private/GpuSkinCacheComputeShader.usf" 2004
"../../../Engine/Shaders/Private/HeightFieldAtlasManagement.usf" 2005
"../../../Engine/Shaders/Private/LandscapePhysicalMaterial.usf" 2006
"../../../Engine/Shaders/Private/LandscapeGrassWeight.usf" 2007
"../../../Engine/Shaders/Private/Landscape/LandscapeLayersWeightmapsPS.usf" 2008
"../../../Engine/Shaders/Private/Landscape/LandscapeLayersHeightmapsPS.usf" 2009
"../../../Engine/Shaders/Private/Landscape/LandscapeCommon.ush" 2010
"../../../Engine/Shaders/Private/LandscapeLayersCS.usf" 2011
"../../../Engine/Shaders/Private/LandscapeLayersPS.usf" 2012
"../../../Engine/Shaders/Private/LandscapeLayersVS.usf" 2013
"../../../Engine/Shaders/Private/Landscape/LandscapeCulling.usf" 2014
"../../../Engine/Shaders/Private/Nanite/NaniteHZBCull.ush" 2015
"../../../Engine/Shaders/Private/Landscape/LandscapeMergeHeightmapsPS.usf" 2016
"../../../Engine/Shaders/Private/WideCustomResolveShaders.usf" 2017
"../../../Engine/Shaders/Private/WideCustomResolve_Wide.ush" 2018
"../../../Engine/Shaders/Private/WideCustomResolve_Wider.ush" 2019
"../../../Engine/Shaders/Private/WideCustomResolve_Widest.ush" 2020
"../../../Engine/Shaders/Private/PageTableUpdate.usf" 2021
"../../../Engine/Shaders/Private/VirtualTextureCompress.usf" 2022
"../../../Engine/Shaders/Private/BlockCompressionCommon.ush" 2023
"../../../Engine/Shaders/Private/BCCompressionCommon.ush" 2024
"../../../Engine/Shaders/Private/ETCCompressionCommon.ush" 2025
"../../../Engine/Shaders/Private/VirtualTextureMaterial.usf" 2026
"../../../Engine/Shaders/Private/PixelShaderOutputCommon.ush" 2027
"../../../Engine/Shaders/Private/ShaderOutputCommon.ush" 2028
"../../../Engine/Shaders/Private/VolumetricRenderTarget.usf" 2029
"../../../Engine/Shaders/Private/VolumetricFogVoxelization.usf" 2030
"../../../Engine/Shaders/Private/VolumetricCloudMaterialPixelCommon.ush" 2031
"../../../Engine/Shaders/Private/VolumetricFogLightFunction.usf" 2032
"../../../Engine/Shaders/Private/LightFunctionCommon.ush" 2033
"../../../Engine/Shaders/Private/VolumetricFog.usf" 2034
"../../../Engine/Shaders/Private/DeferredLightingCommon.ush" 2035
"../../../Engine/Shaders/Private/DynamicLightingCommon.ush" 2036
"../../../Engine/Shaders/Private/CapsuleLightIntegrate.ush" 2037
"../../../Engine/Shaders/Private/CapsuleLightSampling.ush" 2038
"../../../Engine/Shaders/Private/RectLightIntegrate.ush" 2039
"../../../Engine/Shaders/Private/LightGridCommon.ush" 2040
"../../../Engine/Shaders/Private/HeightFogCommon.ush" 2041
"../../../Engine/Shaders/Private/DistanceFieldAOShared.ush" 2042
"../../../Engine/Shaders/Private/VolumeLightingCommon.ush" 2043
"../../../Engine/Shaders/Private/ShadowFilteringCommon.ush" 2044
"../../../Engine/Shaders/Private/PixelQuadMessagePassing.ush" 2045
"../../../Engine/Shaders/Private/VolumeLightingCommonSampling.ush" 2046
"../../../Engine/Shaders/Private/VolumetricLightmapShared.ush" 2047
"../../../Engine/Shaders/Private/ForwardShadowingCommon.ush" 2048
"../../../Engine/Shaders/Private/LightDataUniforms.ush" 2049
"../../../Engine/Shaders/Private/Lumen/LumenTranslucencyVolumeShared.ush" 2050
"../../../Engine/Shaders/Private/Lumen/LumenRadianceCacheInterpolation.ush" 2051
"../../../Engine/Shaders/Private/VirtualShadowMaps/VirtualShadowMapProjectionCommon.ush" 2052
"../../../Engine/Shaders/Private/VirtualShadowMaps/VirtualShadowMapPageAccessCommon.ush" 2053
"../../../Engine/Shaders/Shared/VirtualShadowMapDefinitions.h" 2054
"../../../Engine/Shaders/Private/VirtualShadowMaps/VirtualShadowMapProjectionStructs.ush" 2055
"../../../Engine/Shaders/Private/VolumetricCloudCommon.ush" 2056
"../../../Engine/Shaders/Private/VolumetricCloud.usf" 2057
"../../../Engine/Shaders/Private/ColorMap.ush" 2058
"../../../Engine/Shaders/Private/ReflectionEnvironmentShared.ush" 2059
"../../../Engine/Shaders/Private/VisualizeVolumetricLightmap.usf" 2060
"../../../Engine/Shaders/Private/VirtualShadowMaps/VirtualShadowMapProjectionComposite.usf" 2061
"../../../Engine/Shaders/Private/LightShaderParameters.ush" 2062
"../../../Engine/Shaders/Private/VirtualShadowMaps/VirtualShadowMapMaskBitsCommon.ush" 2063
"../../../Engine/Shaders/Private/VirtualShadowMaps/VirtualShadowMapProjection.usf" 2064
"../../../Engine/Shaders/Private/HairStrands/HairStrandsVisibilityCommon.ush" 2065
"../../../Engine/Shaders/Private/Visualization.ush" 2066
"../../../Engine/Shaders/Private/VirtualShadowMaps/VirtualShadowMapProjectionFilter.ush" 2067
"../../../Engine/Shaders/Private/VirtualShadowMaps/VirtualShadowMapProjectionDirectional.ush" 2068
"../../../Engine/Shaders/Private/PathTracing/Utilities/PathTracingRandomSequence.ush" 2069
"../../../Engine/Shaders/Private/VirtualShadowMaps/VirtualShadowMapSMRTCommon.ush" 2070
"../../../Engine/Shaders/Private/VirtualShadowMaps/VirtualShadowMapSMRTTemplate.ush" 2071
"../../../Engine/Shaders/Private/VirtualShadowMaps/VirtualShadowMapProjectionSpot.ush" 2072
"../../../Engine/Shaders/Private/VirtualShadowMaps/VirtualShadowMapTransmissionCommon.ush" 2073
"../../../Engine/Shaders/Private/HairStrands/HairStrandsVoxelPageCommon.ush" 2074
"../../../Engine/Shaders/Private/HairStrands/HairStrandsVoxelPageTraversal.ush" 2075
"../../../Engine/Shaders/Private/VirtualShadowMaps/VirtualShadowMapCacheManagement.usf" 2076
"../../../Engine/Shaders/Private/VirtualShadowMaps/VirtualShadowMapPageOverlap.ush" 2077
"../../../Engine/Shaders/Private/VirtualShadowMaps/VirtualShadowMapStaticCaching.ush" 2078
"../../../Engine/Shaders/Private/VirtualShadowMaps/VirtualShadowMapPageCacheCommon.ush" 2079
"../../../Engine/Shaders/Private/ScreenSpaceDenoise/SSDDefinitions.ush" 2080
"../../../Engine/Shaders/Private/InstanceCulling/InstanceCullingLoadBalancer.ush" 2081
"../../../Engine/Shaders/Private/VirtualShadowMaps/VirtualShadowMapCopyStats.usf" 2082
"../../../Engine/Shaders/Private/VirtualShadowMaps/VirtualShadowMapPhysicalPageManagement.usf" 2083
"../../../Engine/Shaders/Private/ReductionCommon.ush" 2084
"../../../Engine/Shaders/Private/GPUMessaging.ush" 2085
"../../../Engine/Shaders/Private/VirtualShadowMaps/VirtualShadowMapStats.ush" 2086
"../../../Engine/Shaders/Private/ThreadGroupPrefixSum.ush" 2087
"../../../Engine/Shaders/Private/VirtualShadowMaps/VirtualShadowMapBuildPerPageDrawCommands.usf" 2088
"../../../Engine/Shaders/Private/Nanite/NaniteCullingCommon.ush" 2089
"../../../Engine/Shaders/Private/Nanite/NaniteCulling.ush" 2090
"../../../Engine/Shaders/Private/Nanite/NaniteHierarchyTraversalCommon.ush" 2091
"../../../Engine/Shaders/Private/InstanceCulling/InstanceCullingCommon.ush" 2092
"../../../Engine/Shaders/Private/VirtualShadowMaps/VirtualShadowMapPrintStats.usf" 2093
"../../../Engine/Shaders/Private/VirtualShadowMaps/VirtualShadowMapDebug.usf" 2094
"../../../Engine/Shaders/Private/VirtualShadowMaps/VirtualShadowMapPageManagement.usf" 2095
"../../../Engine/Shaders/Private/VirtualShadowMaps/VirtualShadowMapPageMarking.usf" 2096
"../../../Engine/Shaders/Shared/SingleLayerWaterDefinitions.h" 2097
"../../../Engine/Shaders/Private/HairStrands/HairStrandsTileCommon.ush" 2098
"../../../Engine/Shaders/Private/VariableRateShading/VRSShadingRatePreview.usf" 2099
"../../../Engine/Shaders/Private/VariableRateShading/VRSShadingRateCommon.ush" 2100
"../../../Engine/Shaders/Private/VariableRateShading/VRSShadingRateCombine.usf" 2101
"../../../Engine/Shaders/Private/VariableRateShading/VRSShadingRateFoveated.usf" 2102
"../../../Engine/Shaders/Private/VariableRateShading/VRSShadingRateReproject.usf" 2103
"../../../Engine/Shaders/Private/VariableRateShading/VRSShadingRateCalculate.usf" 2104
"../../../Engine/Shaders/Private/TranslucencyUpsampling.usf" 2105
"../../../Engine/Shaders/Private/ScreenPass.ush" 2106
"../../../Engine/Shaders/Private/ComposeSeparateTranslucency.usf" 2107
"../../../Engine/Shaders/Private/SeparateTranslucency.ush" 2108
"../../../Engine/Shaders/Private/TranslucentLightInjectionShaders.usf" 2109
"../../../Engine/Shaders/Private/TranslucentShadowDepthShaders.usf" 2110
"../../../Engine/Shaders/Private/ShadowDepthCommon.ush" 2111
"../../../Engine/Shaders/Private/RayTracing/RayTracingTest.usf" 2112
"../../../Engine/Shaders/Private/PostProcessSubsurfaceTile.usf" 2113
"../../../Engine/Shaders/Private/Strata/StrataVisualize.usf" 2114
"../../../Engine/Shaders/Private/Strata/StrataTile.ush" 2115
"../../../Engine/Shaders/Private/SkyLightingDiffuseShared.ush" 2116
"../../../Engine/Shaders/Private/SkyLightingShared.ush" 2117
"../../../Engine/Shaders/Private/ClearCoatCommon.ush" 2118
"../../../Engine/Shaders/Private/ReflectionEnvironmentComposite.ush" 2119
"../../../Engine/Shaders/Private/Strata/StrataLightingCommon.ush" 2120
"../../../Engine/Shaders/Private/Strata/StrataRoughRefraction.usf" 2121
"../../../Engine/Shaders/Private/PathTracing/Material/PathTracingFresnel.ush" 2122
"../../../Engine/Shaders/Private/PathTracing/Material/PathTracingGlossy.ush" 2123
"../../../Engine/Shaders/Private/Strata/StrataTile.usf" 2124
"../../../Engine/Shaders/Private/Strata/StrataMaterialClassification.usf" 2125
"../../../Engine/Shaders/Private/Strata/StrataDBuffer.usf" 2126
"../../../Engine/Shaders/Private/SparseVolumeTexture/VisualizeSparseVolumeTexture.usf" 2127
"../../../Engine/Shaders/Private/SkyAtmosphere.usf" 2128
"../../../Engine/Shaders/Private/CopyDepthTexture.usf" 2129
"../../../Engine/Shaders/Private/SingleLayerWaterComposite.usf" 2130
"../../../Engine/Shaders/Private/ShadowProjectionVertexShader.usf" 2131
"../../../Engine/Shaders/Private/ShadowProjectionPixelShader.usf" 2132
"../../../Engine/Shaders/Private/ShadowPercentageCloserFiltering.ush" 2133
"../../../Engine/Shaders/Private/TransmissionThickness.ush" 2134
"../../../Engine/Shaders/Private/CopyShadowMaps.usf" 2135
"../../../Engine/Shaders/Private/ShadowDepthPixelShader.usf" 2136
"../../../Engine/Shaders/Private/ShadowDepthVertexShader.usf" 2137
"../../../Engine/Shaders/Private/ShadingEnergyConservationTable.usf" 2138
"../../../Engine/Shaders/Shared/PathTracingDefinitions.h" 2139
"../../../Engine/Shaders/Private/ShadingFurnaceTest.usf" 2140
"../../../Engine/Shaders/Private/Strata/StrataDeferredLighting.ush" 2141
"../../../Engine/Shaders/Private/ShaderPrintDraw.usf" 2142
"../../../Engine/Shaders/Private/ShaderPrintDrawPrimitive.usf" 2143
"../../../Engine/Shaders/Private/SSRT/SSRTDiffuseIndirect.usf" 2144
"../../../Engine/Shaders/Private/SSRT/SSRTRayCast.ush" 2145
"../../../Engine/Shaders/Private/SSRT/SSRTTileClassificationBuffer.ush" 2146
"../../../Engine/Shaders/Private/SSRT/SSRTReflections.usf" 2147
"../../../Engine/Shaders/Private/ScreenSpaceDenoise/SSDPublic.ush" 2148
"../../../Engine/Shaders/Private/SSRT/SSRTTileClassification.usf" 2149
"../../../Engine/Shaders/Private/SSRT/SSRTPrevFrameReduction.usf" 2150
"../../../Engine/Shaders/Private/ScreenSpaceDenoise/SSDComposeHarmonics.usf" 2151
"../../../Engine/Shaders/Private/ScreenSpaceDenoise/SSDPublicHarmonics.ush" 2152
"../../../Engine/Shaders/Private/ScreenSpaceDenoise/SSDSignalFramework.ush" 2153
"../../../Engine/Shaders/Private/ScreenSpaceDenoise/SSDCommon.ush" 2154
"../../../Engine/Shaders/Private/SphericalGaussian.ush" 2155
"../../../Engine/Shaders/Public/WaveBroadcastIntrinsics.ush" 2156
"../../../Engine/Shaders/Private/ScreenSpaceDenoise/SSDMetadata.ush" 2157
"../../../Engine/Shaders/Private/ScreenSpaceDenoise/SSDSignalCore.ush" 2158
"../../../Engine/Shaders/Private/ScreenSpaceDenoise/DenoisingCommon.ush" 2159
"../../../Engine/Shaders/Private/ScreenSpaceDenoise/SSDSignalArray.ush" 2160
"../../../Engine/Shaders/Private/ScreenSpaceDenoise/SSDSignalBufferEncoding.ush" 2161
"../../../Engine/Shaders/Private/ScreenSpaceDenoise/SSDPublicBufferEncoding.ush" 2162
"../../../Engine/Shaders/Private/Lumen/LumenBufferEncoding.ush" 2163
"../../../Engine/Shaders/Private/ScreenSpaceDenoise/SSDTemporalAccumulation.usf" 2164
"../../../Engine/Shaders/Private/ScreenSpaceDenoise/SSDSpatialKernel.ush" 2165
"../../../Engine/Shaders/Private/ScreenSpaceDenoise/SSDSignalAccumulatorArray.ush" 2166
"../../../Engine/Shaders/Private/ScreenSpaceDenoise/SSDSignalAccumulator.ush" 2167
"../../../Engine/Shaders/Private/ScreenSpaceDenoise/SSDSignalCompression.ush" 2168
"../../../Engine/Shaders/Private/ScreenSpaceDenoise/SSDSpatialAccumulation.usf" 2169
"../../../Engine/Shaders/Private/ScreenSpaceDenoise/SSDInjest.usf" 2170
"../../../Engine/Shaders/Private/ScreenSpaceDenoise/SSDCompressMetadata.usf" 2171
"../../../Engine/Shaders/Private/DownsampleDepthPixelShader.usf" 2172
"../../../Engine/Shaders/Private/ScreenPass.usf" 2173
"../../../Engine/Shaders/Private/HZB.usf" 2174
"../../../Engine/Shaders/Private/OcclusionFeedbackShaders.usf" 2175
"../../../Engine/Shaders/Private/HZBOcclusion.usf" 2176
"../../../Engine/Shaders/Private/OcclusionQueryPixelShader.usf" 2177
"../../../Engine/Shaders/Private/OcclusionQueryVertexShader.usf" 2178
"../../../Engine/Shaders/Private/HitProxyPixelShader.usf" 2179
"../../../Engine/Shaders/Private/HitProxyVertexShader.usf" 2180
"../../../Engine/Shaders/Private/SceneCapturePixelShader.usf" 2181
"../../../Engine/Shaders/Private/RTWriteMaskDecode.usf" 2182
"../../../Engine/Shaders/Private/ReflectionEnvironmentShaders.usf" 2183
"../../../Engine/Shaders/Private/RectLightAtlas.usf" 2184
"../../../Engine/Shaders/Private/RayTracing/TraceRayInlineStatistics.usf" 2185
"../../../Engine/Shaders/Private/RayTracing/VisualizeSkyLightMipTreePS.usf" 2186
"../../../Engine/Shaders/Private/RayTracing/MipTreeCommon.ush" 2187
"../../../Engine/Shaders/Private/RayTracing/CompositeSkyLightPS.usf" 2188
"../../../Engine/Shaders/Private/RayTracing/GenerateSkyLightVisibilityRaysCS.usf" 2189
"../../../Engine/Shaders/Private/RayTracing/RayTracingSkyLightCommon.ush" 2190
"../../../Engine/Shaders/Private/RayTracing/SkyLightVisibilityRaysData.ush" 2191
"../../../Engine/Shaders/Private/Raytracing/RaytracingSkylightRGS.usf" 2192
"../../../Engine/Shaders/Private/HairStrands/HairStrandsRaytracing.ush" 2193
"../../../Engine/Shaders/Private/Raytracing/RayTracingSkyLightEvaluation.ush" 2194
"../../../Engine/Shaders/Private/Raytracing/RayTracingDeferredShadingCommon.ush" 2195
"../../../Engine/Shaders/Private/RayTracing/RayTracingOcclusionRGS.usf" 2196
"../../../Engine/Shaders/Private/RayTracing/RayTracingDirectionalLight.ush" 2197
"../../../Engine/Shaders/Private/RayTracing/RayTracingRectLight.ush" 2198
"../../../Engine/Shaders/Private/RayTracing/RayTracingSphereLight.ush" 2199
"../../../Engine/Shaders/Private/RayTracing/RayTracingCapsuleLight.ush" 2200
"../../../Engine/Shaders/Private/RayTracing/SplitImaginaryReflectionGBufferCS.usf" 2201
"../../../Engine/Shaders/Private/RayTracing/RayTracingReflectionsCommon.ush" 2202
"../../../Engine/Shaders/Private/RayTracing/RayTracingReflections.usf" 2203
"../../../Engine/Shaders/Private/RayTracing/RayTracingLightingCommon.ush" 2204
"../../../Engine/Shaders/Private/RayTracing/RayTracingLightCullingCommon.ush" 2205
"../../../Engine/Shaders/Private/RayTracing/RayTracingReflectionEnvironment.ush" 2206
"../../../Engine/Shaders/Private/RayTracing/RayTracingPrimaryRays.usf" 2207
"../../../Engine/Shaders/Private/RayTracing/RayTracingMaterialDefaultHitShaders.usf" 2208
"../../../Engine/Shaders/Private/RayTracing/RayTracingMaterialHitShaders.usf" 2209
"../../../Engine/Shaders/Private/RayTracing/RayTracingShaderUtils.ush" 2210
"../../../Engine/Shaders/Private/RayTracing/RayTracingCalcInterpolants.ush" 2211
"../../../Engine/Shaders/Private/LightmapCommon.ush" 2212
"../../../Engine/Shaders/Private/Lumen/LumenHardwareRayTracingPayloadCommon.ush" 2213
"../../../Engine/Shaders/Private/Strata/StrataExport.ush" 2214
"../../../Engine/Shaders/Private/RayTracing/RayTracingLightingMS.usf" 2215
"../../../Engine/Shaders/Private/RayTracing/RayTracingLightFunctionCommon.ush" 2216
"../../../Engine/Shaders/Private/RayTracing/GenerateCulledLightListCS.usf" 2217
"../../../Engine/Shaders/Private/Raytracing/RayTracingInstanceBufferUtil.usf" 2218
"../../../Engine/Shaders/Private/RayTracing/RayTracingFinalGatherRGS.usf" 2219
"../../../Engine/Shaders/Private/RayTracing/RayTracingGatherPoints.ush" 2220
"../../../Engine/Shaders/Private/PathTracing/Light/PathTracingLightSampling.ush" 2221
"../../../Engine/Shaders/Private/PathTracing/Light/PathTracingLightCommon.ush" 2222
"../../../Engine/Shaders/Shared/RayTracingTypes.h" 2223
"../../../Engine/Shaders/Private/PathTracing/Light/PathTracingDirectionalLight.ush" 2224
"../../../Engine/Shaders/Private/PathTracing/Light/PathTracingPointLight.ush" 2225
"../../../Engine/Shaders/Private/PathTracing/Light/PathTracingCapsuleLight.ush" 2226
"../../../Engine/Shaders/Private/PathTracing/Light/PathTracingRectLight.ush" 2227
"../../../Engine/Shaders/Private/PathTracing/Light/PathTracingSkyLight.ush" 2228
"../../../Engine/Shaders/Private/PathTracing/Light/PathTracingSpotLight.ush" 2229
"../../../Engine/Shaders/Private/RayTracing/RayTracingCreateGatherPointsRGS.usf" 2230
"../../../Engine/Shaders/Private/RayTracing/RayTracingGlobalIlluminationRGS.usf" 2231
"../../../Engine/Shaders/Private/RayTracing/RayTracingDynamicMesh.usf" 2232
"../../../Engine/Shaders/Private/RayTracing/RayTracingDeferredReflections.usf" 2233
"../../../Engine/Shaders/Private/RayTracing/RayTracingDeferredMaterials.ush" 2234
"../../../Engine/Shaders/Shared/ThirdParty/AMD/ags_shader_intrinsics_dx12.h" 2235
"../../../Engine/Shaders/Private/RayTracing/RayTracingDeferredReflections.ush" 2236
"../../../Engine/Shaders/Private/RayTracing/RayTracingReflectionResolve.usf" 2237
"../../../Engine/Shaders/Private/RayTracing/RayTracingReflectionsGenerateRaysCS.usf" 2238
"../../../Engine/Shaders/Private/RayTracing/MaterialSort.usf" 2239
"../../../Engine/Shaders/Private/RayTracing/RayTracingDeferredMaterials.usf" 2240
"../../../Engine/Shaders/Private/RayTracing/RayTracingDefaultDecalHitShader.usf" 2241
"../../../Engine/Shaders/Private/RayTracing/RayTracingDecalMaterialShader.usf" 2242
"../../../Engine/Shaders/Private/PathTracing/PathTracingShaderUtils.ush" 2243
"../../../Engine/Shaders/Private/PathTracing/PathTracingCommon.ush" 2244
"../../../Engine/Shaders/Private/PathTracing/Material/PathTracingMaterialCommon.ush" 2245
"../../../Engine/Shaders/Private/RayTracing/RayTracingBuildDecalGrid.usf" 2246
"../../../Engine/Shaders/Private/RayTracing/RayTracingDebugInstanceOverlap.usf" 2247
"../../../Engine/Shaders/Private/RayTracing/RayTracingDebugPicking.usf" 2248
"../../../Engine/Shaders/Private/RayTracing/RayTracingDebugUtils.ush" 2249
"../../../Engine/Shaders/Shared/RayTracingDebugTypes.h" 2250
"../../../Engine/Shaders/Private/RayTracing/RayTracingDebugTraversal.usf" 2251
"../../../Engine/Shaders/Private/Nanite/NaniteRayTrace.ush" 2252
"../../../Engine/Shaders/Shared/ThirdParty/RayTriangleIntersection.h" 2253
"../../../Engine/Shaders/Shared/RayTracingDebugDefinitions.h" 2254
"../../../Engine/Shaders/Private/RayTracing/RayTracingDebugMS.usf" 2255
"../../../Engine/Shaders/Private/RayTracing/RayTracingDebugCHS.usf" 2256
"../../../Engine/Shaders/Private/RayTracing/RayTracingDebug.usf" 2257
"../../../Engine/Shaders/Private/RayTracing/RayTracingBuiltInShaders.usf" 2258
"../../../Engine/Shaders/Private/RayTracing/RayTracingBarycentrics.usf" 2259
"../../../Engine/Shaders/Private/RayTracing/RayTracingAmbientOcclusionRGS.usf" 2260
"../../../Engine/Shaders/Private/VisualizeShadingModels.usf" 2261
"../../../Engine/Shaders/Private/PostProcessCommon.ush" 2262
"../../../Engine/Shaders/Private/MotionBlur/VisualizeMotionVectors.usf" 2263
"../../../Engine/Shaders/Private/TemporalSuperResolution/TSRResolveHistory.usf" 2264
"../../../Engine/Shaders/Private/TemporalSuperResolution/TSRCommon.ush" 2265
"../../../Engine/Shaders/Public/DualPixelVectorization.ush" 2266
"../../../Engine/Shaders/Private/TemporalSuperResolution/TSRConvolutionNetwork.ush" 2267
"../../../Engine/Shaders/Public/LaneVectorization.ush" 2268
"../../../Engine/Shaders/Private/TemporalSuperResolution/TSRUpdateHistory.usf" 2269
"../../../Engine/Shaders/Private/TemporalSuperResolution/TSRFilterAntiAliasing.usf" 2270
"../../../Engine/Shaders/Private/TemporalSuperResolution/TSRSpatialAntiAliasing.usf" 2271
"../../../Engine/Shaders/Private/TemporalSuperResolution/TSRRejectShading.usf" 2272
"../../../Engine/Shaders/Private/TemporalSuperResolution/TSRDecimateHistory.usf" 2273
"../../../Engine/Shaders/Private/TemporalSuperResolution/TSRDilateVelocity.usf" 2274
"../../../Engine/Shaders/Private/MotionBlur/MotionBlurVelocityFlatten.ush" 2275
"../../../Engine/Shaders/Private/MotionBlur/MotionBlurCommon.ush" 2276
"../../../Engine/Shaders/Private/TemporalSuperResolution/TSRForwardScatterDepth.usf" 2277
"../../../Engine/Shaders/Private/TemporalSuperResolution/TSRClearPrevTextures.usf" 2278
"../../../Engine/Shaders/Private/TemporalSuperResolution/TSRComputeMoireLuma.usf" 2279
"../../../Engine/Shaders/Private/TemporalAA.usf" 2280
"../../../Engine/Shaders/Private/FilterPixelShader.usf" 2281
"../../../Engine/Shaders/Private/FilterVertexShader.usf" 2282
"../../../Engine/Shaders/Private/PostProcessVisualizeBuffer.usf" 2283
"../../../Engine/Shaders/Private/PostProcessVisualizeLocalExposure.usf" 2284
"../../../Engine/Shaders/Private/PostProcessHistogramCommon.ush" 2285
"../../../Engine/Shaders/Private/PostProcessVisualizeLevelInstance.usf" 2286
"../../../Engine/Shaders/Private/PostProcessVisualizeHDR.usf" 2287
"../../../Engine/Shaders/Private/ShaderComplexityApplyPixelShader.usf" 2288
"../../../Engine/Shaders/Private/QuadOverdraw.ush" 2289
"../../../Engine/Shaders/Private/PostProcessUpscale.usf" 2290
"../../../Engine/Shaders/Private/PostProcessTonemap.usf" 2291
"../../../Engine/Shaders/Private/PostProcessing/FilmGrainPackConstants.usf" 2292
"../../../Engine/Shaders/Private/PostProcessing/FilmGrainReduce.usf" 2293
"../../../Engine/Shaders/Private/PostProcessTestImage.usf" 2294
"../../../Engine/Shaders/Private/PostProcessSubsurface.usf" 2295
"../../../Engine/Shaders/Private/SeparableSSS.ush" 2296
"../../../Engine/Shaders/Private/SubsurfaceBurleyNormalized.ush" 2297
"../../../Engine/Shaders/Private/PostProcessSelectionOutline.usf" 2298
"../../../Engine/Shaders/Private/PostProcessPixelProjectedReflectionMobile.usf" 2299
"../../../Engine/Shaders/Private/MotionBlur/MotionBlurVisualize.usf" 2300
"../../../Engine/Shaders/Private/MotionBlur/MotionBlurApply.usf" 2301
"../../../Engine/Shaders/Private/MotionBlur/MotionBlurFilterTileClassify.usf" 2302
"../../../Engine/Shaders/Private/MotionBlur/MotionBlurTileScatter.usf" 2303
"../../../Engine/Shaders/Private/MotionBlur/MotionBlurTileGather.usf" 2304
"../../../Engine/Shaders/Private/MotionBlur/MotionBlurVelocityFlatten.usf" 2305
"../../../Engine/Shaders/Private/PostProcessMobile.usf" 2306
"../../../Engine/Shaders/Private/PostProcessMitchellNetravali.usf" 2307
"../../../Engine/Shaders/Private/PostProcessMaterialShaders.usf" 2308
"../../../Engine/Shaders/Private/PostProcessLocalExposure.usf" 2309
"../../../Engine/Shaders/Private/PostProcessLensFlares.usf" 2310
"../../../Engine/Shaders/Private/PostProcessHMD.usf" 2311
"../../../Engine/Shaders/Private/Histogram.usf" 2312
"../../../Engine/Shaders/Private/PostProcessHistogramReduce.usf" 2313
"../../../Engine/Shaders/Private/PostProcessHistogram.usf" 2314
"../../../Engine/Shaders/Private/PostProcessGBufferHints.usf" 2315
"../../../Engine/Shaders/Private/Bloom/BloomFinalizeApplyConstants.usf" 2316
"../../../Engine/Shaders/Private/Bloom/BloomCommon.ush" 2317
"../../../Engine/Shaders/Private/Bloom/BloomResizeKernel.usf" 2318
"../../../Engine/Shaders/Private/Bloom/BloomDownsampleKernel.usf" 2319
"../../../Engine/Shaders/Private/Bloom/BloomClampKernel.usf" 2320
"../../../Engine/Shaders/Private/Bloom/BloomPackKernelConstants.usf" 2321
"../../../Engine/Shaders/Private/Bloom/BloomSumScatterDispersionEnergy.usf" 2322
"../../../Engine/Shaders/Private/Bloom/BloomReduceKernelSurvey.usf" 2323
"../../../Engine/Shaders/Private/Bloom/BloomSurveyKernelCenterEnergy.usf" 2324
"../../../Engine/Shaders/Private/Bloom/BloomSurveyMaxScatterDispersion.usf" 2325
"../../../Engine/Shaders/Private/Bloom/BloomFindKernelCenter.usf" 2326
"../../../Engine/Shaders/Private/PostProcessEyeAdaptation.usf" 2327
"../../../Engine/Shaders/Private/TranslucencyVolumeCommon.ush" 2328
"../../../Engine/Shaders/Private/PostProcessDownsample.usf" 2329
"../../../Engine/Shaders/Private/PostProcessDOF.usf" 2330
"../../../Engine/Shaders/Private/PostProcessDeviceEncodingOnly.usf" 2331
"../../../Engine/Shaders/Private/PostProcessCompositePrimitives.usf" 2332
"../../../Engine/Shaders/Private/PostProcessCombineLUTs.usf" 2333
"../../../Engine/Shaders/Private/PostProcessVisualizeDOF.usf" 2334
"../../../Engine/Shaders/Private/PostProcessBloom.usf" 2335
"../../../Engine/Shaders/Private/PostProcessAmbientOcclusionMobile.usf" 2336
"../../../Engine/Shaders/Private/PostProcessAmbientOcclusionCommon.ush" 2337
"../../../Engine/Shaders/Private/FXAAShader.usf" 2338
"../../../Engine/Shaders/Private/Fxaa3_11.ush" 2339
"../../../Engine/Shaders/Private/DiaphragmDOF/DOFRecombine.usf" 2340
"../../../Engine/Shaders/Private/DiaphragmDOF/DOFCommon.ush" 2341
"../../../Engine/Shaders/Private/DiaphragmDOF/DOFHybridScatterPixelShader.usf" 2342
"../../../Engine/Shaders/Private/DiaphragmDOF/DOFHybridScatterCommon.ush" 2343
"../../../Engine/Shaders/Private/DiaphragmDOF/DOFHybridScatterVertexShader.usf" 2344
"../../../Engine/Shaders/Private/DiaphragmDOF/DOFPostfiltering.usf" 2345
"../../../Engine/Shaders/Private/DiaphragmDOF/DOFGatherTileSuggest.ush" 2346
"../../../Engine/Shaders/Private/DiaphragmDOF/DOFCocTileCommon.ush" 2347
"../../../Engine/Shaders/Private/DiaphragmDOF/DOFGatherPass.usf" 2348
"../../../Engine/Shaders/Private/DiaphragmDOF/DOFGatherCommon.ush" 2349
"../../../Engine/Shaders/Private/DiaphragmDOF/DOFGatherAccumulator.ush" 2350
"../../../Engine/Shaders/Private/DiaphragmDOF/DOFGatherKernel.ush" 2351
"../../../Engine/Shaders/Private/DiaphragmDOF/DOFBokehLUT.usf" 2352
"../../../Engine/Shaders/Private/DiaphragmDOF/DOFHybridScatterCompilation.usf" 2353
"../../../Engine/Shaders/Private/DiaphragmDOF/DOFReduce.usf" 2354
"../../../Engine/Shaders/Private/DiaphragmDOF/DOFDownsample.ush" 2355
"../../../Engine/Shaders/Private/DiaphragmDOF/DOFHybridScatterCompilation.ush" 2356
"../../../Engine/Shaders/Private/DiaphragmDOF/DOFDownsample.usf" 2357
"../../../Engine/Shaders/Private/DiaphragmDOF/DOFCocTileDilate.usf" 2358
"../../../Engine/Shaders/Private/DiaphragmDOF/DOFCocTileFlatten.usf" 2359
"../../../Engine/Shaders/Private/DiaphragmDOF/DOFSetup.usf" 2360
"../../../Engine/Shaders/Private/PlanarReflectionShaders.usf" 2361
"../../../Engine/Shaders/Private/PlanarReflectionShared.ush" 2362
"../../../Engine/Shaders/Private/PhysicsFieldVisualizer.usf" 2363
"../../../Engine/Shaders/Private/PathTracing/PathTracingSpatialTemporalDenoising.usf" 2364
"../../../Engine/Shaders/Private/ColorDifference.ush" 2365
"../../../Engine/Shaders/Private/PathTracing/PathTracingCompositingPixelShader.usf" 2366
"../../../Engine/Shaders/Private/PathTracing/PathTracingDefaultHitShader.usf" 2367
"../../../Engine/Shaders/Private/PathTracing/PathTracingGPULightmassMaterialHitShader.usf" 2368
"../../../Engine/Shaders/Private/PathTracing/PathTracingMaterialHitShader.usf" 2369
"../../../Engine/Shaders/Private/PathTracing/PathTracingLightingMissShader.usf" 2370
"../../../Engine/Shaders/Private/PathTracing/PathTracingMissShader.usf" 2371
"../../../Engine/Shaders/Private/PathTracing/PathTracingBuildAtmosphereLUT.usf" 2372
"../../../Engine/Shaders/Private/PathTracing/Volume/PathTracingAtmosphereCommon.ush" 2373
"../../../Engine/Shaders/Private/PathTracing/PathTracingSwizzleScanlines.usf" 2374
"../../../Engine/Shaders/Private/PathTracing/PathTracingInitExtinctionCoefficient.usf" 2375
"../../../Engine/Shaders/Private/PathTracing/PathTracing.usf" 2376
"../../../Engine/Shaders/Private/PathTracing/PathTracingCore.ush" 2377
"../../../Engine/Shaders/Private/HeterogeneousVolumes/HeterogeneousVolumesVoxelGridTypes.ush" 2378
"../../../Engine/Shaders/Private/RayTracing/RayTracingDecalGrid.ush" 2379
"../../../Engine/Shaders/Private/PathTracing/Utilities/PathTracingRIS.ush" 2380
"../../../Engine/Shaders/Private/PathTracing/Light/PathTracingLightGrid.ush" 2381
"../../../Engine/Shaders/Private/PathTracing/Material/PathTracingMaterialSampling.ush" 2382
"../../../Engine/Shaders/Private/PathTracing/Material/PathTracingLambert.ush" 2383
"../../../Engine/Shaders/Private/PathTracing/Material/PathTracingSubstrate.ush" 2384
"../../../Engine/Shaders/Private/PathTracing/Material/PathTracingSubstrateCommon.ush" 2385
"../../../Engine/Shaders/Private/PathTracing/Material/PathTracingSubstrateSolidGlass.ush" 2386
"../../../Engine/Shaders/Private/PathTracing/Material/PathTracingSubstrateThinGlass.ush" 2387
"../../../Engine/Shaders/Private/PathTracing/Material/PathTracingSolidGlass.ush" 2388
"../../../Engine/Shaders/Private/PathTracing/Material/PathTracingEnergyConservation.ush" 2389
"../../../Engine/Shaders/Private/PathTracing/Material/PathTracingThinGlass.ush" 2390
"../../../Engine/Shaders/Private/PathTracing/Material/PathTracingDefaultLit.ush" 2391
"../../../Engine/Shaders/Private/PathTracing/Material/PathTracingClearCoat.ush" 2392
"../../../Engine/Shaders/Private/PathTracing/Material/PathTracingTwoSidedFoliage.ush" 2393
"../../../Engine/Shaders/Private/PathTracing/Material/PathTracingCloth.ush" 2394
"../../../Engine/Shaders/Private/PathTracing/Material/PathTracingSubsurfaceProfile.ush" 2395
"../../../Engine/Shaders/Private/PathTracing/Material/PathTracingEye.ush" 2396
"../../../Engine/Shaders/Private/PathTracing/Material/PathTracingHair.ush" 2397
"../../../Engine/Shaders/Private/PathTracing/Material/PathTracingMedium.ush" 2398
"../../../Engine/Shaders/Private/PathTracing/Volume/PathTracingVolume.ush" 2399
"../../../Engine/Shaders/Private/PathTracing/Volume/PathTracingVolumeCommon.ush" 2400
"../../../Engine/Shaders/Private/PathTracing/Volume/PathTracingAtmosphere.ush" 2401
"../../../Engine/Shaders/Private/DoubleWordMath.ush" 2402
"../../../Engine/Shaders/Private/PathTracing/Volume/PathTracingFog.ush" 2403
"../../../Engine/Shaders/Private/PathTracing/Volume/PathTracingHeterogeneousVolumes.ush" 2404
"../../../Engine/Shaders/Private/HeterogeneousVolumes/HeterogeneousVolumesTracingUtils.ush" 2405
"../../../Engine/Shaders/Private/HeterogeneousVolumes/HeterogeneousVolumesVoxelGridTraversal.ush" 2406
"../../../Engine/Shaders/Private/HeterogeneousVolumes/HeterogeneousVolumesVoxelGridUtils.ush" 2407
"../../../Engine/Shaders/Private/HeterogeneousVolumes/HeterogeneousVolumesFrustumVoxelGridUtils.ush" 2408
"../../../Engine/Shaders/Private/PathTracing/Volume/PathTracingVolumeSampling.ush" 2409
"../../../Engine/Shaders/Private/PathTracing/PathTracingBuildLightGrid.usf" 2410
"../../../Engine/Shaders/Private/PathTracing/PathTracingSkylightMISCompensation.usf" 2411
"../../../Engine/Shaders/Private/PathTracing/PathTracingSkylightPrepare.usf" 2412
"../../../Engine/Shaders/Private/OIT/OITSorting.usf" 2413
"../../../Engine/Shaders/Private/OITCombine.usf" 2414
"../../../Engine/Shaders/Private/OITCommon.ush" 2415
"../../../Engine/Shaders/Private/Nanite/Voxel/RasterizeBricks.usf" 2416
"../../../Engine/Shaders/Private/Nanite/Voxel/Brick.ush" 2417
"../../../Engine/Shaders/Private/Nanite/Voxel/Voxel.ush" 2418
"../../../Engine/Shaders/Private/Nanite/Voxel/ScatterBricks.usf" 2419
"../../../Engine/Shaders/Private/Nanite/Voxel/TileBricks.usf" 2420
"../../../Engine/Shaders/Private/Nanite/Voxel/AutoVoxel.usf" 2421
"../../../Engine/Shaders/Private/Nanite/NaniteDebugViews.usf" 2422
"../../../Engine/Shaders/Private/Nanite/NaniteDepthDecode.usf" 2423
"../../../Engine/Shaders/Private/HTileEncoding.ush" 2424
"../../../Engine/Shaders/Private/VelocityCommon.ush" 2425
"../../../Engine/Shaders/Private/Nanite/NaniteVisualize.usf" 2426
"../../../Engine/Shaders/Private/Nanite/NaniteStreamOut.usf" 2427
"../../../Engine/Shaders/Private/Nanite/NaniteHierarchyTraversal.ush" 2428
"../../../Engine/Shaders/Private/Nanite/NaniteShadeBinning.usf" 2429
"../../../Engine/Shaders/Private/Nanite/NaniteShadeCommon.ush" 2430
"../../../Engine/Shaders/Private/Nanite/NaniteMaterialCulling.usf" 2431
"../../../Engine/Shaders/Private/Nanite/NaniteFastClear.usf" 2432
"../../../Engine/Shaders/Private/Nanite/NaniteDepthExport.usf" 2433
"../../../Engine/Shaders/Private/Nanite/NaniteExportGBuffer.usf" 2434
"../../../Engine/Shaders/Private/Nanite/NaniteClusterCulling.usf" 2435
"../../../Engine/Shaders/Private/Nanite/NanitePrintStats.usf" 2436
"../../../Engine/Shaders/Private/Nanite/NaniteRasterizer.usf" 2437
"../../../Engine/Shaders/Private/Nanite/NaniteRasterizationCommon.ush" 2438
"../../../Engine/Shaders/Private/Nanite/NaniteRasterizer.ush" 2439
"../../../Engine/Shaders/Private/Nanite/NaniteWritePixel.ush" 2440
"../../../Engine/Shaders/Private/Nanite/NaniteTessellation.ush" 2441
"../../../Engine/Shaders/Private/WorkDistribution.ush" 2442
"../../../Engine/Shaders/Private/Nanite/NaniteDice.ush" 2443
"../../../Engine/Shaders/Private/Nanite/NaniteSplit.usf" 2444
"../../../Engine/Shaders/Private/Nanite/NaniteRasterBinning.usf" 2445
"../../../Engine/Shaders/Private/Nanite/NaniteInstanceCulling.usf" 2446
"../../../Engine/Shaders/Private/Nanite/NaniteImposter.ush" 2447
"../../../Engine/Shaders/Shared/SceneCullingDefinitions.h" 2448
"../../../Engine/Shaders/Private/Nanite/NaniteInstanceHierarchyCulling.usf" 2449
"../../../Engine/Shaders/Private/Nanite/NanitePrimitiveFilter.usf" 2450
"../../../Engine/Shaders/Private/Nanite/NaniteRasterClear.usf" 2451
"../../../Engine/Shaders/Private/Nanite/NaniteEmitShadow.usf" 2452
"../../../Engine/Shaders/Private/MobileDeferredUtils.usf" 2453
"../../../Engine/Shaders/Private/MobileLocalLightPrepass.usf" 2454
"../../../Engine/Shaders/Private/MobileFog.usf" 2455
"../../../Engine/Shaders/Private/DistortApplyScreenPS.usf" 2456
"../../../Engine/Shaders/Private/MobileDeferredShading.usf" 2457
"../../../Engine/Shaders/Private/MobileLightingCommon.ush" 2458
"../../../Engine/Shaders/Private/MobileBasePassPixelShader.usf" 2459
"../../../Engine/Shaders/Private/MobileBasePassCommon.ush" 2460
"../../../Engine/Shaders/Private/BasePassCommon.ush" 2461
"../../../Engine/Shaders/Private/ShadingModelsMaterial.ush" 2462
"../../../Engine/Shaders/Private/ThinTranslucentCommon.ush" 2463
"../../../Engine/Shaders/Private/SingleLayerWaterShading.ush" 2464
"../../../Engine/Shaders/Private/DistortionCommon.ush" 2465
"../../../Engine/Shaders/Private/Strata/StrataMobileForwardLighting.ush" 2466
"../../../Engine/Shaders/Private/MobileBasePassVertexShader.usf" 2467
"../../../Engine/Shaders/Private/Lumen/LumenVisualizeRadianceCache.usf" 2468
"../../../Engine/Shaders/Private/Lumen/LumenRadianceCacheCommon.ush" 2469
"../../../Engine/Shaders/Private/Lumen/LumenVisualizeHardwareRayTracing.usf" 2470
"../../../Engine/Shaders/Private/Lumen/LumenCardCommon.ush" 2471
"../../../Engine/Shaders/Private/Lumen/LumenTracingCommon.ush" 2472
"../../../Engine/Shaders/Private/Lumen/SurfaceCache/LumenSurfaceCacheSampling.ush" 2473
"../../../Engine/Shaders/Private/Lumen/SurfaceCache/LumenSurfaceCache.ush" 2474
"../../../Engine/Shaders/Private/Lumen/LumenVisualize.ush" 2475
"../../../Engine/Shaders/Private/Lumen/LumenHardwareRayTracingCommon.ush" 2476
"../../../Engine/Shaders/Private/Lumen/LumenHardwareRayTracingPlatformCommon.ush" 2477
"../../../Engine/Shaders/Private/Lumen/LumenReflectionsCombine.ush" 2478
"../../../Engine/Shaders/Private/Lumen/LumenHairTracing.ush" 2479
"../../../Engine/Shaders/Private/Lumen/LumenVisualize.usf" 2480
"../../../Engine/Shaders/Private/Lumen/LumenSoftwareRayTracing.ush" 2481
"../../../Engine/Shaders/Private/DistanceField/GlobalDistanceFieldUtils.ush" 2482
"../../../Engine/Shaders/Private/DistanceField/GlobalDistanceFieldObjectGrid.ush" 2483
"../../../Engine/Shaders/Private/DistanceFieldLightingShared.ush" 2484
"../../../Engine/Shaders/Private/Lumen/LumenVisualizeTraces.ush" 2485
"../../../Engine/Shaders/Private/Lumen/LumenTranslucencyVolumeLighting.usf" 2486
"../../../Engine/Shaders/Private/Lumen/LumenRadianceCacheMarkCommon.ush" 2487
"../../../Engine/Shaders/Private/Lumen/LumenTranslucencyVolumeLightingShared.ush" 2488
"../../../Engine/Shaders/Private/Lumen/LumenScreenProbeCommon.ush" 2489
"../../../Engine/Shaders/Private/Lumen/LumenTranslucencyVolumeHardwareRayTracing.usf" 2490
"../../../Engine/Shaders/Private/Lumen/LumenTranslucencyRadianceCacheMarkShaders.usf" 2491
"../../../Engine/Shaders/Private/Lumen/SurfaceCache/LumenSurfaceCacheFeedback.usf" 2492
"../../../Engine/Shaders/Private/Lumen/SurfaceCache/LumenSurfaceCache.usf" 2493
"../../../Engine/Shaders/Private/Lumen/LumenShortRangeAOHardwareRayTracing.usf" 2494
"../../../Engine/Shaders/Private/Lumen/LumenMaterial.ush" 2495
"../../../Engine/Shaders/Private/Lumen/LumenScreenSpaceBentNormal.usf" 2496
"../../../Engine/Shaders/Private/Lumen/LumenScreenTracing.ush" 2497
"../../../Engine/Shaders/Private/Lumen/LumenScreenProbeTracing.usf" 2498
"../../../Engine/Shaders/Private/Lumen/LumenScreenProbeTracingCommon.ush" 2499
"../../../Engine/Shaders/Private/Lumen/LumenScreenProbeImportanceSampling.usf" 2500
"../../../Engine/Shaders/Private/Lumen/LumenScreenProbeImportanceSamplingShared.ush" 2501
"../../../Engine/Shaders/Private/Lumen/LumenScreenProbeHardwareRayTracing.usf" 2502
"../../../Engine/Shaders/Private/Lumen/LumenScreenProbeGather.usf" 2503
"../../../Engine/Shaders/Private/Lumen/LumenScreenSpaceBentNormal.ush" 2504
"../../../Engine/Shaders/Private/Lumen/LumenScreenProbeLightSampling.usf" 2505
"../../../Engine/Shaders/Private/Lumen/LumenScreenProbeFiltering.usf" 2506
"../../../Engine/Shaders/Private/Lumen/LumenSceneLighting.usf" 2507
"../../../Engine/Shaders/Private/Lumen/LumenCardTile.ush" 2508
"../../../Engine/Shaders/Private/Lumen/LumenSceneLighting.ush" 2509
"../../../Engine/Shaders/Private/Lumen/Radiosity/LumenRadiosity.ush" 2510
"../../../Engine/Shaders/Private/Lumen/LumenSceneLightingDebug.usf" 2511
"../../../Engine/Shaders/Private/Lumen/LumenScene.usf" 2512
"../../../Engine/Shaders/Private/Lumen/LumenSceneDirectLightingHardwareRayTracing.usf" 2513
"../../../Engine/Shaders/Private/Lumen/LumenReflectionCommon.ush" 2514
"../../../Engine/Shaders/Private/Lumen/LumenSceneDirectLighting.ush" 2515
"../../../Engine/Shaders/Private/Lumen/LumenSceneDirectLightingSoftwareRayTracing.usf" 2516
"../../../Engine/Shaders/Private/DistanceFieldShadowingShared.ush" 2517
"../../../Engine/Shaders/Private/Lumen/LumenSceneDirectLightingPerLightShadowCommon.ush" 2518
"../../../Engine/Shaders/Private/Lumen/LumenSceneDirectLightingShadowMask.usf" 2519
"../../../Engine/Shaders/Private/Lumen/LumenSceneDirectLighting.usf" 2520
"../../../Engine/Shaders/Private/Lumen/LumenSceneDirectLightingCulling.usf" 2521
"../../../Engine/Shaders/Private/Lumen/LumenCardPixelShader.usf" 2522
"../../../Engine/Shaders/Private/Lumen/LumenCardVertexShader.usf" 2523
"../../../Engine/Shaders/Private/Lumen/LumenReflectionTracing.usf" 2524
"../../../Engine/Shaders/Private/Lumen/LumenReflections.usf" 2525
"../../../Engine/Shaders/Private/Lumen/LumenReflectionHardwareRayTracing.usf" 2526
"../../../Engine/Shaders/Private/Lumen/Radiosity/LumenVisualizeRadiosityProbes.usf" 2527
"../../../Engine/Shaders/Private/Lumen/Radiosity/LumenRadiosity.usf" 2528
"../../../Engine/Shaders/Private/RayTracing/RayGenUtils.ush" 2529
"../../../Engine/Shaders/Private/Lumen/Radiosity/LumenRadiosityHardwareRayTracing.usf" 2530
"../../../Engine/Shaders/Private/Lumen/Radiosity/LumenRadiosityCulling.usf" 2531
"../../../Engine/Shaders/Private/Lumen/LumenRadianceCacheHardwareRayTracing.usf" 2532
"../../../Engine/Shaders/Private/Lumen/LumenRadianceCacheTracingCommon.ush" 2533
"../../../Engine/Shaders/Private/Lumen/LumenRadianceCache.usf" 2534
"../../../Engine/Shaders/Private/Lumen/LumenRadianceCacheUpdate.ush" 2535
"../../../Engine/Shaders/Private/Lumen/LumenRadianceCacheDebug.usf" 2536
"../../../Engine/Shaders/Private/Lumen/LumenRadianceCacheUpdate.usf" 2537
"../../../Engine/Shaders/Private/Lumen/LumenMeshSDFCulling.usf" 2538
"../../../Engine/Shaders/Private/HybridIndirectLighting.ush" 2539
"../../../Engine/Shaders/Private/MeshDistanceFieldCommon.ush" 2540
"../../../Engine/Shaders/Private/Lumen/LumenIrradianceFieldGather.usf" 2541
"../../../Engine/Shaders/Private/Lumen/LumenHardwareRayTracingMaterials.usf" 2542
"../../../Engine/Shaders/Private/Lumen/LumenFrontLayerTranslucency.usf" 2543
"../../../Engine/Shaders/Private/LocalHeightFog.usf" 2544
"../../../Engine/Shaders/Private/LightShaftShader.usf" 2545
"../../../Engine/Shaders/Private/StationaryLightOverlapShaders.usf" 2546
"../../../Engine/Shaders/Private/DeferredLightPixelShaders.usf" 2547
"../../../Engine/Shaders/Private/HairStrands/HairStrandsVisibilityUtils.ush" 2548
"../../../Engine/Shaders/Private/DeferredLightVertexShaders.usf" 2549
"../../../Engine/Shaders/Private/LightMapDensityShader.usf" 2550
"../../../Engine/Shaders/Private/LightGridInjection.usf" 2551
"../../../Engine/Shaders/Private/LightFunctionPixelShader.usf" 2552
"../../../Engine/Shaders/Private/LightFunctionVertexShader.usf" 2553
"../../../Engine/Shaders/Private/InstanceCulling/BuildInstanceDrawCommands.usf" 2554
"../../../Engine/Shaders/Private/InstanceCulling/InstanceCompactionCommon.ush" 2555
"../../../Engine/Shaders/Private/InstanceCulling/CompactVisibleInstances.usf" 2556
"../../../Engine/Shaders/Private/ReflectionEnvironmentPixelShader.usf" 2557
"../../../Engine/Shaders/Private/Strata/StrataEnvironmentLighting.ush" 2558
"../../../Engine/Shaders/Private/AmbientCubemapComposite.usf" 2559
"../../../Engine/Shaders/Private/DiffuseIndirectComposite.usf" 2560
"../../../Engine/Shaders/Private/IESAtlas.usf" 2561
"../../../Engine/Shaders/Private/HeterogeneousVolumes/HeterogeneousVolumesVoxelGridRendering.usf" 2562
"../../../Engine/Shaders/Private/HeterogeneousVolumes/HeterogeneousVolumesVoxelGridPipeline.usf" 2563
"../../../Engine/Shaders/Private/HeterogeneousVolumes/HeterogeneousVolumesMaterialBakingPipeline.usf" 2564
"../../../Engine/Shaders/Private/HeterogeneousVolumes/HeterogeneousVolumesLiveShadingUtils.ush" 2565
"../../../Engine/Shaders/Private/HeterogeneousVolumes/HeterogeneousVolumesFrustumVoxelGrid.usf" 2566
"../../../Engine/Shaders/Private/HeterogeneousVolumes/HeterogeneousVolumesSparseVoxelPipeline.usf" 2567
"../../../Engine/Shaders/Private/HeterogeneousVolumes/HeterogeneousVolumesSparseVoxelUtils.ush" 2568
"../../../Engine/Shaders/Private/HeterogeneousVolumes/HeterogeneousVolumesSparseVoxelUniformBufferUtils.ush" 2569
"../../../Engine/Shaders/Private/HeterogeneousVolumes/HeterogeneousVolumesPreshadingPipeline.usf" 2570
"../../../Engine/Shaders/Private/HeterogeneousVolumes/HeterogeneousVolumesLightingUtils.ush" 2571
"../../../Engine/Shaders/Private/HeterogeneousVolumes/HeterogeneousVolumesRayMarchingUtils.ush" 2572
"../../../Engine/Shaders/Private/HeterogeneousVolumes/HeterogeneousVolumesTransmittanceVolumeUtils.ush" 2573
"../../../Engine/Shaders/Private/HeterogeneousVolumes/HeterogeneousVolumesLiveShadingPipeline.usf" 2574
"../../../Engine/Shaders/Private/HeterogeneousVolumes/HeterogeneousVolumesHardwareRayTracing.usf" 2575
"../../../Engine/Shaders/Private/HeterogeneousVolumes/HeterogeneousVolumesComposite.usf" 2576
"../../../Engine/Shaders/Private/HdrCustomResolveShaders.usf" 2577
"../../../Engine/Shaders/Private/HairStrands/HairStrandsVoxelRasterCompute.usf" 2578
"../../../Engine/Shaders/Private/Matrices.ush" 2579
"../../../Engine/Shaders/Private/HairStrands/HairStrandsAABBCommon.ush" 2580
"../../../Engine/Shaders/Private/HairStrands/HairStrandsClusterCommon.ush" 2581
"../../../Engine/Shaders/Private/HairStrands/HairStrandsRaytracingGeometry.usf" 2582
"../../../Engine/Shaders/Private/HairStrands/HairStrandsHitProxy.usf" 2583
"../../../Engine/Shaders/Private/HairStrands/HairStrandsVisibilityRasterComputeNaive.usf" 2584
"../../../Engine/Shaders/Private/HairStrands/HairStrandsVisibilityRasterHW.usf" 2585
"../../../Engine/Shaders/Private/HairStrands/HairStrandsVisibilityRasterCompute.usf" 2586
"../../../Engine/Shaders/Private/HairStrands/HairStrandsVisibilityRasterClassification.usf" 2587
"../../../Engine/Shaders/Private/HairStrands/HairStrandsCoverage.usf" 2588
"../../../Engine/Shaders/Private/HairStrands/HairStrandsVisibilityDepthPS.usf" 2589
"../../../Engine/Shaders/Private/HairStrands/HairStrandsVisibilityTransmittanceDepthPS.usf" 2590
"../../../Engine/Shaders/Private/HairStrands/HairStrandsVisibilityFillOpaqueDepthPS.usf" 2591
"../../../Engine/Shaders/Private/HairStrands/HairStrandsVisibilityCompactionComputeRaster.usf" 2592
"../../../Engine/Shaders/Private/HairStrands/HairStrandsVisibilityCompaction.usf" 2593
"../../../Engine/Shaders/Private/HairStrands/HairStrandsVisibilityCopyIndirectArg.usf" 2594
"../../../Engine/Shaders/Private/HairStrands/HairStrandsVisibilityClearPS.usf" 2595
"../../../Engine/Shaders/Private/HairStrands/HairStrandsVisibilityPS.usf" 2596
"../../../Engine/Shaders/Private/HairStrands/HairStrandsVisibilityVS.usf" 2597
"../../../Engine/Shaders/Private/HairStrands/HairStrandsVelocity.usf" 2598
"../../../Engine/Shaders/Private/HairStrands/HairStrandsDebug.usf" 2599
"../../../Engine/Shaders/Private/HairStrands/HairStrandsBindingCommon.ush" 2600
"../../../Engine/Shaders/Private/HairStrands/HairStrandsDeepShadowCommon.ush" 2601
"../../../Engine/Shaders/Private/HairStrands/HairStrandsDebugCommonStruct.ush" 2602
"../../../Engine/Shaders/Private/HairStrands/HairStrandsVisibilityComputeSampleCoverage.usf" 2603
"../../../Engine/Shaders/Private/HairStrands/HairStrandsMaterialPS.usf" 2604
"../../../Engine/Shaders/Private/HairStrands/HairStrandsMaterialCommon.ush" 2605
"../../../Engine/Shaders/Private/HairStrands/HairStrandsMaterialVS.usf" 2606
"../../../Engine/Shaders/Private/HairStrands/HairStrandsLightSample.usf" 2607
"../../../Engine/Shaders/Private/HairStrands/HairStrandsDeepShadowMask.usf" 2608
"../../../Engine/Shaders/Private/HairStrands/HairStrandsDeepTransmittanceMask.usf" 2609
"../../../Engine/Shaders/Private/HairStrands/HairStrandsVisibilityTile.usf" 2610
"../../../Engine/Shaders/Private/HairStrands/HairStrandsDeepShadowPS.usf" 2611
"../../../Engine/Shaders/Private/HairStrands/HairStrandsDeepShadowVS.usf" 2612
"../../../Engine/Shaders/Private/HairStrands/HairStrandsLUT.usf" 2613
"../../../Engine/Shaders/Private/HairStrands/HairStrandsForwardRaster.usf" 2614
"../../../Engine/Shaders/Private/HairStrands/HairStrandsForwardCulling.usf" 2615
"../../../Engine/Shaders/Private/HairStrands/HairStrandsEnvironmentLighting.usf" 2616
"../../../Engine/Shaders/Private/HairStrands/HairStrandsEnvironmentAO.usf" 2617
"../../../Engine/Shaders/Private/HairStrands/HairStrandsDeepShadowAllocation.usf" 2618
"../../../Engine/Shaders/Private/HairStrands/HairStrandsVoxelDebug.usf" 2619
"../../../Engine/Shaders/Private/HairStrands/HairStrandsGBufferWrite.usf" 2620
"../../../Engine/Shaders/Private/HairStrands/HairStrandsGBufferCommon.ush" 2621
"../../../Engine/Shaders/Private/HairStrands/HairStrandsVisibilityComposeSubPixelPS.usf" 2622
"../../../Engine/Shaders/Private/HairStrands/HairStrandsAABB.usf" 2623
"../../../Engine/Shaders/Private/GPUScene/GPUSceneDataManagement.usf" 2624
"../../../Engine/Shaders/Private/GPUSceneDebugRender.usf" 2625
"../../../Engine/Shaders/Private/GPUFastFourierTransform.usf" 2626
"../../../Engine/Shaders/Private/GPUFastFourierTransform2DCore.ush" 2627
"../../../Engine/Shaders/Private/GPUFastFourierTransformCore.ush" 2628
"../../../Engine/Shaders/Private/GPUBenchmark.usf" 2629
"../../../Engine/Shaders/Private/DistanceField/GlobalDistanceFieldDebug.usf" 2630
"../../../Engine/Shaders/Private/DistanceField/GlobalDistanceFieldMip.usf" 2631
"../../../Engine/Shaders/Private/DistanceField/GlobalDistanceField.usf" 2632
"../../../Engine/Shaders/Private/DistanceField/GlobalDistanceFieldUpdate.ush" 2633
"../../../Engine/Shaders/Private/DistanceField/GlobalDistanceFieldCompositeObjects.usf" 2634
"../../../Engine/Shaders/Private/DistanceField/GlobalDistanceFieldHeightfields.usf" 2635
"../../../Engine/Shaders/Private/HeightfieldLightingShared.ush" 2636
"../../../Engine/Shaders/Private/GenerateConservativeDepth.usf" 2637
"../../../Engine/Shaders/Private/HeightFogPixelShader.usf" 2638
"../../../Engine/Shaders/Private/HeightFogVertexShader.usf" 2639
"../../../Engine/Shaders/Private/DistortFiltering.usf" 2640
"../../../Engine/Shaders/Private/DistortAccumulatePS.usf" 2641
"../../../Engine/Shaders/Private/DistortAccumulateVS.usf" 2642
"../../../Engine/Shaders/Private/DistanceFieldVisualization.usf" 2643
"../../../Engine/Shaders/Private/DistanceFieldStreaming.usf" 2644
"../../../Engine/Shaders/Private/DistanceFieldShadowing.usf" 2645
"../../../Engine/Shaders/Private/DistanceFieldScreenGridLighting.usf" 2646
"../../../Engine/Shaders/Private/DistanceFieldObjectCulling.usf" 2647
"../../../Engine/Shaders/Private/DistanceFieldLightingPost.usf" 2648
"../../../Engine/Shaders/Private/DitheredTransitionStencil.usf" 2649
"../../../Engine/Shaders/Private/CopyDepthTextureCS.usf" 2650
"../../../Engine/Shaders/Private/DeferredDecal.usf" 2651
"../../../Engine/Shaders/Private/DecalCommon.ush" 2652
"../../../Engine/Shaders/Private/DebugViewModeVertexShader.usf" 2653
"../../../Engine/Shaders/Private/DebugViewModeCommon.ush" 2654
"../../../Engine/Shaders/Private/DebugViewModePixelShader.usf" 2655
"../../../Engine/Shaders/Private/DebugProbes.usf" 2656
"../../../Engine/Shaders/Private/MeshDecals.usf" 2657
"../../../Engine/Shaders/Private/PostProcessAmbientOcclusion.usf" 2658
"../../../Engine/Shaders/Private/ClusteredDeferredShadingPixelShader.usf" 2659
"../../../Engine/Shaders/Private/ClusteredDeferredShadingVertexShader.usf" 2660
"../../../Engine/Shaders/Private/CapsuleShadowShaders.usf" 2661
"../../../Engine/Shaders/Private/BasePassPixelShader.usf" 2662
"../../../Engine/Shaders/Private/ForwardLightingCommon.ush" 2663
"../../../Engine/Shaders/Private/Strata/StrataForwardLighting.ush" 2664
"../../../Engine/Shaders/Private/ComputeShaderOutputCommon.ush" 2665
"../../../Engine/Shaders/Private/BasePassVertexShader.usf" 2666
"../../../Engine/Shaders/Private/BasePassVertexCommon.ush" 2667
"../../../Engine/Shaders/Private/SimpleElementVolumeTexturePreviewPixelShader.usf" 2668
"../../../Engine/Shaders/Private/SimpleElementTexture2DPreviewPixelShader.usf" 2669
"../../../Engine/Shaders/Private/meshpaintdilatepixelshader.usf" 2670
"../../../Engine/Shaders/Private/meshpaintdilatevertexshader.usf" 2671
"../../../Engine/Shaders/Private/MeshPaintPixelShader.usf" 2672
"../../../Engine/Shaders/Private/MeshPaintVertexShader.usf" 2673
"../../../Engine/Shaders/Private/Tools/VisualizeTexture.usf" 2674
"../../../Engine/Shaders/Private/ByteBuffer.usf" 2675
"../../../Engine/Shaders/Private/ResolveVertexShader.usf" 2676
"../../../Engine/Shaders/Private/ResolvePixelShader.usf" 2677
"../../../Engine/Shaders/Private/Tools/SetupIndirectArgs.usf" 2678
"../../../Engine/Shaders/Private/Tools/ClearUAV.usf" 2679
"../../../Engine/Shaders/Private/ClearReplacementShaders.usf" 2680
"../../../Engine/Shaders/Private/Tools/DrawTexture.usf" 2681
"../../../Engine/Shaders/Private/RayTracing/RayTracingValidation.usf" 2682
"../../../Engine/Shaders/Private/RenderGraphUtilities.usf" 2683
"../../../Engine/Shaders/Private/OneColorShader.usf" 2684
"../../../Engine/Shaders/Private/OculusShaders.usf" 2685
"../../../Engine/Shaders/Private/MediaShaders.usf" 2686
"../../../Engine/Shaders/Private/GPUMessaging.usf" 2687
"../../../Engine/Shaders/Private/NullPixelShader.usf" 2688
"../../../Engine/Shaders/Private/ComputeGenerateMips.usf" 2689
"../../../Engine/Shaders/Private/Tools/DumpTexture.usf" 2690
"../../../Engine/Shaders/Private/CopyTextureShaders.usf" 2691
"../../../Engine/Shaders/Private/Tools/FullscreenVertexShader.usf" 2692
"../../../Engine/Shaders/Private/RayTracing/RayTracingDispatchDesc.usf" 2693
"../../../Engine/Shaders/Private/Bink.usf" 2694
"../../../Engine/Shaders/Private/VelocityShader.usf" 2695
"../../../Engine/Shaders/Private/DepthOnlyPixelShader.usf" 2696
"../../../Engine/Shaders/Private/PositionOnlyDepthVertexShader.usf" 2697
"../../../Engine/Shaders/Private/DepthOnlyVertexShader.usf" 2698
"../../../Engine/Shaders/Private/AnisotropyPassShader.usf" 2699
"../../../../../graphic/arcgisTest/arcgis/Intermediate/ShaderAutogen/PCD3D_SM5/AutogenShaderHeaders.ush" 2700
"D:/graphic/arcgisTest/arcgis/Content/main_program.umap" 2701
"D:/graphic/arcgisTest/arcgis/Content/ui/UI_newPreprocessor.uasset" 2702
"D:/graphic/arcgisTest/arcgis/Content/core/BP_playerController.uasset" 2703
"../../../Engine/Content/EditorResources/S_Actor.uasset" 2704
"C:/Users/User/AppData/Local/UnrealEngine/Common/DerivedDataCache/Buckets/BulkDataList/e3/df/93a1ac777ce1c47bff1e90566593a4cc6b45.udd" 2705
"../../../../../graphic/arcgisTest/arcgis/Intermediate/ShaderAutogen/PCD3D_SM6/AutogenShaderHeaders.ush" 2706
"../../../Engine/Content/EditorResources/S_BoxReflectionCapture.uasset" 2707
"C:/Users/User/AppData/Local/UnrealEngine/Common/DerivedDataCache/Buckets/BulkDataList/f8/bc/f3c988108820e43b3a279f3af10b63c97a46.udd" 2708
"../../../Engine/Content/EngineResources/DefaultTexture.uasset" 2709
"C:/Users/User/AppData/Local/UnrealEngine/Common/DerivedDataCache/Buckets/BulkDataList/18/86/207b9a6112cb7e03d20c3eae1c31d1ff075c.udd" 2710
"../../../Engine/Content/EngineResources/DefaultTextureCube.uasset" 2711
"C:/Users/User/AppData/Local/UnrealEngine/Common/DerivedDataCache/Buckets/BulkDataList/11/36/0fab7836f62ae3eba609889cd84d4f7e0bb2.udd" 2712
"../../../Engine/Content/EngineResources/DefaultVolumeTexture.uasset" 2713
"../../../Engine/Content/EngineResources/DefaultVolumeTexture2D.uasset" 2714
"C:/Users/User/AppData/Local/UnrealEngine/Common/DerivedDataCache/Buckets/BulkDataList/cf/21/edf95daf2d8ae9eead5169a43194011c5c06.udd" 2715
"C:/Users/User/AppData/Local/UnrealEngine/Common/DerivedDataCache/Buckets/BulkDataList/75/b0/056f4503f4c0065c8526876f1f13b7694965.udd" 2716
"../../../Engine/Content/EngineFonts/RobotoDistanceField.uasset" 2717
"C:/Users/User/AppData/Local/UnrealEngine/Common/DerivedDataCache/Buckets/BulkDataList/1b/6d/e89f0e79d138bc18832ca97f04601180123b.udd" 2718
"../../../Engine/Content/EngineMaterials/DefaultTextMaterialOpaque.uasset" 2719
"../../../Engine/Content/Functions/Engine_MaterialFunctions01/Shading/PowerToRoughness.uasset" 2720
"../../../Engine/Content/Functions/Engine_MaterialFunctions01/Shading/ConvertFromDiffSpec.uasset" 2721
"../../../Engine/Content/EngineMaterials/WorldGridMaterial.uasset" 2722
"../../../Engine/Content/Functions/Engine_MaterialFunctions01/Opacity/CameraDepthFade.uasset" 2723
"../../../Engine/Content/EngineMaterials/T_Default_Material_Grid_M.uasset" 2724
"../../../Engine/Content/EngineMaterials/T_Default_Material_Grid_N.uasset" 2725
"../../../Engine/Content/EngineMaterials/DefaultDeferredDecalMaterial.uasset" 2726
"../../../Engine/Content/EngineMaterials/DefaultDiffuse.uasset" 2727
"../../../Engine/Content/EngineMaterials/DefaultLightFunctionMaterial.uasset" 2728
"../../../Engine/Content/EngineMaterials/DefaultPostProcessMaterial.uasset" 2729
"../../../Engine/Content/Functions/Engine_MaterialFunctions02/Utility/BreakOutFloat2Components.uasset" 2730
"C:/Users/User/AppData/Local/UnrealEngine/Common/DerivedDataCache/Buckets/BulkDataList/fe/34/b1831bc9bcee37da2d3149b1b0d542449fe3.udd" 2731
"C:/Users/User/AppData/Local/UnrealEngine/Common/DerivedDataCache/Buckets/BulkDataList/15/b1/7fd60ef0744e7d4ca35d14a7ff3780987489.udd" 2732
"C:/Users/User/AppData/Local/UnrealEngine/Common/DerivedDataCache/Buckets/BulkDataList/ab/e0/75c329d1618796dec6b1606396fc469a0a28.udd" 2733
"../../../Engine/Content/EditorResources/S_Trigger.uasset" 2734
"C:/Users/User/AppData/Local/UnrealEngine/Common/DerivedDataCache/Buckets/BulkDataList/e1/1f/190fcbb4ce44a298df58dae4efcb6ccd160d.udd" 2735
"../../../Engine/Content/EditorResources/S_TriggerBox.uasset" 2736
"C:/Users/User/AppData/Local/UnrealEngine/Common/DerivedDataCache/Buckets/BulkDataList/1e/0c/5a0f02d899235a047eb124c3203155b754c7.udd" 2737
"../../../Engine/Content/EditorResources/S_TriggerCapsule.uasset" 2738
"C:/Users/User/AppData/Local/UnrealEngine/Common/DerivedDataCache/Buckets/BulkDataList/d9/84/f10b955daff11d7fadbeea19bdbeec12cb6a.udd" 2739
"../../../Engine/Content/EditorResources/S_TriggerSphere.uasset" 2740
"C:/Users/User/AppData/Local/UnrealEngine/Common/DerivedDataCache/Buckets/BulkDataList/37/4c/c9086855a4c5e1b254bd0abed8ebf8755403.udd" 2741
"../../../Engine/Content/EngineDamageTypes/DmgTypeBP_Environmental.uasset" 2742
"../../../Engine/Content/EngineSky/VolumetricClouds/m_SimpleVolumetricCloud_Inst.uasset" 2743
"../../../Engine/Content/EngineSky/VolumetricClouds/m_SimpleVolumetricCloud.uasset" 2744
"../../../Engine/Content/Functions/Engine_MaterialFunctions02/Utility/MakeFloat2.uasset" 2745
"../../../Engine/Content/EngineSky/VolumetricClouds/CloudGradientTexture.uasset" 2746
"../../../Engine/Content/EngineSky/VolumetricClouds/CloudWeatherTexture.uasset" 2747
"../../../Engine/Content/EngineSky/VolumetricClouds/T_VolumeNoiseErosion32.uasset" 2748
"../../../Engine/Content/EngineSky/VolumetricClouds/T_NoiseErosion.uasset" 2749
"../../../Engine/Content/EngineSky/VolumetricClouds/T_VolumeNoiseShape64.uasset" 2750
"../../../Engine/Content/EngineSky/VolumetricClouds/T_NoiseShape64.uasset" 2751
"C:/Users/User/AppData/Local/UnrealEngine/Common/DerivedDataCache/Buckets/BulkDataList/5f/c5/b41c840ebce8c78416059f3206913061b21f.udd" 2752
"C:/Users/User/AppData/Local/UnrealEngine/Common/DerivedDataCache/Buckets/BulkDataList/2f/c7/2acbbfdf8376ef53babd1998601bfec388d4.udd" 2753
"C:/Users/User/AppData/Local/UnrealEngine/Common/DerivedDataCache/Buckets/BulkDataList/88/2d/e0604add90c97917187328965eed61f2d53f.udd" 2754
"C:/Users/User/AppData/Local/UnrealEngine/Common/DerivedDataCache/Buckets/BulkDataList/c4/4b/6a955d82f474527adb38bd3f4dba0afad5a6.udd" 2755
"C:/Users/User/AppData/Local/UnrealEngine/Common/DerivedDataCache/Buckets/BulkDataList/eb/43/d1d261095740af9d651ebb990c632d8c7012.udd" 2756
"C:/Users/User/AppData/Local/UnrealEngine/Common/DerivedDataCache/Buckets/BulkDataList/10/5a/263b1d4260fe33277f05cb6c89d4ebf93739.udd" 2757
"../../../Engine/Content/EngineMeshes/Sphere.uasset" 2758
"C:/Users/User/AppData/Local/UnrealEngine/Common/DerivedDataCache/Buckets/LegacyNavCollision/51/68/0fc6bc0e92f39af7f3950b9d76f142e2dfc8.udd" 2759
"../../../Engine/Content/EngineResources/WhiteSquareTexture.uasset" 2760
"C:/Users/User/AppData/Local/UnrealEngine/Common/DerivedDataCache/Buckets/BulkDataList/c8/18/b27c9d4fc8f92a6598994d6f51e11afe5eaa.udd" 2761
"../../../Engine/Content/EngineResources/GradientTexture0.uasset" 2762
"C:/Users/User/AppData/Local/UnrealEngine/Common/DerivedDataCache/Buckets/BulkDataList/4c/f3/a1f82fc66152eef6c2cd2f39866b182959b3.udd" 2763
"../../../Engine/Content/EngineResources/Black.uasset" 2764
"C:/Users/User/AppData/Local/UnrealEngine/Common/DerivedDataCache/Buckets/BulkDataList/d1/f6/20da5026be6074b16c0dbe705e2f9dcca2cd.udd" 2765
"../../../Engine/Content/EngineMaterials/Widget3DPassThrough_Translucent.uasset" 2766
"../../../Engine/Content/EngineMaterials/Widget3DPassThrough.uasset" 2767
"../../../Engine/Content/EngineMaterials/Widget3DPassThrough_Translucent_OneSided.uasset" 2768
"../../../Engine/Content/EngineMaterials/Widget3DPassThrough_Opaque.uasset" 2769
"../../../Engine/Content/EngineMaterials/Widget3DPassThrough_Opaque_OneSided.uasset" 2770
"../../../Engine/Content/EngineMaterials/Widget3DPassThrough_Masked.uasset" 2771
"../../../Engine/Content/EngineMaterials/Widget3DPassThrough_Masked_OneSided.uasset" 2772
"../../../Engine/Content/VREditor/ViewportInteractionAssetContainerData.uasset" 2773
"../../../Engine/Content/VREditor/SnapGrid/SnapGridMaterial.uasset" 2774
"../../../Engine/Content/Functions/Engine_MaterialFunctions02/Math/Transform3x3Matrix.uasset" 2775
"../../../Engine/Content/Functions/Engine_MaterialFunctions02/Utility/BreakOutFloat3Components.uasset" 2776
"../../../Engine/Content/Functions/Engine_MaterialFunctions02/SplitComponents.uasset" 2777
"../../../Engine/Content/Functions/Engine_MaterialFunctions02/Utility/MakeFloat3.uasset" 2778
"../../../Engine/Content/VREditor/TransformGizmo/TransformGizmoMaterial_Inst.uasset" 2779
"../../../Engine/Content/VREditor/TransformGizmo/TransformGizmoMaterial.uasset" 2780
"../../../Engine/Content/VREditor/LaserPointer/VR_LaserPower_01.uasset" 2781
"../../../Engine/Content/VREditor/TransformGizmo/TranslucentTransformGizmoMaterial_Inst.uasset" 2782
"../../../Engine/Content/VREditor/TransformGizmo/TranslucentTransformGizmoMaterial.uasset" 2783
"../../../Engine/Content/VREditor/SnapGrid/SnapGridPlaneMesh.uasset" 2784
"../../../Engine/Content/VREditor/Sounds/UI/Drop_Item_From_ContentBrowser.uasset" 2785
"../../../Engine/Content/VREditor/Sounds/UI/Gizmo_Handle_Clicked.uasset" 2786
"../../../Engine/Content/VREditor/Sounds/UI/Object_PickUp.uasset" 2787
"../../../Engine/Content/VREditor/Sounds/UI/Object_Snaps_To_Another_Actor.uasset" 2788
"../../../Engine/Content/VREditor/Sounds/UI/Object_Snaps_To_Grid.uasset" 2789
"../../../Engine/Content/VREditor/Sounds/UI/Scaling_Down.uasset" 2790
"../../../Engine/Content/VREditor/Sounds/UI/Scaling_Up.uasset" 2791
"../../../Engine/Content/VREditor/Sounds/UI/Selection_Changes.uasset" 2792
"../../../Engine/Content/VREditor/TransformGizmo/PlaneTranslationHandle.uasset" 2793
"../../../Engine/Content/VREditor/TransformGizmo/RotationHandleFull.uasset" 2794
"../../../Engine/Content/VREditor/TransformGizmo/RotationHandleIndicator.uasset" 2795
"../../../Engine/Content/VREditor/TransformGizmo/RotationHandleQuarter.uasset" 2796
"../../../Engine/Content/VREditor/TransformGizmo/StartRotationHandleIndicator.uasset" 2797
"../../../Engine/Content/VREditor/TransformGizmo/TransformGizmoFreeRotation.uasset" 2798
"../../../Engine/Content/VREditor/TransformGizmo/TranslateArrowHandle.uasset" 2799
"../../../Engine/Content/VREditor/TransformGizmo/UniformScaleHandle.uasset" 2800
"C:/Users/User/AppData/Local/UnrealEngine/Common/DerivedDataCache/Buckets/BulkDataList/49/1f/6a1480ce40d602f22e1578e5341f42b32de0.udd" 2801
"C:/Users/User/AppData/Local/UnrealEngine/Common/DerivedDataCache/Buckets/BulkDataList/98/c0/b8087f32ecb5122a0dc089811981844ed503.udd" 2802
"C:/Users/User/AppData/Local/UnrealEngine/Common/DerivedDataCache/Buckets/BulkDataList/ce/bc/db71d48d3f494a168e98ea563af26be81ee9.udd" 2803
"C:/Users/User/AppData/Local/UnrealEngine/Common/DerivedDataCache/Buckets/BulkDataList/5e/a5/40b202d59b4eb627ad82848357b259c03e2e.udd" 2804
"C:/Users/User/AppData/Local/UnrealEngine/Common/DerivedDataCache/Buckets/BulkDataList/5f/74/060413b9a28d243331e19838d197a7bfa166.udd" 2805
"C:/Users/User/AppData/Local/UnrealEngine/Common/DerivedDataCache/Buckets/BulkDataList/51/f8/b8be2cfb880e46e39eb77e54308f1ac19958.udd" 2806
"C:/Users/User/AppData/Local/UnrealEngine/Common/DerivedDataCache/Buckets/BulkDataList/f0/d2/1c7b098b5005f879d544713cdc0b32cc4fe8.udd" 2807
"C:/Users/User/AppData/Local/UnrealEngine/Common/DerivedDataCache/Buckets/BulkDataList/0e/87/48a60ae47477767138fa0aa293882b656d90.udd" 2808
"C:/Users/User/AppData/Local/UnrealEngine/Common/DerivedDataCache/Buckets/BulkDataList/1c/dc/77a52668b64084a864b08bdaa0d07606ffa5.udd" 2809
"../../../Engine/Content/VREditor/TransformGizmo/BoundingBoxCorner.uasset" 2810
"../../../Engine/Content/VREditor/TransformGizmo/BoundingBoxEdge.uasset" 2811
"../../../Engine/Content/VREditor/TransformGizmo/SM_Sequencer_Node.uasset" 2812
"../../../Engine/Content/VREditor/TransformGizmo/Main.uasset" 2813
"../../../Engine/Content/VREditor/TransformGizmo/Xray.uasset" 2814
"../../../Engine/Content/EditorResources/S_Solver.uasset" 2815
"C:/Users/User/AppData/Local/UnrealEngine/Common/DerivedDataCache/Buckets/BulkDataList/ac/d9/b92e969c6bc30b591b540c2cb90cecfaa6b5.udd" 2816
"../../../Engine/Content/EngineDebugMaterials/VolumeToRender.uasset" 2817
"C:/Users/User/AppData/Local/UnrealEngine/Common/DerivedDataCache/Buckets/BulkDataList/7d/5a/6017b4b1c07b3c447fc4d0030898bbb46787.udd" 2818
"../../../Engine/Content/EngineDebugMaterials/M_VolumeRenderSphereTracePP.uasset" 2819
"../../../Engine/Content/Functions/Engine_MaterialFunctions02/Utility/CameraDirectionVector.uasset" 2820
"../../../Engine/Content/EditorMeshes/Camera/SM_CraneRig_Base.uasset" 2821
"../../../Engine/Content/EditorMaterials/Camera/MI_CineMat_Rig.uasset" 2822
"../../../Engine/Content/EditorMaterials/Camera/CineMat.uasset" 2823
"../../../Engine/Content/EditorMeshes/Camera/SM_CraneRig_Arm.uasset" 2824
"../../../Engine/Content/EditorMeshes/Camera/SM_CraneRig_Mount.uasset" 2825
"../../../Engine/Content/EditorMeshes/Camera/SM_CraneRig_Body.uasset" 2826
"../../../Engine/Content/EditorMeshes/Camera/SM_RailRig_Track.uasset" 2827
"../../../Engine/Content/EditorMeshes/Camera/SM_RailRig_Mount.uasset" 2828
"../../../Engine/Content/ArtTools/RenderToTexture/Meshes/S_1_Unit_Plane.uasset" 2829
"../../../Engine/Content/EngineDebugMaterials/M_SimpleUnlitTranslucent.uasset" 2830
"../../../Engine/Content/EngineFonts/Roboto.uasset" 2831
"../../../Engine/Content/EngineFonts/Faces/DroidSansFallback.uasset" 2832
"../../../Engine/Content/EngineFonts/Faces/RobotoBold.uasset" 2833
"../../../Engine/Content/EngineFonts/Faces/RobotoBoldItalic.uasset" 2834
"../../../Engine/Content/EngineFonts/Faces/RobotoItalic.uasset" 2835
"../../../Engine/Content/EngineFonts/Faces/RobotoLight.uasset" 2836
"../../../Engine/Content/EngineFonts/Faces/RobotoRegular.uasset" 2837
"../../../Engine/Content/EditorMaterials/ParticleSystems/PSysThumbnail_NoImage.uasset" 2838
"C:/Users/User/AppData/Local/UnrealEngine/Common/DerivedDataCache/Buckets/BulkDataList/53/37/2883663de92cc8bdf701cdfbb8aa27fd17ba.udd" 2839
"../../../Engine/Content/EditorMaterials/ParticleSystems/PSysThumbnail_OOD.uasset" 2840
"C:/Users/User/AppData/Local/UnrealEngine/Common/DerivedDataCache/Buckets/BulkDataList/6a/77/149929c0a1633c1a744fb0b6964719bee109.udd" 2841
"../../../Engine/Content/EditorLandscapeResources/SplineEditorMesh.uasset" 2842
"../../../Engine/Content/EditorLandscapeResources/SplineEditorMeshMat.uasset" 2843
"../../../Engine/Content/EditorLandscapeResources/DataLayer.uasset" 2844
"../../../Engine/Content/Internationalization/icudt64l/coll/ucadata.icu" 2845
"../../../Engine/Content/Internationalization/icudt64l/coll/en.res" 2846
"../../../Engine/Content/Internationalization/icudt64l/coll/root.res" 2847
"../../Plugins/Animation/ACLPlugin/Content/ACLAnimBoneCompressionSettings.uasset" 2848
"../../../Engine/Content/Animation/DefaultRecorderBoneCompression.uasset" 2849
"../../../Engine/Content/Animation/DefaultAnimCurveCompressionSettings.uasset" 2850
"../../../Engine/Content/Animation/DefaultVariableFrameStrippingSettings.uasset" 2851
"../../Plugins/Animation/ControlRig/Content/Controls/ControlRigXRayMaterial.uasset" 2852
"../../Plugins/Animation/ControlRig/Content/Controls/DefaultGizmoLibraryNormalized.uasset" 2853
"../../Plugins/2D/Paper2D/Content/MaskedUnlitSpriteMaterial.uasset" 2854
"../../Plugins/2D/Paper2D/Content/DefaultSpriteMaterial.uasset" 2855
"../../Plugins/2D/Paper2D/Content/PlaceholderTextures/DummySpriteTexture.uasset" 2856
"C:/Users/User/AppData/Local/UnrealEngine/Common/DerivedDataCache/Buckets/BulkDataList/5d/20/235008e41929d7b53a3bbbe489123827fad3.udd" 2857
"../../Plugins/2D/Paper2D/Content/OpaqueUnlitSpriteMaterial.uasset" 2858
"../../Plugins/2D/Paper2D/Content/DefaultPaperTerrainMaterial.uasset" 2859
"../../Plugins/2D/Paper2D/Content/DummySprite.uasset" 2860
"../../Plugins/Animation/ControlRig/Content/M_Manip.uasset" 2861
"../../../Engine/Content/Functions/Engine_MaterialFunctions02/WorldPositionOffset/CameraOffset.uasset" 2862
"../../Plugins/Interchange/Runtime/Content/gltf/MaterialBodies/MF_Default_Body.uasset" 2863
"../../Plugins/Interchange/Runtime/Content/gltf/MaterialFunctions/MF_BaseColor.uasset" 2864
"../../Plugins/Interchange/Runtime/Content/gltf/MaterialFunctions/MF_TransformUVs.uasset" 2865
"../../Plugins/Interchange/Runtime/Content/gltf/MaterialFunctions/MF_RotateV2.uasset" 2866
"../../Plugins/Interchange/Runtime/Content/gltf/Textures/T_White_srgb.uasset" 2867
"../../Plugins/Interchange/Runtime/Content/gltf/MaterialFunctions/MF_Emissive.uasset" 2868
"../../Plugins/Interchange/Runtime/Content/gltf/MaterialFunctions/MF_IOR.uasset" 2869
"../../Plugins/Interchange/Runtime/Content/gltf/MaterialFunctions/MF_MetallicRoughness.uasset" 2870
"../../Plugins/Interchange/Runtime/Content/gltf/Textures/T_White_Linear.uasset" 2871
"../../Plugins/Interchange/Runtime/Content/gltf/MaterialFunctions/MF_Normals.uasset" 2872
"../../Plugins/Interchange/Runtime/Content/gltf/MaterialFunctions/MF_RotateNormals_TS.uasset" 2873
"../../Plugins/Interchange/Runtime/Content/gltf/Textures/T_Generic_N.uasset" 2874
"../../Plugins/Interchange/Runtime/Content/gltf/MaterialFunctions/MF_Occlusion.uasset" 2875
"../../Plugins/Interchange/Runtime/Content/gltf/MaterialFunctions/MF_Specular.uasset" 2876
"C:/Users/User/AppData/Local/UnrealEngine/Common/DerivedDataCache/Buckets/BulkDataList/3f/8f/f4f2906c322dda52e68f9d2e1d88a318c55b.udd" 2877
"C:/Users/User/AppData/Local/UnrealEngine/Common/DerivedDataCache/Buckets/BulkDataList/a8/e4/abc4cfb6737510857f021cb13627f08c7876.udd" 2878
"C:/Users/User/AppData/Local/UnrealEngine/Common/DerivedDataCache/Buckets/BulkDataList/d7/d7/ffe0ab4b94393810ffb785b49ade8b08950b.udd" 2879
"../../Plugins/Interchange/Runtime/Content/gltf/MaterialBodies/MF_Unlit_Body.uasset" 2880
"../../Plugins/Interchange/Runtime/Content/gltf/MaterialBodies/MF_ClearCoat_Body.uasset" 2881
"../../Plugins/Interchange/Runtime/Content/gltf/MaterialFunctions/MF_Clearcoat.uasset" 2882
"../../../Engine/Content/Functions/Engine_MaterialFunctions01/Texturing/FlattenNormal.uasset" 2883
"../../Plugins/Interchange/Runtime/Content/gltf/MaterialBodies/MF_Sheen_Body.uasset" 2884
"../../Plugins/Interchange/Runtime/Content/gltf/MaterialFunctions/MF_Sheen.uasset" 2885
"../../Plugins/Interchange/Runtime/Content/gltf/MaterialBodies/MF_Transmission_Body.uasset" 2886
"../../Plugins/Interchange/Runtime/Content/gltf/MaterialFunctions/MF_Fresnel_DS.uasset" 2887
"../../Plugins/Interchange/Runtime/Content/gltf/MaterialFunctions/MF_Temporal_Blur.uasset" 2888
"../../../Engine/Content/Functions/Engine_MaterialFunctions02/Texturing/ScreenAlignedPixelToPixelUVs.uasset" 2889
"../../../Engine/Content/EngineMaterials/Good64x64TilingNoiseHighFreq.uasset" 2890
"../../Plugins/Interchange/Runtime/Content/gltf/MaterialFunctions/MF_Transmission.uasset" 2891
"C:/Users/User/AppData/Local/UnrealEngine/Common/DerivedDataCache/Buckets/BulkDataList/38/3d/879bd75b207c43aace923db78e3c73e4d7cb.udd" 2892
"../../Plugins/Interchange/Runtime/Content/gltf/MaterialBodies/MF_SpecularGlossiness_Body.uasset" 2893
"../../Plugins/Interchange/Runtime/Content/gltf/MaterialFunctions/MF_DiffuseSpecGloss.uasset" 2894
"../../Plugins/Interchange/Runtime/Content/gltf/MaterialFunctions/MF_SpecGlossToMetalRoughness.uasset" 2895
"../../Plugins/Interchange/Runtime/Content/gltf/MaterialFunctions/MF_PerceivedBrightness.uasset" 2896
"../../../Engine/Content/Functions/Engine_MaterialFunctions02/Math/AddComponents.uasset" 2897
"../../../Engine/Content/BasicShapes/Cube.uasset" 2898
"../../../Engine/Intermediate/ProjectFiles/PrimaryProjectPath.txt" 2899
"../../Plugins/Editor/SpeedTreeImporter/Content/SpeedTree9/SpeedTreeMaster.uasset" 2900
"../../../Engine/Content/Functions/Engine_MaterialFunctions02/ObjectLocalBounds.uasset" 2901
"../../../Engine/Content/Functions/Engine_MaterialFunctions02/SafeNormalize.uasset" 2902
"../../../Engine/Content/Functions/Engine_MaterialFunctions02/Utility/VectorLength.uasset" 2903
"../../../Engine/Content/Functions/Engine_MaterialFunctions02/UVs/BoundingBoxBased_0-1_UVW.uasset" 2904
"../../../Engine/Content/Functions/Engine_MaterialFunctions02/WorldPositionOffset/ObjectScale.uasset" 2905
"../../Plugins/Editor/SpeedTreeImporter/Content/SpeedTree9/SpeedTreeBranchMotion.uasset" 2906
"../../Plugins/Editor/SpeedTreeImporter/Content/SpeedTree9/SpeedTreeWindMotion.uasset" 2907
"../../Plugins/Editor/SpeedTreeImporter/Content/SpeedTree9/game_wind_noise.uasset" 2908
"../../Plugins/Editor/SpeedTreeImporter/Content/SpeedTree9/UnpackDirection.uasset" 2909
"../../Plugins/Editor/SpeedTreeImporter/Content/SpeedTree9/UnpackInteger3.uasset" 2910
"../../Plugins/Editor/SpeedTreeImporter/Content/SpeedTree9/SpeedTreeCameraFacing.uasset" 2911
"../../Plugins/Editor/SpeedTreeImporter/Content/SpeedTree9/SpeedTreeWind.uasset" 2912
"../../Plugins/Editor/SpeedTreeImporter/Content/SpeedTree9/Empty.uasset" 2913
"../../Plugins/Editor/SpeedTreeImporter/Content/SpeedTree9/EmptyNormal.uasset" 2914
"C:/Users/User/AppData/Local/UnrealEngine/Common/DerivedDataCache/Buckets/BulkDataList/e4/93/f2090fa42d0be174433b3c1e752133eb046f.udd" 2915
"C:/Users/User/AppData/Local/UnrealEngine/Common/DerivedDataCache/Buckets/BulkDataList/aa/8c/4a572ea4c257187f69ca3de5b73c6726ebdb.udd" 2916
"C:/Users/User/AppData/Local/UnrealEngine/Common/DerivedDataCache/Buckets/BulkDataList/91/aa/93508a2df0bc0bf2178330b28cbbde715e40.udd" 2917
"C:/Users/User/AppData/Local/UnrealEngine/Common/DerivedDataCache/Buckets/BulkDataPayloadId/ac/cc/a6aa9daa7cbf76c8953f7e3d2c201a8a54cb.udd" 2918
"C:/Users/User/AppData/Local/UnrealEngine/Common/DerivedDataCache/Buckets/BulkDataPayloadId/93/1e/fa687e128aa134c7085da39d1269fafb1746.udd" 2919
"../../Plugins/Editor/SpeedTreeImporter/Content/SpeedTree9/SpeedTreeBillboardMaster.uasset" 2920
"../../Plugins/Editor/SpeedTreeImporter/Content/SpeedTree9/SpeedTreeBillboard.uasset" 2921
"../../Plugins/Media/MediaPlate/Content/SM_MediaPlateScreen.uasset" 2922
"D:/graphic/arcgisTest/arcgis/Saved/Config/WindowsEditor/ObjectMixerSerializedData.ini" 2923
"../../../Engine/Content/BasicShapes/Sphere.uasset" 2924
"../../../Engine/Content/EngineMaterials/DefaultMaterial.uasset" 2925
"../../../../../graphic/arcgisTest/arcgis/Plugins/ArcGISMapsSDK/Content/Materials/Tile.uasset" 2926
"../../../../../graphic/arcgisTest/arcgis/Plugins/ArcGISMapsSDK/Content/Materials/GetTileOffset.uasset" 2927
"../../../../../graphic/arcgisTest/arcgis/Plugins/ArcGISMapsSDK/Content/Materials/GetTileNearestUVPositions.uasset" 2928
"../../../../../graphic/arcgisTest/arcgis/Plugins/ArcGISMapsSDK/Content/Materials/DefaultPositionsMap.uasset" 2929
"../../../../../graphic/arcgisTest/arcgis/Plugins/ArcGISMapsSDK/Content/Materials/GetVertexClippingMask.uasset" 2930
"../../../Engine/Content/Functions/Engine_MaterialFunctions02/WorldPositionOffset/LocalPosition.uasset" 2931
"../../../../../graphic/arcgisTest/arcgis/Plugins/ArcGISMapsSDK/Content/Materials/TerrainOcclusionParameters.uasset" 2932
"../../../../../graphic/arcgisTest/arcgis/Plugins/ArcGISMapsSDK/Content/Materials/DefaultTerrainOcclusionMap.uasset" 2933
"../../../../../graphic/arcgisTest/arcgis/Plugins/ArcGISMapsSDK/Content/Materials/DefaultTileImageryMap.uasset" 2934
"../../../../../graphic/arcgisTest/arcgis/Plugins/ArcGISMapsSDK/Content/Materials/DefaultTileNormalMap.uasset" 2935
"C:/Users/User/AppData/Local/UnrealEngine/Common/DerivedDataCache/Buckets/BulkDataList/6f/63/8c6d02a164128e7b30a7f5394f65c41f963f.udd" 2936
"../../../../../graphic/arcgisTest/arcgis/Plugins/ArcGISMapsSDK/Content/Materials/SceneNode.uasset" 2937
"../../../../../graphic/arcgisTest/arcgis/Plugins/ArcGISMapsSDK/Content/Materials/GetSceneNodeOffset.uasset" 2938
"../../../Engine/Content/Functions/Engine_MaterialFunctions02/Utility/DitherTemporalAA.uasset" 2939
"../../../../../graphic/arcgisTest/arcgis/Plugins/ArcGISMapsSDK/Content/Materials/DefaultSceneNodeBaseMap.uasset" 2940
"C:/Users/User/AppData/Local/UnrealEngine/Common/DerivedDataCache/Buckets/BulkDataList/c6/35/b44e2ca6a13b73c5cead58276751945235de.udd" 2941
"C:/Users/User/AppData/Local/UnrealEngine/Editor/UInteractiveToolsPresetCollectionAsset_DefaultCollection.json" 2942
"../../../Engine/Content/EngineMaterials/NaniteHiddenSectionMaterial.uasset" 2943
"../../../Engine/Content/EngineMaterials/RemoveSurfaceMaterial.uasset" 2944
"../../../Engine/Content/EngineDebugMaterials/DebugMeshMaterial.uasset" 2945
"../../../Engine/Content/EngineMaterials/EmissiveMeshMaterial.uasset" 2946
"../../../Engine/Content/EngineMaterials/DefaultWhiteGrid_Low.uasset" 2947
"C:/Users/User/AppData/Local/UnrealEngine/Common/DerivedDataCache/Buckets/BulkDataList/ab/8d/05cf50b488a5d9ef91a99b8c331a9e438d1c.udd" 2948
"../../../Engine/Content/EngineMaterials/M_InvalidLightmapSettings.uasset" 2949
"../../../Engine/Content/EngineMaterials/InvalidLightmapSettings.uasset" 2950
"C:/Users/User/AppData/Local/UnrealEngine/Common/DerivedDataCache/Buckets/BulkDataList/f7/0f/d11533aec497a8f4d976b5fcdc3c7d23ddbe.udd" 2951
"../../../Engine/Content/EngineMaterials/GizmoMaterial.uasset" 2952
"../../../Engine/Content/EngineMaterials/PhAT_JointLimitMaterial.uasset" 2953
"../../../Engine/Content/EngineMaterials/FlattenMaterial.uasset" 2954
"../../../Engine/Content/EngineMaterials/BaseFlattenDiffuseMap.uasset" 2955
"../../../Engine/Content/EngineMaterials/BaseFlattenEmissiveMap.uasset" 2956
"../../../Engine/Content/EngineMaterials/BaseFlattenGrayscaleMap.uasset" 2957
"../../../Engine/Content/EngineMaterials/BaseFlattenLinearColor.uasset" 2958
"../../../Engine/Content/EngineMaterials/BaseFlattenNormalMap.uasset" 2959
"../../../Engine/Content/Functions/Engine_MaterialFunctions02/PivotPainter2/Black_1x1_EXR_Texture.uasset" 2960
"C:/Users/User/AppData/Local/UnrealEngine/Common/DerivedDataCache/Buckets/BulkDataList/68/97/01f6297387c335ac34e580173106720c93ae.udd" 2961
"C:/Users/User/AppData/Local/UnrealEngine/Common/DerivedDataCache/Buckets/BulkDataList/cb/47/2cb36f75d602924e68afbe0ec87c824ba5b5.udd" 2962
"C:/Users/User/AppData/Local/UnrealEngine/Common/DerivedDataCache/Buckets/BulkDataList/02/1e/a4aaa2c19421dc5eaed1e2995a54d210df4b.udd" 2963
"C:/Users/User/AppData/Local/UnrealEngine/Common/DerivedDataCache/Buckets/BulkDataList/79/37/01126b8f3d09e90053c6d5211d8a09e36c95.udd" 2964
"C:/Users/User/AppData/Local/UnrealEngine/Common/DerivedDataCache/Buckets/BulkDataList/5c/38/f42aefd653429df2f863f725840d60a7e21f.udd" 2965
"C:/Users/User/AppData/Local/UnrealEngine/Common/DerivedDataCache/Buckets/BulkDataList/6b/e0/874f4cc69df1b4227c896faf1f95e2d7ddae.udd" 2966
"../../../Engine/Content/EngineMaterials/FlattenMaterial_VT.uasset" 2967
"../../../Engine/Content/EngineMaterials/BaseFlattenDiffuseMap_VT.uasset" 2968
"../../../Engine/Content/EngineMaterials/BaseFlattenEmissiveMap_VT.uasset" 2969
"../../../Engine/Content/EngineMaterials/BaseFlattenGrayscaleMap_VT.uasset" 2970
"../../../Engine/Content/EngineMaterials/BaseFlattenLinearColor_VT.uasset" 2971
"../../../Engine/Content/EngineMaterials/BaseFlattenNormalMap_VT.uasset" 2972
"../../../Engine/Content/EngineMaterials/Black_1x1_EXR_Texture_VT.uasset" 2973
"C:/Users/User/AppData/Local/UnrealEngine/Common/DerivedDataCache/Buckets/BulkDataList/dd/6d/d4ddd21609cd55f1bbe418c1f8c575981ae1.udd" 2974
"C:/Users/User/AppData/Local/UnrealEngine/Common/DerivedDataCache/Buckets/BulkDataList/12/64/1a72f0b592ba56ea948e09dc7ec66b03e130.udd" 2975
"C:/Users/User/AppData/Local/UnrealEngine/Common/DerivedDataCache/Buckets/BulkDataList/f2/5b/79536865bf35f93ccae399134ed8a6b65421.udd" 2976
"C:/Users/User/AppData/Local/UnrealEngine/Common/DerivedDataCache/Buckets/BulkDataList/cd/94/13a2f83433e38dd04fedf6de83f6f7c1795c.udd" 2977
"C:/Users/User/AppData/Local/UnrealEngine/Common/DerivedDataCache/Buckets/BulkDataList/d8/e5/9e377c3c2695b14c28ddaa5ce23e2439eedd.udd" 2978
"C:/Users/User/AppData/Local/UnrealEngine/Common/DerivedDataCache/Buckets/BulkDataList/ae/4e/c910130f53ccd8464de82359a663e06d5e8a.udd" 2979
"../../../Engine/Content/EngineMaterials/FlattenMaterial_WS_Normal_VT.uasset" 2980
"../../../Engine/Content/EngineMaterials/DefaultBokeh.uasset" 2981
"C:/Users/User/AppData/Local/UnrealEngine/Common/DerivedDataCache/Buckets/BulkDataList/38/a5/f21ba4e8db02fa1cc5dc1554850862cc0da3.udd" 2982
"../../../Engine/Content/EngineMaterials/MiniFont.uasset" 2983
"C:/Users/User/AppData/Local/UnrealEngine/Common/DerivedDataCache/Buckets/BulkDataList/0a/08/10f2f9f140fe38dac62020caf281ee91c36f.udd" 2984
"../../../Engine/Content/EngineMaterials/WeightMapPlaceholderTexture.uasset" 2985
"C:/Users/User/AppData/Local/UnrealEngine/Common/DerivedDataCache/Buckets/BulkDataList/4f/1b/ac0c41cd1dae2b3c5d9a8eee9f1592f756ca.udd" 2986
"../../../Engine/Content/EngineMaterials/DefaultWhiteGrid.uasset" 2987
"C:/Users/User/AppData/Local/UnrealEngine/Common/DerivedDataCache/Buckets/BulkDataList/46/f2/39bdb3380fc9fd4ec21fe25ee723c2e84116.udd" 2988
"../../../Engine/Content/EngineMaterials/PreintegratedSkinBRDF.uasset" 2989
"C:/Users/User/AppData/Local/UnrealEngine/Common/DerivedDataCache/Buckets/BulkDataList/52/a9/78c5deb682ab17e256aa052ccd2f5d9b9c36.udd" 2990
"../../../Engine/Content/EngineMaterials/DefaultPhysicalMaterial.uasset" 2991
"../../../Engine/Content/EngineMaterials/DefaultDestructiblePhysicalMaterial.uasset" 2992
"../../../Engine/Content/EditorLandscapeResources/DefaultAlphaTexture.uasset" 2993
"C:/Users/User/AppData/Local/UnrealEngine/Common/DerivedDataCache/Buckets/BulkDataList/1b/f4/5f1353d3353e323608de23345bdf594e9c34.udd" 2994
"../../../Engine/Content/EditorResources/S_Terrain.uasset" 2995
"C:/Users/User/AppData/Local/UnrealEngine/Common/DerivedDataCache/Buckets/BulkDataList/22/41/bcd3dee4350b8c0584ef65115722e3e55b62.udd" 2996
"../../../Engine/Content/BasicShapes/Cylinder.uasset" 2997
"../../../Engine/Content/BasicShapes/Cone.uasset" 2998
"../../../Engine/Content/BasicShapes/Plane.uasset" 2999
"../../Plugins/Runtime/MeshModelingToolset/Content/Materials/M_DynamicMeshComponentVtxColor.uasset" 3000
"../../Plugins/FX/Niagara/Content/ParameterDefinitions/SpriteRenderer.uasset" 3001
"../../Plugins/FX/Niagara/Content/ParameterDefinitions/RibbonRenderer.uasset" 3002
"../../Plugins/FX/Niagara/Content/ParameterDefinitions/MeshRenderer.uasset" 3003
"../../Plugins/FX/Niagara/Content/ParameterDefinitions/LightRenderer.uasset" 3004
"../../Plugins/FX/Niagara/Content/ParameterDefinitions/DecalRenderer.uasset" 3005
"../../Plugins/FX/Niagara/Content/ParameterDefinitions/CoreParameters.uasset" 3006
"../../../Engine/Content/EditorResources/SequenceRecorder/Countdown.uasset" 3007
"C:/Users/User/AppData/Local/UnrealEngine/Common/DerivedDataCache/Buckets/BulkDataList/91/d2/8ec0b06923e5d3ab7ad7ed0c6e7743f545e9.udd" 3008
"../../../Engine/Content/EditorResources/SequenceRecorder/RecordingIndicator.uasset" 3009
"C:/Users/User/AppData/Local/UnrealEngine/Common/DerivedDataCache/Buckets/BulkDataList/c8/90/7073c09f0d9b5eb5cb49b56b4fd2f3c09eb6.udd" 3010
"../../../Engine/Content/EditorMaterials/PhAT_UnselectedMaterial.uasset" 3011
"../../../Engine/Content/EditorMaterials/PhAT_NoCollisionMaterial.uasset" 3012
"D:/graphic/arcgisTest/arcgis/Saved/Cooked/Windows/arcgisTest/Metadata/CookedSettings.txt" 3013
"D:/graphic/arcgisTest/arcgis/Saved/Cooked/Windows/arcgisTest/Metadata/CookedIniVersion.txt" 3014
"D:/graphic/arcgisTest/arcgis/Saved/Cooked/Windows/arcgisTest/Metadata/DevelopmentAssetRegistry.bin" 3015
"D:/graphic/arcgisTest/arcgis/Intermediate/ShaderAutogen/PCD3D_SM6/AutogenShaderHeaders.ush" 3016
"C:/Users/User/AppData/Local/UnrealEngine/Common/DerivedDataCache/Buckets/GlobalShaderMap/99/33/9e19f01d52fc977cd2e5d885b0af0e7822aa.udd" 3017
"C:/Users/User/AppData/Local/UnrealEngine/Common/DerivedDataCache/Buckets/GlobalShaderMap/b9/8e/a3b46c6a89e7c8643f886165dad0c7d6f814.udd" 3018
"C:/Users/User/AppData/Local/UnrealEngine/Common/DerivedDataCache/Buckets/GlobalShaderMap/c5/3a/de81c20c23d78e970bf6563ca26f0b42ef15.udd" 3019
"C:/Users/User/AppData/Local/UnrealEngine/Common/DerivedDataCache/Buckets/GlobalShaderMap/bd/31/ed5afd4d78acf41db5f56db78e1f35ed4580.udd" 3020
"C:/Users/User/AppData/Local/UnrealEngine/Common/DerivedDataCache/Buckets/GlobalShaderMap/9b/30/fb8625247670e396722a0fdc9465219d3b67.udd" 3021
"C:/Users/User/AppData/Local/UnrealEngine/Common/DerivedDataCache/Buckets/GlobalShaderMap/32/25/16e4c100972705c4f44c3a85e650255ab7fd.udd" 3022
"C:/Users/User/AppData/Local/UnrealEngine/Common/DerivedDataCache/Buckets/GlobalShaderMap/e8/82/b6141d5c5f563f0abf14de4829cf038bc56d.udd" 3023
"C:/Users/User/AppData/Local/UnrealEngine/Common/DerivedDataCache/Buckets/GlobalShaderMap/55/19/8b400535b12ff0fcf9e304a91991d1329598.udd" 3024
"C:/Users/User/AppData/Local/UnrealEngine/Common/DerivedDataCache/Buckets/GlobalShaderMap/48/36/89d54d7fd272b0ec11f9d783947b1851f145.udd" 3025
"C:/Users/User/AppData/Local/UnrealEngine/Common/DerivedDataCache/Buckets/GlobalShaderMap/5e/23/238316c7f0b7754d916a0a72fd3f345072ba.udd" 3026
"C:/Users/User/AppData/Local/UnrealEngine/Common/DerivedDataCache/Buckets/GlobalShaderMap/86/32/e19572aea732b5f62185177468f672aff2ba.udd" 3027
"C:/Users/User/AppData/Local/UnrealEngine/Common/DerivedDataCache/Buckets/GlobalShaderMap/42/1b/f3e3469b9eafb5b8bb4ecde9075d628f57ac.udd" 3028
"C:/Users/User/AppData/Local/UnrealEngine/Common/DerivedDataCache/Buckets/GlobalShaderMap/e4/b1/b5fbcf739b748a7bc2fd44d91882b7186d70.udd" 3029
"C:/Users/User/AppData/Local/UnrealEngine/Common/DerivedDataCache/Buckets/GlobalShaderMap/42/85/a9e3c406ce50ac7dcce96e18535aee0f8bfa.udd" 3030
"C:/Users/User/AppData/Local/UnrealEngine/Common/DerivedDataCache/Buckets/GlobalShaderMap/90/92/ec21d370d28cb53e7c432a70fce7e2603c85.udd" 3031
"C:/Users/User/AppData/Local/UnrealEngine/Common/DerivedDataCache/Buckets/GlobalShaderMap/40/4f/f73c35afb4baa7500819a6f0437be69b334f.udd" 3032
"C:/Users/User/AppData/Local/UnrealEngine/Common/DerivedDataCache/Buckets/GlobalShaderMap/59/1d/7c4311360f14992eefe4f2cee0d5f8a02650.udd" 3033
"C:/Users/User/AppData/Local/UnrealEngine/Common/DerivedDataCache/Buckets/GlobalShaderMap/39/85/c20104e5ef77b5cdcdb175769864b121950b.udd" 3034
"C:/Users/User/AppData/Local/UnrealEngine/Common/DerivedDataCache/Buckets/GlobalShaderMap/20/7e/c09adc3a810905f7490b2fdc4acad575af65.udd" 3035
"C:/Users/User/AppData/Local/UnrealEngine/Common/DerivedDataCache/Buckets/GlobalShaderMap/b9/4e/d10547436dd7ad4836db5d23b56afaa5d89e.udd" 3036
"D:/graphic/arcgisTest/arcgis/Saved/Cooked/Windows/arcgisTest/Metadata/packagestore.manifest" 3037
"D:/graphic/arcgisTest/arcgis/Content/ui/UI_ShowStatus.uasset" 3038
"D:/graphic/arcgisTest/arcgis/Content/NewMap.umap" 3039
"D:/graphic/arcgisTest/arcgis/Content/core/customGameMode.uasset" 3040
"D:/graphic/arcgisTest/arcgis/Content/core/BP_PawnMovement.uasset" 3041
"D:/graphic/arcgisTest/arcgis/Content/core/BP_camera.uasset" 3042
"D:/graphic/arcgisTest/arcgis/Content/core/BP_selection.uasset" 3043
"../../../Engine/Content/EditorBlueprintResources/StandardMacros.uasset" 3044
"../../../../../graphic/arcgisTest/arcgis/Content/BuildingModels/AssetsStorage/BP_ToggleVisibility.uasset" 3045
"../../../../../graphic/arcgisTest/arcgis/Content/BuildingModels/AssetsStorage/smallbuilding101.uasset" 3046
"../../../Engine/Content/EditorMeshes/MatineeCam_SM.uasset" 3047
"../../../Engine/Content/EditorMaterials/MatineeCam_mat.uasset" 3048
"../../../Engine/Content/EditorResources/MatineeCam_D.uasset" 3049
"../../../../../graphic/arcgisTest/arcgis/Content/trace.uasset" 3050
"../../../../../graphic/arcgisTest/arcgis/Content/core/BP_moving.uasset" 3051
"../../../../../graphic/arcgisTest/arcgis/Content/the_cubes.uasset" 3052
"../../../Engine/Content/BasicShapes/BasicShapeMaterial.uasset" 3053
"../../../../../graphic/arcgisTest/arcgis/Content/ui/wind.uasset" 3054
"../../../../../graphic/arcgisTest/arcgis/Content/kisspng-wind-clip-art-5ae064be15a4f1_1803112215246552940887.uasset" 3055
"../../../../../graphic/arcgisTest/arcgis/Content/material/M_transparent.uasset" 3056
"C:/Users/User/AppData/Local/UnrealEngine/Common/DerivedDataCache/Buckets/BulkDataList/70/24/64dd89772889d63117d5297f45dd5320450b.udd" 3057
"C:/Users/User/AppData/Local/UnrealEngine/Common/DerivedDataCache/Buckets/BulkDataList/89/9d/fb77082d1556bc28edcda67836a16bd6f9c9.udd" 3058
"C:/Users/User/AppData/Local/UnrealEngine/Common/DerivedDataCache/Buckets/StaticMesh/c7/4d/02b69cf37f1613170c151989fc7973b2873a.udd" 3059
"C:/Users/User/AppData/Local/UnrealEngine/Common/DerivedDataCache/Buckets/LegacyDIST/0b/c6/8e1eb35ab3265c37f9f6d6ff64c06f13b6b8.udd" 3060
"C:/Users/User/AppData/Local/UnrealEngine/Common/DerivedDataCache/Buckets/LegacyCARD/21/45/2dea32051929ce6b51500e2df391a3f98b94.udd" 3061
"C:/Users/User/AppData/Local/UnrealEngine/Common/DerivedDataCache/Buckets/LegacyDIST/5e/4a/b1cc16fc11373c3095ef0330431b5c2f6704.udd" 3062
"C:/Users/User/AppData/Local/UnrealEngine/Common/DerivedDataCache/Buckets/LegacyCARD/e6/e4/a769a7bca616b6b376f9468e9a722e688ff6.udd" 3063
"C:/Users/User/AppData/Local/UnrealEngine/Common/DerivedDataCache/Buckets/LegacyNavCollision/20/86/df7f2b750057f510ab7d2ae7ac973c9c169c.udd" 3064
"../../../../../graphic/arcgisTest/arcgis/Content/county_geo/county_geo.uasset" 3065
"../../../../../graphic/arcgisTest/arcgis/Content/county_geo/???.uasset" 3066
"../../../../../graphic/arcgisTest/arcgis/Content/county_geo/???.uasset" 3067
"../../../../../graphic/arcgisTest/arcgis/Content/county_geo/???.uasset" 3068
"../../../../../graphic/arcgisTest/arcgis/Content/county_geo/???.uasset" 3069
"../../../../../graphic/arcgisTest/arcgis/Content/county_geo/???.uasset" 3070
"../../../../../graphic/arcgisTest/arcgis/Content/county_geo/???.uasset" 3071
"../../../../../graphic/arcgisTest/arcgis/Content/county_geo/???.uasset" 3072
"../../../../../graphic/arcgisTest/arcgis/Content/county_geo/???.uasset" 3073
"../../../../../graphic/arcgisTest/arcgis/Content/county_geo/???.uasset" 3074
"../../../../../graphic/arcgisTest/arcgis/Content/county_geo/???.uasset" 3075
"../../../../../graphic/arcgisTest/arcgis/Content/county_geo/???.uasset" 3076
"../../../../../graphic/arcgisTest/arcgis/Content/county_geo/???.uasset" 3077
"../../../../../graphic/arcgisTest/arcgis/Content/county_geo/???.uasset" 3078
"../../../../../graphic/arcgisTest/arcgis/Content/county_geo/???.uasset" 3079
"../../../../../graphic/arcgisTest/arcgis/Content/county_geo/???.uasset" 3080
"../../../../../graphic/arcgisTest/arcgis/Content/county_geo/???.uasset" 3081
"../../../../../graphic/arcgisTest/arcgis/Content/county_geo/???.uasset" 3082
"../../../../../graphic/arcgisTest/arcgis/Content/county_geo/???.uasset" 3083
"../../../../../graphic/arcgisTest/arcgis/Content/county_geo/???.uasset" 3084
"../../../../../graphic/arcgisTest/arcgis/Content/county_geo/???.uasset" 3085
"../../../../../graphic/arcgisTest/arcgis/Content/datas.uasset" 3086
"../../../../../graphic/arcgisTest/arcgis/Content/towngeo/town.uasset" 3087
"../../../../../graphic/arcgisTest/arcgis/Content/towngeo/???.uasset" 3088
"../../../../../graphic/arcgisTest/arcgis/Content/towngeo/???.uasset" 3089
"../../../../../graphic/arcgisTest/arcgis/Content/towngeo/???.uasset" 3090
"../../../../../graphic/arcgisTest/arcgis/Content/towngeo/????.uasset" 3091
"../../../../../graphic/arcgisTest/arcgis/Content/towngeo/???.uasset" 3092
"../../../../../graphic/arcgisTest/arcgis/Content/towngeo/???.uasset" 3093
"../../../../../graphic/arcgisTest/arcgis/Content/towngeo/???.uasset" 3094
"../../../../../graphic/arcgisTest/arcgis/Content/towngeo/???.uasset" 3095
"../../../../../graphic/arcgisTest/arcgis/Content/towngeo/???.uasset" 3096
"../../../../../graphic/arcgisTest/arcgis/Content/towngeo/???.uasset" 3097
"../../../../../graphic/arcgisTest/arcgis/Content/towngeo/???.uasset" 3098
"../../../../../graphic/arcgisTest/arcgis/Content/towngeo/???.uasset" 3099
"../../../../../graphic/arcgisTest/arcgis/Content/towngeo/??.uasset" 3100
"../../../../../graphic/arcgisTest/arcgis/Content/towngeo/???.uasset" 3101
"../../../../../graphic/arcgisTest/arcgis/Content/towngeo/???.uasset" 3102
"../../../../../graphic/arcgisTest/arcgis/Content/towngeo/???.uasset" 3103
"../../../../../graphic/arcgisTest/arcgis/Content/towngeo/???.uasset" 3104
"../../../../../graphic/arcgisTest/arcgis/Content/towngeo/???.uasset" 3105
"../../../../../graphic/arcgisTest/arcgis/Content/towngeo/???_001.uasset" 3106
"../../../../../graphic/arcgisTest/arcgis/Content/towngeo/???.uasset" 3107
"../../../../../graphic/arcgisTest/arcgis/Content/towngeo/???_001.uasset" 3108
"../../../../../graphic/arcgisTest/arcgis/Content/towngeo/???.uasset" 3109
"../../../../../graphic/arcgisTest/arcgis/Content/towngeo/???.uasset" 3110
"../../../../../graphic/arcgisTest/arcgis/Content/towngeo/???.uasset" 3111
"../../../../../graphic/arcgisTest/arcgis/Content/towngeo/???.uasset" 3112
"../../../../../graphic/arcgisTest/arcgis/Content/towngeo/???.uasset" 3113
"../../../../../graphic/arcgisTest/arcgis/Content/towngeo/???.uasset" 3114
"../../../../../graphic/arcgisTest/arcgis/Content/towngeo/???.uasset" 3115
"../../../../../graphic/arcgisTest/arcgis/Content/towngeo/???.uasset" 3116
"../../../../../graphic/arcgisTest/arcgis/Content/towngeo/???.uasset" 3117
"../../../../../graphic/arcgisTest/arcgis/Content/towngeo/???.uasset" 3118
"../../../../../graphic/arcgisTest/arcgis/Content/towngeo/???.uasset" 3119
"../../../../../graphic/arcgisTest/arcgis/Content/towngeo/???.uasset" 3120
"../../../../../graphic/arcgisTest/arcgis/Content/towngeo/???.uasset" 3121
"../../../../../graphic/arcgisTest/arcgis/Content/towngeo/???.uasset" 3122
"../../../../../graphic/arcgisTest/arcgis/Content/towngeo/???.uasset" 3123
"../../../../../graphic/arcgisTest/arcgis/Content/towngeo/???.uasset" 3124
"../../../../../graphic/arcgisTest/arcgis/Content/towngeo/???.uasset" 3125
"../../../../../graphic/arcgisTest/arcgis/Content/towngeo/???_001.uasset" 3126
"../../../../../graphic/arcgisTest/arcgis/Content/towngeo/???.uasset" 3127
"../../../../../graphic/arcgisTest/arcgis/Content/towngeo/???.uasset" 3128
"../../../../../graphic/arcgisTest/arcgis/Content/towngeo/???.uasset" 3129
"../../../../../graphic/arcgisTest/arcgis/Content/towngeo/???.uasset" 3130
"../../../../../graphic/arcgisTest/arcgis/Content/towngeo/???.uasset" 3131
"../../../../../graphic/arcgisTest/arcgis/Content/towngeo/???.uasset" 3132
"../../../../../graphic/arcgisTest/arcgis/Content/towngeo/???.uasset" 3133
"../../../../../graphic/arcgisTest/arcgis/Content/towngeo/???.uasset" 3134
"../../../../../graphic/arcgisTest/arcgis/Content/towngeo/???.uasset" 3135
"../../../../../graphic/arcgisTest/arcgis/Content/towngeo/???.uasset" 3136
"../../../../../graphic/arcgisTest/arcgis/Content/towngeo/???.uasset" 3137
"../../../../../graphic/arcgisTest/arcgis/Content/towngeo/???.uasset" 3138
"../../../../../graphic/arcgisTest/arcgis/Content/towngeo/???.uasset" 3139
"../../../../../graphic/arcgisTest/arcgis/Content/towngeo/???.uasset" 3140
"../../../../../graphic/arcgisTest/arcgis/Content/towngeo/???.uasset" 3141
"../../../../../graphic/arcgisTest/arcgis/Content/towngeo/??.uasset" 3142
"../../../../../graphic/arcgisTest/arcgis/Content/towngeo/??_001.uasset" 3143
"../../../../../graphic/arcgisTest/arcgis/Content/towngeo/??_002.uasset" 3144
"../../../../../graphic/arcgisTest/arcgis/Content/towngeo/???.uasset" 3145
"../../../../../graphic/arcgisTest/arcgis/Content/towngeo/???.uasset" 3146
"../../../../../graphic/arcgisTest/arcgis/Content/towngeo/???.uasset" 3147
"../../../../../graphic/arcgisTest/arcgis/Content/towngeo/???.uasset" 3148
"../../../../../graphic/arcgisTest/arcgis/Content/towngeo/???.uasset" 3149
"../../../../../graphic/arcgisTest/arcgis/Content/towngeo/???.uasset" 3150
"../../../../../graphic/arcgisTest/arcgis/Content/towngeo/???.uasset" 3151
"../../../../../graphic/arcgisTest/arcgis/Content/towngeo/???.uasset" 3152
"../../../../../graphic/arcgisTest/arcgis/Content/towngeo/???.uasset" 3153
"../../../../../graphic/arcgisTest/arcgis/Content/towngeo/???.uasset" 3154
"../../../../../graphic/arcgisTest/arcgis/Content/towngeo/???.uasset" 3155
"../../../../../graphic/arcgisTest/arcgis/Content/towngeo/??.uasset" 3156
"../../../../../graphic/arcgisTest/arcgis/Content/towngeo/??_001.uasset" 3157
"../../../../../graphic/arcgisTest/arcgis/Content/towngeo/???.uasset" 3158
"../../../../../graphic/arcgisTest/arcgis/Content/towngeo/???.uasset" 3159
"../../../../../graphic/arcgisTest/arcgis/Content/towngeo/???.uasset" 3160
"../../../../../graphic/arcgisTest/arcgis/Content/towngeo/???.uasset" 3161
"../../../../../graphic/arcgisTest/arcgis/Content/towngeo/???.uasset" 3162
"../../../../../graphic/arcgisTest/arcgis/Content/towngeo/???.uasset" 3163
"../../../../../graphic/arcgisTest/arcgis/Content/towngeo/???.uasset" 3164
"../../../../../graphic/arcgisTest/arcgis/Content/towngeo/???.uasset" 3165
"../../../../../graphic/arcgisTest/arcgis/Content/towngeo/???.uasset" 3166
"../../../../../graphic/arcgisTest/arcgis/Content/towngeo/???.uasset" 3167
"../../../../../graphic/arcgisTest/arcgis/Content/towngeo/???.uasset" 3168
"../../../../../graphic/arcgisTest/arcgis/Content/towngeo/???.uasset" 3169
"../../../../../graphic/arcgisTest/arcgis/Content/towngeo/???.uasset" 3170
"../../../../../graphic/arcgisTest/arcgis/Content/towngeo/???.uasset" 3171
"../../../../../graphic/arcgisTest/arcgis/Content/towngeo/???.uasset" 3172
"../../../../../graphic/arcgisTest/arcgis/Content/towngeo/???.uasset" 3173
"../../../../../graphic/arcgisTest/arcgis/Content/towngeo/???.uasset" 3174
"../../../../../graphic/arcgisTest/arcgis/Content/towngeo/???.uasset" 3175
"../../../../../graphic/arcgisTest/arcgis/Content/towngeo/???.uasset" 3176
"../../../../../graphic/arcgisTest/arcgis/Content/towngeo/???.uasset" 3177
"../../../../../graphic/arcgisTest/arcgis/Content/towngeo/???.uasset" 3178
"../../../../../graphic/arcgisTest/arcgis/Content/towngeo/???.uasset" 3179
"../../../../../graphic/arcgisTest/arcgis/Content/towngeo/???.uasset" 3180
"../../../../../graphic/arcgisTest/arcgis/Content/towngeo/???.uasset" 3181
"../../../../../graphic/arcgisTest/arcgis/Content/towngeo/???.uasset" 3182
"../../../../../graphic/arcgisTest/arcgis/Content/towngeo/???.uasset" 3183
"../../../../../graphic/arcgisTest/arcgis/Content/towngeo/???.uasset" 3184
"../../../../../graphic/arcgisTest/arcgis/Content/towngeo/???.uasset" 3185
"../../../../../graphic/arcgisTest/arcgis/Content/towngeo/???.uasset" 3186
"../../../../../graphic/arcgisTest/arcgis/Content/towngeo/???.uasset" 3187
"../../../../../graphic/arcgisTest/arcgis/Content/towngeo/???.uasset" 3188
"../../../../../graphic/arcgisTest/arcgis/Content/towngeo/???.uasset" 3189
"../../../../../graphic/arcgisTest/arcgis/Content/towngeo/???.uasset" 3190
"../../../../../graphic/arcgisTest/arcgis/Content/towngeo/???.uasset" 3191
"../../../../../graphic/arcgisTest/arcgis/Content/towngeo/???.uasset" 3192
"../../../../../graphic/arcgisTest/arcgis/Content/towngeo/???.uasset" 3193
"../../../../../graphic/arcgisTest/arcgis/Content/towngeo/???.uasset" 3194
"../../../../../graphic/arcgisTest/arcgis/Content/towngeo/???.uasset" 3195
"../../../../../graphic/arcgisTest/arcgis/Content/towngeo/???_001.uasset" 3196
"../../../../../graphic/arcgisTest/arcgis/Content/towngeo/???.uasset" 3197
"../../../../../graphic/arcgisTest/arcgis/Content/towngeo/???.uasset" 3198
"../../../../../graphic/arcgisTest/arcgis/Content/towngeo/???.uasset" 3199
"../../../../../graphic/arcgisTest/arcgis/Content/towngeo/???.uasset" 3200
"../../../../../graphic/arcgisTest/arcgis/Content/towngeo/???.uasset" 3201
"../../../../../graphic/arcgisTest/arcgis/Content/towngeo/???.uasset" 3202
"../../../../../graphic/arcgisTest/arcgis/Content/towngeo/???.uasset" 3203
"../../../../../graphic/arcgisTest/arcgis/Content/towngeo/???.uasset" 3204
"../../../../../graphic/arcgisTest/arcgis/Content/towngeo/???.uasset" 3205
"../../../../../graphic/arcgisTest/arcgis/Content/towngeo/???.uasset" 3206
"../../../../../graphic/arcgisTest/arcgis/Content/towngeo/???.uasset" 3207
"../../../../../graphic/arcgisTest/arcgis/Content/towngeo/???.uasset" 3208
"../../../../../graphic/arcgisTest/arcgis/Content/towngeo/???.uasset" 3209
"../../../../../graphic/arcgisTest/arcgis/Content/towngeo/???.uasset" 3210
"../../../../../graphic/arcgisTest/arcgis/Content/towngeo/????.uasset" 3211
"../../../../../graphic/arcgisTest/arcgis/Content/towngeo/???.uasset" 3212
"../../../../../graphic/arcgisTest/arcgis/Content/towngeo/???.uasset" 3213
"../../../../../graphic/arcgisTest/arcgis/Content/towngeo/???.uasset" 3214
"../../../../../graphic/arcgisTest/arcgis/Content/towngeo/???.uasset" 3215
"../../../../../graphic/arcgisTest/arcgis/Content/towngeo/???.uasset" 3216
"../../../../../graphic/arcgisTest/arcgis/Content/towngeo/???.uasset" 3217
"../../../../../graphic/arcgisTest/arcgis/Content/towngeo/???.uasset" 3218
"../../../../../graphic/arcgisTest/arcgis/Content/towngeo/???.uasset" 3219
"../../../../../graphic/arcgisTest/arcgis/Content/towngeo/???.uasset" 3220
"../../../../../graphic/arcgisTest/arcgis/Content/towngeo/???.uasset" 3221
"../../../../../graphic/arcgisTest/arcgis/Content/towngeo/???.uasset" 3222
"../../../../../graphic/arcgisTest/arcgis/Content/towngeo/???.uasset" 3223
"../../../../../graphic/arcgisTest/arcgis/Content/towngeo/???.uasset" 3224
"../../../../../graphic/arcgisTest/arcgis/Content/towngeo/???.uasset" 3225
"../../../../../graphic/arcgisTest/arcgis/Content/towngeo/???.uasset" 3226
"../../../../../graphic/arcgisTest/arcgis/Content/towngeo/???.uasset" 3227
"../../../../../graphic/arcgisTest/arcgis/Content/towngeo/???.uasset" 3228
"../../../../../graphic/arcgisTest/arcgis/Content/towngeo/???.uasset" 3229
"../../../../../graphic/arcgisTest/arcgis/Content/towngeo/???.uasset" 3230
"../../../../../graphic/arcgisTest/arcgis/Content/towngeo/???.uasset" 3231
"../../../../../graphic/arcgisTest/arcgis/Content/towngeo/???.uasset" 3232
"../../../../../graphic/arcgisTest/arcgis/Content/towngeo/???.uasset" 3233
"../../../../../graphic/arcgisTest/arcgis/Content/towngeo/???.uasset" 3234
"../../../../../graphic/arcgisTest/arcgis/Content/towngeo/???.uasset" 3235
"../../../../../graphic/arcgisTest/arcgis/Content/towngeo/???.uasset" 3236
"../../../../../graphic/arcgisTest/arcgis/Content/towngeo/???.uasset" 3237
"../../../../../graphic/arcgisTest/arcgis/Content/towngeo/???.uasset" 3238
"../../../../../graphic/arcgisTest/arcgis/Content/towngeo/???.uasset" 3239
"../../../../../graphic/arcgisTest/arcgis/Content/towngeo/???.uasset" 3240
"../../../../../graphic/arcgisTest/arcgis/Content/towngeo/???.uasset" 3241
"../../../../../graphic/arcgisTest/arcgis/Content/towngeo/???.uasset" 3242
"../../../../../graphic/arcgisTest/arcgis/Content/towngeo/???.uasset" 3243
"../../../../../graphic/arcgisTest/arcgis/Content/towngeo/???.uasset" 3244
"../../../../../graphic/arcgisTest/arcgis/Content/towngeo/???.uasset" 3245
"../../../../../graphic/arcgisTest/arcgis/Content/towngeo/???.uasset" 3246
"../../../../../graphic/arcgisTest/arcgis/Content/towngeo/???.uasset" 3247
"../../../../../graphic/arcgisTest/arcgis/Content/towngeo/???.uasset" 3248
"../../../../../graphic/arcgisTest/arcgis/Content/towngeo/???.uasset" 3249
"../../../../../graphic/arcgisTest/arcgis/Content/towngeo/???.uasset" 3250
"../../../../../graphic/arcgisTest/arcgis/Content/towngeo/???.uasset" 3251
"../../../../../graphic/arcgisTest/arcgis/Content/towngeo/???.uasset" 3252
"../../../../../graphic/arcgisTest/arcgis/Content/towngeo/???.uasset" 3253
"../../../../../graphic/arcgisTest/arcgis/Content/towngeo/???.uasset" 3254
"../../../../../graphic/arcgisTest/arcgis/Content/towngeo/???.uasset" 3255
"../../../../../graphic/arcgisTest/arcgis/Content/towngeo/???.uasset" 3256
"../../../../../graphic/arcgisTest/arcgis/Content/towngeo/???.uasset" 3257
"../../../../../graphic/arcgisTest/arcgis/Content/towngeo/???.uasset" 3258
"../../../../../graphic/arcgisTest/arcgis/Content/towngeo/???.uasset" 3259
"../../../../../graphic/arcgisTest/arcgis/Content/towngeo/???.uasset" 3260
"../../../../../graphic/arcgisTest/arcgis/Content/towngeo/???.uasset" 3261
"../../../../../graphic/arcgisTest/arcgis/Content/towngeo/???.uasset" 3262
"../../../../../graphic/arcgisTest/arcgis/Content/towngeo/???.uasset" 3263
"../../../../../graphic/arcgisTest/arcgis/Content/towngeo/???.uasset" 3264
"../../../../../graphic/arcgisTest/arcgis/Content/towngeo/???.uasset" 3265
"../../../../../graphic/arcgisTest/arcgis/Content/towngeo/???.uasset" 3266
"../../../../../graphic/arcgisTest/arcgis/Content/towngeo/???.uasset" 3267
"../../../../../graphic/arcgisTest/arcgis/Content/towngeo/???.uasset" 3268
"../../../../../graphic/arcgisTest/arcgis/Content/towngeo/??.uasset" 3269
"../../../../../graphic/arcgisTest/arcgis/Content/towngeo/??_001.uasset" 3270
"../../../../../graphic/arcgisTest/arcgis/Content/towngeo/??_002.uasset" 3271
"../../../../../graphic/arcgisTest/arcgis/Content/towngeo/??_003.uasset" 3272
"../../../../../graphic/arcgisTest/arcgis/Content/towngeo/???.uasset" 3273
"../../../../../graphic/arcgisTest/arcgis/Content/towngeo/???.uasset" 3274
"../../../../../graphic/arcgisTest/arcgis/Content/towngeo/???.uasset" 3275
"../../../../../graphic/arcgisTest/arcgis/Content/towngeo/???.uasset" 3276
"../../../../../graphic/arcgisTest/arcgis/Content/towngeo/???.uasset" 3277
"../../../../../graphic/arcgisTest/arcgis/Content/towngeo/???.uasset" 3278
"../../../../../graphic/arcgisTest/arcgis/Content/towngeo/???.uasset" 3279
"../../../../../graphic/arcgisTest/arcgis/Content/towngeo/???.uasset" 3280
"../../../../../graphic/arcgisTest/arcgis/Content/towngeo/???.uasset" 3281
"../../../../../graphic/arcgisTest/arcgis/Content/towngeo/???.uasset" 3282
"../../../../../graphic/arcgisTest/arcgis/Content/towngeo/???.uasset" 3283
"../../../../../graphic/arcgisTest/arcgis/Content/towngeo/???.uasset" 3284
"../../../../../graphic/arcgisTest/arcgis/Content/towngeo/???.uasset" 3285
"../../../../../graphic/arcgisTest/arcgis/Content/towngeo/???.uasset" 3286
"../../../../../graphic/arcgisTest/arcgis/Content/towngeo/???.uasset" 3287
"../../../../../graphic/arcgisTest/arcgis/Content/towngeo/???.uasset" 3288
"../../../../../graphic/arcgisTest/arcgis/Content/towngeo/???.uasset" 3289
"../../../../../graphic/arcgisTest/arcgis/Content/towngeo/???.uasset" 3290
"../../../../../graphic/arcgisTest/arcgis/Content/towngeo/???.uasset" 3291
"../../../../../graphic/arcgisTest/arcgis/Content/towngeo/???.uasset" 3292
"../../../../../graphic/arcgisTest/arcgis/Content/towngeo/???.uasset" 3293
"../../../../../graphic/arcgisTest/arcgis/Content/towngeo/???.uasset" 3294
"../../../../../graphic/arcgisTest/arcgis/Content/towngeo/???.uasset" 3295
"../../../../../graphic/arcgisTest/arcgis/Content/towngeo/???.uasset" 3296
"../../../../../graphic/arcgisTest/arcgis/Content/towngeo/???.uasset" 3297
"../../../../../graphic/arcgisTest/arcgis/Content/towngeo/???.uasset" 3298
"../../../../../graphic/arcgisTest/arcgis/Content/towngeo/???.uasset" 3299
"../../../../../graphic/arcgisTest/arcgis/Content/towngeo/???.uasset" 3300
"../../../../../graphic/arcgisTest/arcgis/Content/towngeo/???.uasset" 3301
"../../../../../graphic/arcgisTest/arcgis/Content/towngeo/???.uasset" 3302
"../../../../../graphic/arcgisTest/arcgis/Content/towngeo/???.uasset" 3303
"../../../../../graphic/arcgisTest/arcgis/Content/towngeo/???.uasset" 3304
"../../../../../graphic/arcgisTest/arcgis/Content/towngeo/???.uasset" 3305
"../../../../../graphic/arcgisTest/arcgis/Content/towngeo/???.uasset" 3306
"../../../../../graphic/arcgisTest/arcgis/Content/towngeo/???.uasset" 3307
"../../../../../graphic/arcgisTest/arcgis/Content/towngeo/???.uasset" 3308
"../../../../../graphic/arcgisTest/arcgis/Content/towngeo/???.uasset" 3309
"../../../../../graphic/arcgisTest/arcgis/Content/towngeo/???.uasset" 3310
"../../../../../graphic/arcgisTest/arcgis/Content/towngeo/???.uasset" 3311
"../../../../../graphic/arcgisTest/arcgis/Content/towngeo/???.uasset" 3312
"../../../../../graphic/arcgisTest/arcgis/Content/towngeo/???.uasset" 3313
"../../../../../graphic/arcgisTest/arcgis/Content/towngeo/???.uasset" 3314
"../../../../../graphic/arcgisTest/arcgis/Content/towngeo/???.uasset" 3315
"../../../../../graphic/arcgisTest/arcgis/Content/towngeo/???.uasset" 3316
"../../../../../graphic/arcgisTest/arcgis/Content/towngeo/???.uasset" 3317
"../../../../../graphic/arcgisTest/arcgis/Content/towngeo/???.uasset" 3318
"../../../../../graphic/arcgisTest/arcgis/Content/towngeo/???.uasset" 3319
"../../../../../graphic/arcgisTest/arcgis/Content/towngeo/???.uasset" 3320
"../../../../../graphic/arcgisTest/arcgis/Content/towngeo/???.uasset" 3321
"../../../../../graphic/arcgisTest/arcgis/Content/towngeo/???.uasset" 3322
"../../../../../graphic/arcgisTest/arcgis/Content/towngeo/???.uasset" 3323
"../../../../../graphic/arcgisTest/arcgis/Content/towngeo/???.uasset" 3324
"../../../../../graphic/arcgisTest/arcgis/Content/towngeo/???.uasset" 3325
"../../../../../graphic/arcgisTest/arcgis/Content/towngeo/???.uasset" 3326
"../../../../../graphic/arcgisTest/arcgis/Content/towngeo/???.uasset" 3327
"../../../../../graphic/arcgisTest/arcgis/Content/towngeo/???.uasset" 3328
"../../../../../graphic/arcgisTest/arcgis/Content/towngeo/???.uasset" 3329
"../../../../../graphic/arcgisTest/arcgis/Content/towngeo/???.uasset" 3330
"../../../../../graphic/arcgisTest/arcgis/Content/towngeo/???.uasset" 3331
"../../../../../graphic/arcgisTest/arcgis/Content/towngeo/???.uasset" 3332
"../../../../../graphic/arcgisTest/arcgis/Content/towngeo/???.uasset" 3333
"../../../../../graphic/arcgisTest/arcgis/Content/towngeo/???.uasset" 3334
"../../../../../graphic/arcgisTest/arcgis/Content/towngeo/???.uasset" 3335
"../../../../../graphic/arcgisTest/arcgis/Content/towngeo/???.uasset" 3336
"../../../../../graphic/arcgisTest/arcgis/Content/towngeo/???.uasset" 3337
"../../../../../graphic/arcgisTest/arcgis/Content/towngeo/???.uasset" 3338
"../../../../../graphic/arcgisTest/arcgis/Content/towngeo/???.uasset" 3339
"../../../../../graphic/arcgisTest/arcgis/Content/towngeo/???.uasset" 3340
"../../../../../graphic/arcgisTest/arcgis/Content/towngeo/???.uasset" 3341
"../../../../../graphic/arcgisTest/arcgis/Content/towngeo/???.uasset" 3342
"../../../../../graphic/arcgisTest/arcgis/Content/towngeo/???.uasset" 3343
"../../../../../graphic/arcgisTest/arcgis/Content/towngeo/???.uasset" 3344
"../../../../../graphic/arcgisTest/arcgis/Content/towngeo/???.uasset" 3345
"../../../../../graphic/arcgisTest/arcgis/Content/towngeo/???.uasset" 3346
"../../../../../graphic/arcgisTest/arcgis/Content/towngeo/???.uasset" 3347
"../../../../../graphic/arcgisTest/arcgis/Content/towngeo/???.uasset" 3348
"../../../../../graphic/arcgisTest/arcgis/Content/towngeo/???.uasset" 3349
"../../../../../graphic/arcgisTest/arcgis/Content/towngeo/???.uasset" 3350
"../../../../../graphic/arcgisTest/arcgis/Content/towngeo/???.uasset" 3351
"../../../../../graphic/arcgisTest/arcgis/Content/towngeo/???.uasset" 3352
"../../../../../graphic/arcgisTest/arcgis/Content/towngeo/???.uasset" 3353
"../../../../../graphic/arcgisTest/arcgis/Content/towngeo/???.uasset" 3354
"../../../../../graphic/arcgisTest/arcgis/Content/towngeo/???.uasset" 3355
"../../../../../graphic/arcgisTest/arcgis/Content/towngeo/???.uasset" 3356
"../../../../../graphic/arcgisTest/arcgis/Content/towngeo/???.uasset" 3357
"../../../../../graphic/arcgisTest/arcgis/Content/towngeo/???.uasset" 3358
"../../../../../graphic/arcgisTest/arcgis/Content/towngeo/???.uasset" 3359
"../../../../../graphic/arcgisTest/arcgis/Content/towngeo/???.uasset" 3360
"../../../../../graphic/arcgisTest/arcgis/Content/towngeo/???.uasset" 3361
"../../../../../graphic/arcgisTest/arcgis/Content/towngeo/???.uasset" 3362
"../../../../../graphic/arcgisTest/arcgis/Content/towngeo/???.uasset" 3363
"../../../../../graphic/arcgisTest/arcgis/Content/towngeo/???.uasset" 3364
"../../../../../graphic/arcgisTest/arcgis/Content/towngeo/???.uasset" 3365
"../../../../../graphic/arcgisTest/arcgis/Content/towngeo/???.uasset" 3366
"../../../../../graphic/arcgisTest/arcgis/Content/towngeo/???.uasset" 3367
"../../../../../graphic/arcgisTest/arcgis/Content/towngeo/???.uasset" 3368
"../../../../../graphic/arcgisTest/arcgis/Content/towngeo/???.uasset" 3369
"../../../../../graphic/arcgisTest/arcgis/Content/towngeo/???.uasset" 3370
"../../../../../graphic/arcgisTest/arcgis/Content/towngeo/???.uasset" 3371
"../../../../../graphic/arcgisTest/arcgis/Content/towngeo/???.uasset" 3372
"../../../../../graphic/arcgisTest/arcgis/Content/towngeo/???.uasset" 3373
"../../../../../graphic/arcgisTest/arcgis/Content/towngeo/???.uasset" 3374
"../../../../../graphic/arcgisTest/arcgis/Content/towngeo/???.uasset" 3375
"../../../../../graphic/arcgisTest/arcgis/Content/towngeo/???.uasset" 3376
"../../../../../graphic/arcgisTest/arcgis/Content/towngeo/???.uasset" 3377
"../../../../../graphic/arcgisTest/arcgis/Content/towngeo/???.uasset" 3378
"../../../../../graphic/arcgisTest/arcgis/Content/towngeo/???.uasset" 3379
"../../../../../graphic/arcgisTest/arcgis/Content/towngeo/???.uasset" 3380
"../../../../../graphic/arcgisTest/arcgis/Content/towngeo/???.uasset" 3381
"../../../../../graphic/arcgisTest/arcgis/Content/towngeo/???.uasset" 3382
"../../../../../graphic/arcgisTest/arcgis/Content/towngeo/???.uasset" 3383
"../../../../../graphic/arcgisTest/arcgis/Content/towngeo/???.uasset" 3384
"../../../../../graphic/arcgisTest/arcgis/Content/towngeo/???.uasset" 3385
"../../../../../graphic/arcgisTest/arcgis/Content/towngeo/???.uasset" 3386
"../../../../../graphic/arcgisTest/arcgis/Content/towngeo/???.uasset" 3387
"../../../../../graphic/arcgisTest/arcgis/Content/towngeo/???.uasset" 3388
"../../../../../graphic/arcgisTest/arcgis/Content/towngeo/???.uasset" 3389
"../../../../../graphic/arcgisTest/arcgis/Content/towngeo/???.uasset" 3390
"../../../../../graphic/arcgisTest/arcgis/Content/towngeo/???.uasset" 3391
"../../../../../graphic/arcgisTest/arcgis/Content/towngeo/???.uasset" 3392
"../../../../../graphic/arcgisTest/arcgis/Content/towngeo/???.uasset" 3393
"../../../../../graphic/arcgisTest/arcgis/Content/towngeo/??.uasset" 3394
"../../../../../graphic/arcgisTest/arcgis/Content/towngeo/??_001.uasset" 3395
"../../../../../graphic/arcgisTest/arcgis/Content/towngeo/???.uasset" 3396
"../../../../../graphic/arcgisTest/arcgis/Content/towngeo/???.uasset" 3397
"../../../../../graphic/arcgisTest/arcgis/Content/towngeo/???.uasset" 3398
"../../../../../graphic/arcgisTest/arcgis/Content/towngeo/???.uasset" 3399
"../../../../../graphic/arcgisTest/arcgis/Content/towngeo/???.uasset" 3400
"../../../../../graphic/arcgisTest/arcgis/Content/towngeo/???.uasset" 3401
"../../../../../graphic/arcgisTest/arcgis/Content/towngeo/???.uasset" 3402
"../../../../../graphic/arcgisTest/arcgis/Content/towngeo/???.uasset" 3403
"../../../../../graphic/arcgisTest/arcgis/Content/towngeo/???.uasset" 3404
"../../../../../graphic/arcgisTest/arcgis/Content/towngeo/???.uasset" 3405
"../../../../../graphic/arcgisTest/arcgis/Content/towngeo/???.uasset" 3406
"../../../../../graphic/arcgisTest/arcgis/Content/towngeo/???.uasset" 3407
"../../../../../graphic/arcgisTest/arcgis/Content/towngeo/???.uasset" 3408
"../../../../../graphic/arcgisTest/arcgis/Content/towngeo/???.uasset" 3409
"../../../../../graphic/arcgisTest/arcgis/Content/towngeo/????.uasset" 3410
"../../../../../graphic/arcgisTest/arcgis/Content/towngeo/???.uasset" 3411
"../../../../../graphic/arcgisTest/arcgis/Content/towngeo/???.uasset" 3412
"../../../../../graphic/arcgisTest/arcgis/Content/towngeo/???.uasset" 3413
"../../../../../graphic/arcgisTest/arcgis/Content/towngeo/???.uasset" 3414
"../../../../../graphic/arcgisTest/arcgis/Content/towngeo/???.uasset" 3415
"../../../../../graphic/arcgisTest/arcgis/Content/towngeo/???.uasset" 3416
"../../../../../graphic/arcgisTest/arcgis/Content/towngeo/???.uasset" 3417
"../../../../../graphic/arcgisTest/arcgis/Content/towngeo/???.uasset" 3418
"../../../../../graphic/arcgisTest/arcgis/Content/towngeo/???.uasset" 3419
"../../../../../graphic/arcgisTest/arcgis/Content/towngeo/???.uasset" 3420
"../../../../../graphic/arcgisTest/arcgis/Content/towngeo/???.uasset" 3421
"../../../../../graphic/arcgisTest/arcgis/Content/towngeo/???.uasset" 3422
"../../../../../graphic/arcgisTest/arcgis/Content/towngeo/???.uasset" 3423
"../../../../../graphic/arcgisTest/arcgis/Content/towngeo/???.uasset" 3424
"../../../../../graphic/arcgisTest/arcgis/Content/towngeo/????.uasset" 3425
"../../../../../graphic/arcgisTest/arcgis/Content/towngeo/???.uasset" 3426
"../../../../../graphic/arcgisTest/arcgis/Content/towngeo/???.uasset" 3427
"../../../../../graphic/arcgisTest/arcgis/Content/towngeo/???.uasset" 3428
"../../../../../graphic/arcgisTest/arcgis/Content/towngeo/???.uasset" 3429
"../../../../../graphic/arcgisTest/arcgis/Content/towngeo/???.uasset" 3430
"../../../../../graphic/arcgisTest/arcgis/Content/towngeo/???.uasset" 3431
"../../../../../graphic/arcgisTest/arcgis/Content/towngeo/???.uasset" 3432
"../../../../../graphic/arcgisTest/arcgis/Content/towngeo/???.uasset" 3433
"../../../../../graphic/arcgisTest/arcgis/Content/towngeo/???.uasset" 3434
"../../../../../graphic/arcgisTest/arcgis/Content/towngeo/???.uasset" 3435
"../../../../../graphic/arcgisTest/arcgis/Content/towngeo/???.uasset" 3436
"../../../../../graphic/arcgisTest/arcgis/Content/towngeo/???.uasset" 3437
"../../../../../graphic/arcgisTest/arcgis/Content/towngeo/???.uasset" 3438
"../../../../../graphic/arcgisTest/arcgis/Content/towngeo/???.uasset" 3439
"../../../../../graphic/arcgisTest/arcgis/Content/towngeo/???.uasset" 3440
"../../../../../graphic/arcgisTest/arcgis/Content/towngeo/???.uasset" 3441
"../../../../../graphic/arcgisTest/arcgis/Content/towngeo/???.uasset" 3442
"../../../../../graphic/arcgisTest/arcgis/Content/towngeo/???.uasset" 3443
"../../../../../graphic/arcgisTest/arcgis/Content/towngeo/???.uasset" 3444
"../../../../../graphic/arcgisTest/arcgis/Content/towngeo/???.uasset" 3445
"../../../../../graphic/arcgisTest/arcgis/Content/towngeo/???.uasset" 3446
"../../../../../graphic/arcgisTest/arcgis/Content/towngeo/???.uasset" 3447
"../../../../../graphic/arcgisTest/arcgis/Content/towngeo/???.uasset" 3448
"../../../../../graphic/arcgisTest/arcgis/Content/towngeo/???.uasset" 3449
"../../../../../graphic/arcgisTest/arcgis/Content/towngeo/???.uasset" 3450
"../../../../../graphic/arcgisTest/arcgis/Content/towngeo/???.uasset" 3451
"../../../../../graphic/arcgisTest/arcgis/Content/towngeo/???.uasset" 3452
"../../../../../graphic/arcgisTest/arcgis/Content/towngeo/???.uasset" 3453
"../../../../../graphic/arcgisTest/arcgis/Content/towngeo/???.uasset" 3454
"../../../../../graphic/arcgisTest/arcgis/Content/towngeo/???.uasset" 3455
"../../../../../graphic/arcgisTest/arcgis/Content/towngeo/townColi.uasset" 3456
"../../../../../graphic/arcgisTest/arcgis/Plugins/CustomOctreePlugin/Content/Materials/Isosurface.uasset" 3457
"../../../../../graphic/arcgisTest/arcgis/Plugins/CustomOctreePlugin/Content/Materials/Colormap.uasset" 3458
"../../../Engine/Content/Functions/Engine_MaterialFunctions02/Utility/AppendMany.uasset" 3459
"../../../../../graphic/arcgisTest/arcgis/Plugins/CustomOctreePlugin/Content/Materials/Plane.uasset" 3460
"../../../Engine/Content/EngineMaterials/DefCube_Face.uasset" 3461
"../../../../../graphic/arcgisTest/arcgis/Plugins/CustomOctreePlugin/Content/Materials/Sphere.uasset" 3462
"../../../../../graphic/arcgisTest/arcgis/Content/material/M_stencil.uasset" 3463
"C:/Users/User/AppData/Local/UnrealEngine/Common/DerivedDataCache/Buckets/BulkDataList/1f/da/e24d5d6577ba4632eead47182a05324f8f31.udd" 3464
"C:/Users/User/AppData/Local/UnrealEngine/Common/DerivedDataCache/Buckets/StaticMesh/fe/f7/f650d1ffd82477e82fde568da46b4ecd26ad.udd" 3465
"C:/Users/User/AppData/Local/UnrealEngine/Common/DerivedDataCache/Buckets/StaticMesh/c6/41/ea9c09c5c34f249a19e739a5b6a90a9e5321.udd" 3466
"C:/Users/User/AppData/Local/UnrealEngine/Common/DerivedDataCache/Buckets/StaticMesh/47/3f/0dc1aeb669ab68d0d641d9a407b00041d436.udd" 3467
"C:/Users/User/AppData/Local/UnrealEngine/Common/DerivedDataCache/Buckets/StaticMesh/b9/f4/5564ad2f6c10a77360b7f3d0db07f4ba5ef3.udd" 3468
"C:/Users/User/AppData/Local/UnrealEngine/Common/DerivedDataCache/Buckets/StaticMesh/9a/68/79e312a31e814a8d80e8fb45f23be9e99243.udd" 3469
"C:/Users/User/AppData/Local/UnrealEngine/Common/DerivedDataCache/Buckets/StaticMesh/dd/4a/d5c12e7ce813c7d9a517582b43f28908f226.udd" 3470
"C:/Users/User/AppData/Local/UnrealEngine/Common/DerivedDataCache/Buckets/StaticMesh/8a/ad/636572d85aee0fb5374b9c35bea440e43a19.udd" 3471
"C:/Users/User/AppData/Local/UnrealEngine/Common/DerivedDataCache/Buckets/StaticMesh/9e/5f/e309fd81836089a546077bd5f06ae8f2b7ea.udd" 3472
"C:/Users/User/AppData/Local/UnrealEngine/Common/DerivedDataCache/Buckets/StaticMesh/76/8a/47616e65545eaed7dcf40dbc90f481a21870.udd" 3473
"C:/Users/User/AppData/Local/UnrealEngine/Common/DerivedDataCache/Buckets/StaticMesh/0f/d4/67b6f8f319085a49dc17e2be7709d6eb36a0.udd" 3474
"C:/Users/User/AppData/Local/UnrealEngine/Common/DerivedDataCache/Buckets/StaticMesh/c0/fd/fff67da6c522611c89d89f03d4b44389ce77.udd" 3475
"C:/Users/User/AppData/Local/UnrealEngine/Common/DerivedDataCache/Buckets/StaticMesh/88/24/21c80a5d717a97e65d2d89f77e10482284a0.udd" 3476
"C:/Users/User/AppData/Local/UnrealEngine/Common/DerivedDataCache/Buckets/StaticMesh/ad/8b/0172d2cda8a36405274682784b37703333f9.udd" 3477
"C:/Users/User/AppData/Local/UnrealEngine/Common/DerivedDataCache/Buckets/StaticMesh/84/df/29c860dac0d936b5b8219b42638792a61205.udd" 3478
"C:/Users/User/AppData/Local/UnrealEngine/Common/DerivedDataCache/Buckets/StaticMesh/e7/ca/9e9461c4d65d5203233fee3f0359287e8d8a.udd" 3479
"C:/Users/User/AppData/Local/UnrealEngine/Common/DerivedDataCache/Content/25/61/01eb374f25042de8d4297f18e15f041f0eec.udd" 3480
"C:/Users/User/AppData/Local/UnrealEngine/Common/DerivedDataCache/Content/1c/e5/296079fd3157cc4e73f2594bb106228677e4.udd" 3481
"C:/Users/User/AppData/Local/UnrealEngine/Common/DerivedDataCache/Buckets/LegacyDIST/d3/20/282da0e140bd3a463e978c9de2204dd50050.udd" 3482
"C:/Users/User/AppData/Local/UnrealEngine/Common/DerivedDataCache/Buckets/LegacyCARD/13/f6/500544edc24ec477f1b8ee5bc08590b2e836.udd" 3483
"C:/Users/User/AppData/Local/UnrealEngine/Common/DerivedDataCache/Buckets/LegacyDIST/20/7e/ff5703188530c6404eecb2aab0790dd31778.udd" 3484
"C:/Users/User/AppData/Local/UnrealEngine/Common/DerivedDataCache/Buckets/LegacyCARD/21/8d/6b57a85074a214325af6d11a03a0fdb97880.udd" 3485
"C:/Users/User/AppData/Local/UnrealEngine/Common/DerivedDataCache/Buckets/LegacyDIST/ee/53/c68eb6f4508c404a079b876c79c5fc9c823f.udd" 3486
"C:/Users/User/AppData/Local/UnrealEngine/Common/DerivedDataCache/Buckets/LegacyChaosGeometryData/77/a9/bd1f45bf3a1952a29863d4c8ab92de53ee5c.udd" 3487
"C:/Users/User/AppData/Local/UnrealEngine/Common/DerivedDataCache/Buckets/LegacyCARD/4c/3e/933d08026065e5feae04375c08567e16aebc.udd" 3488
"C:/Users/User/AppData/Local/UnrealEngine/Common/DerivedDataCache/Buckets/LegacyChaosGeometryData/c3/6b/27dde31a16978a59a2573eaf8bff2c090737.udd" 3489
"C:/Users/User/AppData/Local/UnrealEngine/Common/DerivedDataCache/Buckets/LegacyDIST/92/1b/0a12f4917d19d19d081451ac19c25f0cdd09.udd" 3490
"C:/Users/User/AppData/Local/UnrealEngine/Common/DerivedDataCache/Buckets/LegacyCARD/24/d2/a21cfe6f441552040bd46c4312c4a2197c6c.udd" 3491
"C:/Users/User/AppData/Local/UnrealEngine/Common/DerivedDataCache/Buckets/LegacyDIST/6a/85/e39c1ca54d93d21da8a4a61ffddd2c814818.udd" 3492
"C:/Users/User/AppData/Local/UnrealEngine/Common/DerivedDataCache/Buckets/LegacyChaosGeometryData/16/d4/af723e0da5a01f94a5fcd1ee91fefcb57347.udd" 3493
"C:/Users/User/AppData/Local/UnrealEngine/Common/DerivedDataCache/Buckets/LegacyCARD/0b/69/39c55c626232cd23ea5cba2b1037d36d8ffd.udd" 3494
"C:/Users/User/AppData/Local/UnrealEngine/Common/DerivedDataCache/Buckets/LegacyDIST/b4/7e/9ef5d74728a87111c2f621f6b6f93a01ba59.udd" 3495
"C:/Users/User/AppData/Local/UnrealEngine/Common/DerivedDataCache/Buckets/LegacyChaosGeometryData/de/e7/f549f406bfd91621e7f4c53041b4dab831fd.udd" 3496
"C:/Users/User/AppData/Local/UnrealEngine/Common/DerivedDataCache/Buckets/LegacyCARD/8e/2c/913349820a3fbc94aa110e9760e61cb3017a.udd" 3497
"C:/Users/User/AppData/Local/UnrealEngine/Common/DerivedDataCache/Buckets/LegacyDIST/f5/c1/6268b379d5286f0aaf92c5126d8e023ce8cc.udd" 3498
"C:/Users/User/AppData/Local/UnrealEngine/Common/DerivedDataCache/Buckets/LegacyChaosGeometryData/79/8c/da942eec05df557df2a2a84d716446b7c4f9.udd" 3499
"C:/Users/User/AppData/Local/UnrealEngine/Common/DerivedDataCache/Buckets/LegacyDIST/70/be/360ac9cc8fd89bdc10031e59b3cd05664d08.udd" 3500
"C:/Users/User/AppData/Local/UnrealEngine/Common/DerivedDataCache/Buckets/LegacyDIST/6c/f2/d0af031cc3ecc7622b192a58836d01695fd5.udd" 3501
"C:/Users/User/AppData/Local/UnrealEngine/Common/DerivedDataCache/Buckets/LegacyCARD/1d/b4/4a3220224583f896a28caf2266636c2a99d7.udd" 3502
"C:/Users/User/AppData/Local/UnrealEngine/Common/DerivedDataCache/Buckets/LegacyCARD/0f/46/6f93cfbdca5a757cf1e7fcde1d708a27769d.udd" 3503
"C:/Users/User/AppData/Local/UnrealEngine/Common/DerivedDataCache/Buckets/LegacyCARD/11/46/95300f39d86eef1915c02bc23b4fc01661e0.udd" 3504
"C:/Users/User/AppData/Local/UnrealEngine/Common/DerivedDataCache/Buckets/LegacyChaosGeometryData/c7/06/496f00151a318d9ebf27d71944b5f01a3688.udd" 3505
"C:/Users/User/AppData/Local/UnrealEngine/Common/DerivedDataCache/Buckets/LegacyChaosGeometryData/15/e4/d5306d0e2c24cc3ca2218ce4ac38ee080bff.udd" 3506
"C:/Users/User/AppData/Local/UnrealEngine/Common/DerivedDataCache/Buckets/LegacyDIST/d2/f3/b3c5b487b4c4bc9cad80ccad97a9ee7ed4db.udd" 3507
"C:/Users/User/AppData/Local/UnrealEngine/Common/DerivedDataCache/Buckets/LegacyNavCollision/ae/ab/b29624544cf7ff21e9b1a57100fd03efe700.udd" 3508
"C:/Users/User/AppData/Local/UnrealEngine/Common/DerivedDataCache/Buckets/LegacyChaosGeometryData/e7/3b/3caa3867a2b4bfee304a2f56025d4a2c1e78.udd" 3509
"C:/Users/User/AppData/Local/UnrealEngine/Common/DerivedDataCache/Buckets/LegacyDIST/e0/5b/647d226825170a0b6ee8f120c6aef58ee050.udd" 3510
"C:/Users/User/AppData/Local/UnrealEngine/Common/DerivedDataCache/Buckets/LegacyDIST/c8/0d/10e7ded767a64225f7b3d7f73d79fe91d188.udd" 3511
"C:/Users/User/AppData/Local/UnrealEngine/Common/DerivedDataCache/Buckets/LegacyNavCollision/65/8c/86b31549edf8c36b2070195832ab2fdc9710.udd" 3512
"C:/Users/User/AppData/Local/UnrealEngine/Common/DerivedDataCache/Buckets/LegacyCARD/44/c7/a9e3f168cb0e52af5d91cad9268569008a60.udd" 3513
"C:/Users/User/AppData/Local/UnrealEngine/Common/DerivedDataCache/Buckets/LegacyCARD/ff/45/f646e21a7b920f797389fbb7c9bfd48e653e.udd" 3514
"C:/Users/User/AppData/Local/UnrealEngine/Common/DerivedDataCache/Buckets/LegacyCARD/2d/0b/e8e923628c7c6fe236727738013fe5ee149a.udd" 3515
"C:/Users/User/AppData/Local/UnrealEngine/Common/DerivedDataCache/Buckets/LegacyChaosGeometryData/80/b1/12ca02073671a042ce2c2c2118d77b0fd0e7.udd" 3516
"C:/Users/User/AppData/Local/UnrealEngine/Common/DerivedDataCache/Buckets/LegacyChaosGeometryData/52/ba/38c3382597a860c7e9023b3401e6cce0726e.udd" 3517
"C:/Users/User/AppData/Local/UnrealEngine/Common/DerivedDataCache/Buckets/LegacyChaosGeometryData/36/24/cbacc53159e8331abe49fc2c73c810ab66c2.udd" 3518
"C:/Users/User/AppData/Local/UnrealEngine/Common/DerivedDataCache/Buckets/LegacyNavCollision/1c/80/8e6e6d369c3a8dc041e6082ab23ea467b94f.udd" 3519
"C:/Users/User/AppData/Local/UnrealEngine/Common/DerivedDataCache/Buckets/LegacyNavCollision/de/1d/e1292717e60aabdc7ef200db315c29624ede.udd" 3520
"C:/Users/User/AppData/Local/UnrealEngine/Common/DerivedDataCache/Buckets/StaticMesh/9d/3c/e9e371673eea2326920ff72781f1a3482c20.udd" 3521
"C:/Users/User/AppData/Local/UnrealEngine/Common/DerivedDataCache/Buckets/StaticMesh/a7/2a/44328dfa70596032239c57c05e6bff10a82c.udd" 3522
"C:/Users/User/AppData/Local/UnrealEngine/Common/DerivedDataCache/Buckets/LegacyNavCollision/f0/7e/7091d79d2c7d86cc1ae69d785c969092c315.udd" 3523
"C:/Users/User/AppData/Local/UnrealEngine/Common/DerivedDataCache/Buckets/LegacyDIST/9c/e8/f2b622b28579f55fcc0510599235d12de870.udd" 3524
"C:/Users/User/AppData/Local/UnrealEngine/Common/DerivedDataCache/Buckets/LegacyCARD/1a/60/3adf6e36405718d6c356bc5b82acc2ccadd0.udd" 3525
"C:/Users/User/AppData/Local/UnrealEngine/Common/DerivedDataCache/Buckets/LegacyDIST/47/e3/6347c7986785a00117f883f6eab2ce9c0bde.udd" 3526
"C:/Users/User/AppData/Local/UnrealEngine/Common/DerivedDataCache/Buckets/StaticMesh/36/b1/2d8242f0a793ddbb2474578771374c22ad64.udd" 3527
"C:/Users/User/AppData/Local/UnrealEngine/Common/DerivedDataCache/Buckets/LegacyChaosGeometryData/d5/0e/dbe688437fb063bcbc12a1e36e97225bbb7d.udd" 3528
"C:/Users/User/AppData/Local/UnrealEngine/Common/DerivedDataCache/Buckets/LegacyCARD/3f/9c/86b50144055854655af4c83aab23816fca25.udd" 3529
"C:/Users/User/AppData/Local/UnrealEngine/Common/DerivedDataCache/Buckets/LegacyChaosGeometryData/39/68/b49bca38ad680182906a13779aebaf94dfdb.udd" 3530
"C:/Users/User/AppData/Local/UnrealEngine/Common/DerivedDataCache/Buckets/LegacyNavCollision/85/86/b6e887fa36121f3b160c89244b6de84add4f.udd" 3531
"C:/Users/User/AppData/Local/UnrealEngine/Common/DerivedDataCache/Buckets/LegacyNavCollision/a4/4c/d8ceb5542a08c5801fe984668e31714d0ab4.udd" 3532
"C:/Users/User/AppData/Local/UnrealEngine/Common/DerivedDataCache/Buckets/LegacyNavCollision/2a/f6/d7747b719331fdd93e404f14e3c8e9deda1d.udd" 3533
"C:/Users/User/AppData/Local/UnrealEngine/Common/DerivedDataCache/Buckets/LegacyNavCollision/15/83/300ac04fb278baa8216e4438c8127ecc3461.udd" 3534
"C:/Users/User/AppData/Local/UnrealEngine/Common/DerivedDataCache/Buckets/LegacyNavCollision/66/72/262705e1c0be7e68055761a849defced3849.udd" 3535
"C:/Users/User/AppData/Local/UnrealEngine/Common/DerivedDataCache/Buckets/LegacyDIST/f1/96/376cbe3b8da49a30abba87d09510b46f4c7a.udd" 3536
"C:/Users/User/AppData/Local/UnrealEngine/Common/DerivedDataCache/Buckets/LegacyDIST/36/ca/90a5e099db8fe53b17c04dad34d47f2c89d4.udd" 3537
"C:/Users/User/AppData/Local/UnrealEngine/Common/DerivedDataCache/Buckets/LegacyDIST/5d/a2/29c28126d68e2d41990a4a2d5e3d87044da3.udd" 3538
"C:/Users/User/AppData/Local/UnrealEngine/Common/DerivedDataCache/Buckets/LegacyCARD/36/2c/6775bbbb61d08d66a6b7d338bc0f94423b61.udd" 3539
"C:/Users/User/AppData/Local/UnrealEngine/Common/DerivedDataCache/Buckets/StaticMesh/ef/d8/09398228b8b2f6d8e642128b400ba0a19f4e.udd" 3540
"C:/Users/User/AppData/Local/UnrealEngine/Common/DerivedDataCache/Buckets/StaticMesh/08/14/391b0b268b301294ee1db07769a51529bd94.udd" 3541
"C:/Users/User/AppData/Local/UnrealEngine/Common/DerivedDataCache/Buckets/LegacyCARD/de/93/8ba1cea670c4896f1e8ba71ce585e95273fb.udd" 3542
"C:/Users/User/AppData/Local/UnrealEngine/Common/DerivedDataCache/Buckets/LegacyCARD/1c/09/511b29f25e921b75e13a9cf35c666454bb64.udd" 3543
"C:/Users/User/AppData/Local/UnrealEngine/Common/DerivedDataCache/Buckets/LegacyChaosGeometryData/9d/e7/d94a34de04e2ea3b88e2c28f65c681958987.udd" 3544
"C:/Users/User/AppData/Local/UnrealEngine/Common/DerivedDataCache/Buckets/LegacyNavCollision/dd/25/ec8bdc6ffc76008eb02a1430cb276b82a172.udd" 3545
"C:/Users/User/AppData/Local/UnrealEngine/Common/DerivedDataCache/Buckets/LegacyChaosGeometryData/65/11/6f95db40502808108c5bb93286ae0f389a94.udd" 3546
"C:/Users/User/AppData/Local/UnrealEngine/Common/DerivedDataCache/Buckets/StaticMesh/ea/bd/7f44f5b7266eb9cd5a630731e251969a162d.udd" 3547
"C:/Users/User/AppData/Local/UnrealEngine/Common/DerivedDataCache/Buckets/LegacyChaosGeometryData/18/f1/1d4ae7a5b0bedb42507142e32d4c9e59c965.udd" 3548
"../../../../../graphic/arcgisTest/arcgis/Content/main_program.umap" 3549
"C:/Users/User/AppData/Local/UnrealEngine/Common/DerivedDataCache/Buckets/LegacyNavCollision/05/f2/3f6db731ff80417ac27c01e1446bb2fffd41.udd" 3550
"C:/Users/User/AppData/Local/UnrealEngine/Common/DerivedDataCache/Buckets/LegacyDIST/98/27/3923d999aba1769fe75900277a9d3c6a396b.udd" 3551
"C:/Users/User/AppData/Local/UnrealEngine/Common/DerivedDataCache/Buckets/LegacyCARD/63/9f/eb4d6af9b4f42343d4f446e4756d654af00f.udd" 3552
"C:/Users/User/AppData/Local/UnrealEngine/Common/DerivedDataCache/Buckets/LegacyChaosGeometryData/63/74/eafc32f18977739952d4b0fbdf941a3deca4.udd" 3553
"C:/Users/User/AppData/Local/UnrealEngine/Common/DerivedDataCache/Buckets/LegacyNavCollision/91/18/34693b5e8cfae14e168aa387dfa0562c5d6d.udd" 3554
"C:/Users/User/AppData/Local/UnrealEngine/Common/DerivedDataCache/Buckets/LegacyNavCollision/b6/8c/262b1ece7c637fad440baffdbc92cee78e84.udd" 3555
"C:/Users/User/AppData/Local/UnrealEngine/Common/DerivedDataCache/Buckets/StaticMesh/94/24/e0ff837fcb3fd257f33b70eff0d4010d7fd6.udd" 3556
"C:/Users/User/AppData/Local/UnrealEngine/Common/DerivedDataCache/Buckets/StaticMesh/e3/b0/38b692c918bb7fd1a9b71e91062e5fea7e3f.udd" 3557
"C:/Users/User/AppData/Local/UnrealEngine/Common/DerivedDataCache/Buckets/LegacyDIST/ff/7c/834cc237e0193889463d91f0a4c79345f040.udd" 3558
"C:/Users/User/AppData/Local/UnrealEngine/Common/DerivedDataCache/Buckets/LegacyCARD/16/a6/9684a2a6c48195333e18ff855b6fe1604b80.udd" 3559
"C:/Users/User/AppData/Local/UnrealEngine/Common/DerivedDataCache/Buckets/LegacyChaosGeometryData/59/f0/55266f25fd5dc13dc2dde705a0835911984a.udd" 3560
"C:/Users/User/AppData/Local/UnrealEngine/Common/DerivedDataCache/Buckets/StaticMesh/0a/a1/8816c17ee99705ca7a7348878f89741a0925.udd" 3561
"C:/Users/User/AppData/Local/UnrealEngine/Common/DerivedDataCache/Buckets/LegacyDIST/fc/60/eee05a9756954532164b9694283aa03731d6.udd" 3562
"C:/Users/User/AppData/Local/UnrealEngine/Common/DerivedDataCache/Buckets/LegacyCARD/2c/7e/5a2cc4341616045dad75c08d507d5e4f9bd5.udd" 3563
"C:/Users/User/AppData/Local/UnrealEngine/Common/DerivedDataCache/Buckets/LegacyDIST/74/5f/ce4c2b8e1ccbb65d4e27ea5b40faece53a6c.udd" 3564
"C:/Users/User/AppData/Local/UnrealEngine/Common/DerivedDataCache/Buckets/StaticMesh/1d/b7/deea1dc7285632019c6e502050b2dcffc6d3.udd" 3565
"C:/Users/User/AppData/Local/UnrealEngine/Common/DerivedDataCache/Buckets/LegacyChaosGeometryData/bc/d1/07ea6733a477e06026d01a0392ca32d71d23.udd" 3566
"C:/Users/User/AppData/Local/UnrealEngine/Common/DerivedDataCache/Buckets/LegacyCARD/e0/a9/631a40f4efb1334e4f299ba00f946b18268e.udd" 3567
"C:/Users/User/AppData/Local/UnrealEngine/Common/DerivedDataCache/Buckets/StaticMesh/d5/66/cbbfd05f40589a2f02b6636d9ce3d99b103b.udd" 3568
"C:/Users/User/AppData/Local/UnrealEngine/Common/DerivedDataCache/Buckets/LegacyChaosGeometryData/43/54/9636514e6b8f01da0c4eabbbc991082e4f2e.udd" 3569
"C:/Users/User/AppData/Local/UnrealEngine/Common/DerivedDataCache/Buckets/LegacyDIST/02/f2/b8469864c6354661e2101dd2cd4ed70cd8ff.udd" 3570
"C:/Users/User/AppData/Local/UnrealEngine/Common/DerivedDataCache/Buckets/LegacyCARD/5f/a6/eabf994029331464ba48d03de19b2e09402a.udd" 3571
"C:/Users/User/AppData/Local/UnrealEngine/Common/DerivedDataCache/Buckets/StaticMesh/a1/f4/445bc80b7bbad0840327a4aa0d0c0ccf6943.udd" 3572
"C:/Users/User/AppData/Local/UnrealEngine/Common/DerivedDataCache/Buckets/LegacyChaosGeometryData/ec/25/8cf1235d36b320b9f66d36b6ba5c1ae70ae5.udd" 3573
"C:/Users/User/AppData/Local/UnrealEngine/Common/DerivedDataCache/Buckets/LegacyDIST/03/f6/958ff2e13f6ae22aa0c8ff22d2dbd0eef2ae.udd" 3574
"C:/Users/User/AppData/Local/UnrealEngine/Common/DerivedDataCache/Buckets/LegacyDIST/da/ff/dd3094c8ed98a01d11d1acc6138df402feab.udd" 3575
"C:/Users/User/AppData/Local/UnrealEngine/Common/DerivedDataCache/Buckets/LegacyNavCollision/a7/4d/9927843b28ad110497c9aea2d366db6081c9.udd" 3576
"C:/Users/User/AppData/Local/UnrealEngine/Common/DerivedDataCache/Buckets/LegacyNavCollision/ae/2d/6eb407c123e80c4f073579cd03f726700409.udd" 3577
"C:/Users/User/AppData/Local/UnrealEngine/Common/DerivedDataCache/Buckets/LegacyNavCollision/14/b7/e3c62294abda8bc278b9e550617221bb0bc0.udd" 3578
"C:/Users/User/AppData/Local/UnrealEngine/Common/DerivedDataCache/Buckets/StaticMesh/6f/cc/6602a78095379c35626bb89752c86ce9e0a8.udd" 3579
"C:/Users/User/AppData/Local/UnrealEngine/Common/DerivedDataCache/Buckets/StaticMesh/fc/87/e29289d3a0b56673e6745cfe0ca4224552e1.udd" 3580
"C:/Users/User/AppData/Local/UnrealEngine/Common/DerivedDataCache/Buckets/LegacyCARD/3c/79/198e2a2e565ce388ceb81ef55017fd09dce4.udd" 3581
"C:/Users/User/AppData/Local/UnrealEngine/Common/DerivedDataCache/Buckets/LegacyCARD/06/8a/0318301c9ddac24998ef0dc235e3faf5b07d.udd" 3582
"C:/Users/User/AppData/Local/UnrealEngine/Common/DerivedDataCache/Buckets/LegacyChaosGeometryData/66/fa/093ec4523a4d6dded0cf351397d7283b27ce.udd" 3583
"C:/Users/User/AppData/Local/UnrealEngine/Common/DerivedDataCache/Buckets/LegacyNavCollision/2c/85/2f657576b1b69c12c72d173d2a9243c35688.udd" 3584
"C:/Users/User/AppData/Local/UnrealEngine/Common/DerivedDataCache/Buckets/LegacyNavCollision/dc/99/dacfc8809cb6d8777a3567fd9abff469dff9.udd" 3585
"C:/Users/User/AppData/Local/UnrealEngine/Common/DerivedDataCache/Buckets/StaticMesh/fd/27/f45577566c51943657e9e09dfb7604a4e9dd.udd" 3586
"C:/Users/User/AppData/Local/UnrealEngine/Common/DerivedDataCache/Buckets/LegacyDIST/ac/8c/4ade39c8828095e654f30188e7bfd8185c89.udd" 3587
"C:/Users/User/AppData/Local/UnrealEngine/Common/DerivedDataCache/Buckets/LegacyCARD/11/58/1d2cacce2e2d83558b8a2a6fc04ba1a41e8c.udd" 3588
"C:/Users/User/AppData/Local/UnrealEngine/Common/DerivedDataCache/Buckets/LegacyChaosGeometryData/5f/d3/b8b47a7b651a1361d8bd38288f059098e1db.udd" 3589
"C:/Users/User/AppData/Local/UnrealEngine/Common/DerivedDataCache/Buckets/LegacyNavCollision/4c/66/81a0040a6d91061e6fcd3edcc7d95fddca4d.udd" 3590
"C:/Users/User/AppData/Local/UnrealEngine/Common/DerivedDataCache/Buckets/LegacyNavCollision/03/f8/43935b173ac0d72b6389717f3a695ebce989.udd" 3591
"C:/Users/User/AppData/Local/UnrealEngine/Common/DerivedDataCache/Buckets/StaticMesh/d2/61/94d7fa526467a8e2db3f9afe9b9616b8fda0.udd" 3592
"C:/Users/User/AppData/Local/UnrealEngine/Common/DerivedDataCache/Buckets/LegacyDIST/14/77/ea5a8398e2408c31c8dc642ed562f5eb6a55.udd" 3593
"C:/Users/User/AppData/Local/UnrealEngine/Common/DerivedDataCache/Buckets/StaticMesh/da/f0/b2166d1e078abfa45e867b052639898ffba6.udd" 3594
"C:/Users/User/AppData/Local/UnrealEngine/Common/DerivedDataCache/Buckets/StaticMesh/fc/6d/98aa680b387999ef676abd8e57e5d4476416.udd" 3595
"C:/Users/User/AppData/Local/UnrealEngine/Common/DerivedDataCache/Buckets/LegacyCARD/22/dc/7306471ca7810a66783ee3ed8a8aae109236.udd" 3596
"C:/Users/User/AppData/Local/UnrealEngine/Common/DerivedDataCache/Buckets/LegacyDIST/a6/fa/f6dabe70bb9be553cfa6e00da1b7bfb4065b.udd" 3597
"C:/Users/User/AppData/Local/UnrealEngine/Common/DerivedDataCache/Buckets/LegacyChaosGeometryData/ce/15/8328c31a60649d7015a43cc1942513dbdccf.udd" 3598
"C:/Users/User/AppData/Local/UnrealEngine/Common/DerivedDataCache/Buckets/LegacyCARD/d0/e5/672658a85fa1ded717087d2069cb34772bd9.udd" 3599
"C:/Users/User/AppData/Local/UnrealEngine/Common/DerivedDataCache/Buckets/LegacyNavCollision/f1/d3/a6b4863b0d738d563e3a5914c3081ae50646.udd" 3600
"C:/Users/User/AppData/Local/UnrealEngine/Common/DerivedDataCache/Buckets/LegacyDIST/6f/ad/4510b912b79b28f9ffd5ed478a87ba76b46f.udd" 3601
"C:/Users/User/AppData/Local/UnrealEngine/Common/DerivedDataCache/Buckets/LegacyDIST/5e/a4/c14d252e5f02e737137a72addba69c99d167.udd" 3602
"C:/Users/User/AppData/Local/UnrealEngine/Common/DerivedDataCache/Buckets/LegacyDIST/c0/68/24ba9eeff65ae259a5f3a43a429e6c0ca224.udd" 3603
"C:/Users/User/AppData/Local/UnrealEngine/Common/DerivedDataCache/Buckets/LegacyCARD/f9/cc/0bf76db38a8fb81bd2ccf46dcb5bca9babc8.udd" 3604
"C:/Users/User/AppData/Local/UnrealEngine/Common/DerivedDataCache/Buckets/LegacyCARD/fc/e8/f07d3274ff5ec112bcabe48b20073408c733.udd" 3605
"C:/Users/User/AppData/Local/UnrealEngine/Common/DerivedDataCache/Buckets/LegacyCARD/0d/6a/2e02669f339fb2d3d20d664699bbc329d3e7.udd" 3606
"C:/Users/User/AppData/Local/UnrealEngine/Common/DerivedDataCache/Buckets/LegacyChaosGeometryData/14/de/7598728386189a0226a85b4910320ae1b7df.udd" 3607
"C:/Users/User/AppData/Local/UnrealEngine/Common/DerivedDataCache/Buckets/LegacyChaosGeometryData/71/b8/cc15b59c94d3b9e6f2e5507ca7d640e0e4eb.udd" 3608
"C:/Users/User/AppData/Local/UnrealEngine/Common/DerivedDataCache/Buckets/LegacyNavCollision/04/5a/fa36a6cf69e5fcbedc89e7bf94ec057c700c.udd" 3609
"C:/Users/User/AppData/Local/UnrealEngine/Common/DerivedDataCache/Buckets/LegacyNavCollision/cd/10/cb51d9377050598edb0e19dc0be24b861bf4.udd" 3610
"C:/Users/User/AppData/Local/UnrealEngine/Common/DerivedDataCache/Buckets/LegacyDIST/56/2f/1e78fed33fe616edc6a5be103f254e525b35.udd" 3611
"C:/Users/User/AppData/Local/UnrealEngine/Common/DerivedDataCache/Buckets/StaticMesh/3b/8b/ea5671c2b7d0a358214998e140ca2c55f74e.udd" 3612
"C:/Users/User/AppData/Local/UnrealEngine/Common/DerivedDataCache/Buckets/StaticMesh/ea/71/3b2721668e58ec68191fc781141784b0ea58.udd" 3613
"C:/Users/User/AppData/Local/UnrealEngine/Common/DerivedDataCache/Buckets/LegacyCARD/59/1f/a1fc74d4f5b847119e550e72fc705acc5b97.udd" 3614
"C:/Users/User/AppData/Local/UnrealEngine/Common/DerivedDataCache/Buckets/LegacyDIST/b3/65/e6e171993d721db12a419aadbe252eb06bf0.udd" 3615
"C:/Users/User/AppData/Local/UnrealEngine/Common/DerivedDataCache/Buckets/LegacyChaosGeometryData/20/5a/f75d8c7a5db86a14edb2612900429ff5d4b5.udd" 3616
"C:/Users/User/AppData/Local/UnrealEngine/Common/DerivedDataCache/Buckets/LegacyCARD/77/30/e8a3d1921e6c147516a3eb71280480fd5c5f.udd" 3617
"C:/Users/User/AppData/Local/UnrealEngine/Common/DerivedDataCache/Buckets/LegacyChaosGeometryData/6f/c5/f6dc93e76ece1a80659770dc0d35764597d2.udd" 3618
"C:/Users/User/AppData/Local/UnrealEngine/Common/DerivedDataCache/Buckets/LegacyDIST/c9/99/efc8b6efe2fd74315daaceb8e3d586d642cc.udd" 3619
"C:/Users/User/AppData/Local/UnrealEngine/Common/DerivedDataCache/Buckets/LegacyCARD/04/8b/7b6648f9cf3d1c46b634c9651ab4acaadc51.udd" 3620
"C:/Users/User/AppData/Local/UnrealEngine/Common/DerivedDataCache/Buckets/LegacyNavCollision/96/04/47705d461fe8530e64c2d22bf79822b5bff1.udd" 3621
"C:/Users/User/AppData/Local/UnrealEngine/Common/DerivedDataCache/Buckets/LegacyChaosGeometryData/18/ae/d8e5a56cfb313bb32e08371f445ea7fabf62.udd" 3622
"C:/Users/User/AppData/Local/UnrealEngine/Common/DerivedDataCache/Buckets/StaticMesh/98/ef/00eae1c0c3f660e30690261ed75323097e38.udd" 3623
"C:/Users/User/AppData/Local/UnrealEngine/Common/DerivedDataCache/Buckets/StaticMesh/9a/71/c76cd063fc745d13489c0f747299a567ef64.udd" 3624
"C:/Users/User/AppData/Local/UnrealEngine/Common/DerivedDataCache/Buckets/LegacyNavCollision/ff/1e/c2ed7cca281af1e0e4b9d6c90e851d96f036.udd" 3625
"C:/Users/User/AppData/Local/UnrealEngine/Common/DerivedDataCache/Buckets/LegacyNavCollision/46/6a/6e77f58dfc4a26b3340605e81eeb1a99a65a.udd" 3626
"C:/Users/User/AppData/Local/UnrealEngine/Common/DerivedDataCache/Buckets/StaticMesh/9b/45/ed053c8b69c854a2c0a8a08f1bfaa878180a.udd" 3627
"C:/Users/User/AppData/Local/UnrealEngine/Common/DerivedDataCache/Buckets/StaticMesh/4b/4c/a894a8120e090fa098e2da38635b394eb435.udd" 3628
"C:/Users/User/AppData/Local/UnrealEngine/Common/DerivedDataCache/Buckets/LegacyNavCollision/b0/1e/d48201dccbfa2be2efcb671782f7cf0c72ae.udd" 3629
"C:/Users/User/AppData/Local/UnrealEngine/Common/DerivedDataCache/Buckets/LegacyDIST/9b/ed/ffc6ddee1578c82c2b1f3e40f8bfab16c7f3.udd" 3630
"C:/Users/User/AppData/Local/UnrealEngine/Common/DerivedDataCache/Buckets/StaticMesh/7a/08/aab70dd46f26bd76a1828d8f912eb1113c8e.udd" 3631
"C:/Users/User/AppData/Local/UnrealEngine/Common/DerivedDataCache/Buckets/LegacyDIST/a9/c4/29266778b83232630cc8959bc761324c2f9c.udd" 3632
"C:/Users/User/AppData/Local/UnrealEngine/Common/DerivedDataCache/Buckets/LegacyDIST/4a/71/90bc3d5b2876522e8165fa9b8f768007a81f.udd" 3633
"C:/Users/User/AppData/Local/UnrealEngine/Common/DerivedDataCache/Buckets/StaticMesh/f0/31/2520180dfa6e1e75608db1a9e0985df2e8a8.udd" 3634
"C:/Users/User/AppData/Local/UnrealEngine/Common/DerivedDataCache/Buckets/StaticMesh/dc/2d/ab15f1d526da09c05375005e2eef30c0c4f8.udd" 3635
"C:/Users/User/AppData/Local/UnrealEngine/Common/DerivedDataCache/Buckets/LegacyCARD/ce/1a/546f0753488a4cef380bc826f83c7f80df6e.udd" 3636
"C:/Users/User/AppData/Local/UnrealEngine/Common/DerivedDataCache/Buckets/LegacyCARD/20/3d/f668e8c28e6f2e16014da2bb5ee433f9ed04.udd" 3637
"C:/Users/User/AppData/Local/UnrealEngine/Common/DerivedDataCache/Buckets/LegacyNavCollision/d7/9d/a30e800f4cff5568f18271ef8b915f146742.udd" 3638
"C:/Users/User/AppData/Local/UnrealEngine/Common/DerivedDataCache/Buckets/LegacyCARD/eb/80/42dddca18ded5a3c1413d6dfbc00c05b401f.udd" 3639
"C:/Users/User/AppData/Local/UnrealEngine/Common/DerivedDataCache/Buckets/StaticMesh/ed/ec/a9eb60fc2649138c174486e350076c0d791e.udd" 3640
"C:/Users/User/AppData/Local/UnrealEngine/Common/DerivedDataCache/Buckets/LegacyChaosGeometryData/07/9a/dbc5273fa08c3d8b5896862b8578fdba2354.udd" 3641
"C:/Users/User/AppData/Local/UnrealEngine/Common/DerivedDataCache/Buckets/LegacyDIST/05/68/4acf67bcc83972b599af1c71d36fe91c667e.udd" 3642
"C:/Users/User/AppData/Local/UnrealEngine/Common/DerivedDataCache/Buckets/LegacyCARD/1a/e0/80c7585a6489c3f06847b3051ea71f5cccb7.udd" 3643
"C:/Users/User/AppData/Local/UnrealEngine/Common/DerivedDataCache/Buckets/LegacyDIST/03/02/7c5d4fc4e54e92fc085ef1a75eb90ea01a32.udd" 3644
"C:/Users/User/AppData/Local/UnrealEngine/Common/DerivedDataCache/Buckets/LegacyCARD/a5/0e/8fe1a69b32f9ee3a43a2ff1ac031f0e2d239.udd" 3645
"C:/Users/User/AppData/Local/UnrealEngine/Common/DerivedDataCache/Buckets/LegacyDIST/42/9a/d20bfbeecb2cceecaf6e2b8c563a5dfd6fc0.udd" 3646
"C:/Users/User/AppData/Local/UnrealEngine/Common/DerivedDataCache/Buckets/LegacyCARD/e6/ba/5a803bc44bbaa150ef1a5f61df24805cb404.udd" 3647
"C:/Users/User/AppData/Local/UnrealEngine/Common/DerivedDataCache/Buckets/LegacyNavCollision/8a/ad/a237a2d3aa49756625526b398ee6499e4c2d.udd" 3648
"C:/Users/User/AppData/Local/UnrealEngine/Common/DerivedDataCache/Buckets/LegacyChaosGeometryData/10/c1/36e0a67b8f7172316d3e7a3a7d827d656c1f.udd" 3649
"C:/Users/User/AppData/Local/UnrealEngine/Common/DerivedDataCache/Buckets/StaticMesh/7d/5d/39e1a6c908789ed93a8cf1bd5110376c2854.udd" 3650
"C:/Users/User/AppData/Local/UnrealEngine/Common/DerivedDataCache/Buckets/LegacyNavCollision/e1/89/5e1350e9f88cb108c202cc7b613c28eee4ae.udd" 3651
"C:/Users/User/AppData/Local/UnrealEngine/Common/DerivedDataCache/Buckets/LegacyDIST/ad/8d/1e9b9ae0bef15b0cf1314b7bed0ecbd2a8a5.udd" 3652
"C:/Users/User/AppData/Local/UnrealEngine/Common/DerivedDataCache/Buckets/StaticMesh/75/29/c7c026f7cbad1de1532e1277ee7ae765680c.udd" 3653
"C:/Users/User/AppData/Local/UnrealEngine/Common/DerivedDataCache/Buckets/LegacyCARD/40/c3/bebb71fddfe97374becb39cdf2d9887f887a.udd" 3654
"C:/Users/User/AppData/Local/UnrealEngine/Common/DerivedDataCache/Buckets/LegacyChaosGeometryData/b5/68/5af186ffb640dc727c2afd29fefa12a92dcd.udd" 3655
"C:/Users/User/AppData/Local/UnrealEngine/Common/DerivedDataCache/Buckets/LegacyDIST/bf/39/82334e5dc26cbb72b1f7d97eb876ed66f603.udd" 3656
"C:/Users/User/AppData/Local/UnrealEngine/Common/DerivedDataCache/Buckets/LegacyCARD/fe/36/171d6f5f583d4e13d0ee742d8303b8106d35.udd" 3657
"C:/Users/User/AppData/Local/UnrealEngine/Common/DerivedDataCache/Buckets/LegacyChaosGeometryData/d8/57/4b4ccd033e2940bfd7c98232803a305da0f6.udd" 3658
"C:/Users/User/AppData/Local/UnrealEngine/Common/DerivedDataCache/Buckets/LegacyDIST/1a/a2/73a380dfe28844656e6b12c16805a01bb140.udd" 3659
"C:/Users/User/AppData/Local/UnrealEngine/Common/DerivedDataCache/Buckets/LegacyNavCollision/bf/e2/6f38dc9216d9e25ff249505b28f543b2e654.udd" 3660
"C:/Users/User/AppData/Local/UnrealEngine/Common/DerivedDataCache/Buckets/LegacyDIST/95/be/4fa5409b136326f0d1598ec74e41c18d5b93.udd" 3661
"C:/Users/User/AppData/Local/UnrealEngine/Common/DerivedDataCache/Buckets/LegacyCARD/90/12/d9e24af90284494541efc2ef125cc19c4b0f.udd" 3662
"C:/Users/User/AppData/Local/UnrealEngine/Common/DerivedDataCache/Buckets/StaticMesh/78/c1/4ed842858f3bb4edc434706344f671a46eaf.udd" 3663
"C:/Users/User/AppData/Local/UnrealEngine/Common/DerivedDataCache/Buckets/LegacyChaosGeometryData/27/c3/9b52d866bed430bba6072f0a47b1bc9edc3e.udd" 3664
"C:/Users/User/AppData/Local/UnrealEngine/Common/DerivedDataCache/Buckets/LegacyCARD/28/86/6152f9b0d1103571f9a7f166d6dc692b6904.udd" 3665
"C:/Users/User/AppData/Local/UnrealEngine/Common/DerivedDataCache/Buckets/LegacyDIST/ec/51/95730c62148986ee35ba6774a84e71b96c7f.udd" 3666
"C:/Users/User/AppData/Local/UnrealEngine/Common/DerivedDataCache/Buckets/LegacyNavCollision/e6/61/6f7ad1839ef6004623bb3de5420d15a289bf.udd" 3667
"C:/Users/User/AppData/Local/UnrealEngine/Common/DerivedDataCache/Buckets/LegacyDIST/55/10/6d2e2957e9d7cd3e6f0e1645e99b0612727f.udd" 3668
"C:/Users/User/AppData/Local/UnrealEngine/Common/DerivedDataCache/Buckets/LegacyCARD/52/78/6bd6a740f68e62d61cb9a825ee6771e221e8.udd" 3669
"C:/Users/User/AppData/Local/UnrealEngine/Common/DerivedDataCache/Buckets/LegacyChaosGeometryData/c8/f1/2c08ca322c5f8a3efa4c83156a5879196820.udd" 3670
"C:/Users/User/AppData/Local/UnrealEngine/Common/DerivedDataCache/Buckets/LegacyCARD/b3/1d/42383574a829e1c1a8352bd69b0dc69ff628.udd" 3671
"C:/Users/User/AppData/Local/UnrealEngine/Common/DerivedDataCache/Buckets/StaticMesh/a9/10/709e2bd10722223b7e11f290de7d356f6fae.udd" 3672
"C:/Users/User/AppData/Local/UnrealEngine/Common/DerivedDataCache/Buckets/LegacyChaosGeometryData/5a/a2/53bb2ff5e48d121c670d663ed0755f46cce8.udd" 3673
"C:/Users/User/AppData/Local/UnrealEngine/Common/DerivedDataCache/Buckets/LegacyChaosGeometryData/eb/7d/757e78cdf6726faf812d47f31392b9f32882.udd" 3674
"C:/Users/User/AppData/Local/UnrealEngine/Common/DerivedDataCache/Buckets/LegacyNavCollision/62/1b/ac59f8273e3d94aa2ef87f278cbca7eaee7b.udd" 3675
"C:/Users/User/AppData/Local/UnrealEngine/Common/DerivedDataCache/Buckets/StaticMesh/fc/59/6f7b82b2f139f092b4d8ed1a315c6d681a10.udd" 3676
"C:/Users/User/AppData/Local/UnrealEngine/Common/DerivedDataCache/Buckets/LegacyNavCollision/09/e0/3872194af48dfda686443e00edc498f8aa22.udd" 3677
"C:/Users/User/AppData/Local/UnrealEngine/Common/DerivedDataCache/Buckets/LegacyNavCollision/3f/80/a67146174894a220d039c68519e91590a357.udd" 3678
"C:/Users/User/AppData/Local/UnrealEngine/Common/DerivedDataCache/Buckets/StaticMesh/ef/f8/4bf45bd42de2a3d2a15f14cdb0b8a90e08c9.udd" 3679
"C:/Users/User/AppData/Local/UnrealEngine/Common/DerivedDataCache/Buckets/LegacyDIST/71/7a/b152c674635971bf98d6d023ee79f487cd2d.udd" 3680
"C:/Users/User/AppData/Local/UnrealEngine/Common/DerivedDataCache/Buckets/LegacyNavCollision/3e/05/1071a94cf726720cc67142d62de881971dcb.udd" 3681
"C:/Users/User/AppData/Local/UnrealEngine/Common/DerivedDataCache/Buckets/LegacyNavCollision/b8/aa/7b02a5668c727265bda5baaef5515c4346a5.udd" 3682
"C:/Users/User/AppData/Local/UnrealEngine/Common/DerivedDataCache/Buckets/StaticMesh/ba/df/ba3530d24467928c6094460070d6095495f1.udd" 3683
"C:/Users/User/AppData/Local/UnrealEngine/Common/DerivedDataCache/Buckets/StaticMesh/28/a5/6470b64b6f6268ca0b3e1f5958c00ffbdf9d.udd" 3684
"C:/Users/User/AppData/Local/UnrealEngine/Common/DerivedDataCache/Buckets/LegacyCARD/e7/88/37a5566e54b8f31db6b3b3cdc4b030ceb7ad.udd" 3685
"C:/Users/User/AppData/Local/UnrealEngine/Common/DerivedDataCache/Buckets/StaticMesh/22/a6/f0524379cc83aac963580b7b6810f135e1df.udd" 3686
"C:/Users/User/AppData/Local/UnrealEngine/Common/DerivedDataCache/Buckets/StaticMesh/0f/03/dcbc96634add2c2a109c3dd0ee25d70a3229.udd" 3687
"C:/Users/User/AppData/Local/UnrealEngine/Common/DerivedDataCache/Buckets/LegacyNavCollision/cb/f0/13235ee6cfb4262d10c36301f3c4d93afc2c.udd" 3688
"C:/Users/User/AppData/Local/UnrealEngine/Common/DerivedDataCache/Content/43/d9/e627fa8a3918b228afc923c7bf7373bb98da.udd" 3689
"C:/Users/User/AppData/Local/UnrealEngine/Common/DerivedDataCache/Buckets/LegacyChaosGeometryData/a7/f3/f242a7e3de366ce5e7a71c16a0022a7e624a.udd" 3690
"C:/Users/User/AppData/Local/UnrealEngine/Common/DerivedDataCache/Buckets/LegacyNavCollision/d7/46/0a9a1f55e22a990ab09b91406c1420d2db22.udd" 3691
"C:/Users/User/AppData/Local/UnrealEngine/Common/DerivedDataCache/Buckets/LegacyDIST/85/ef/3657cfbb33ec170dc6d8765c96945899bfff.udd" 3692
"C:/Users/User/AppData/Local/UnrealEngine/Common/DerivedDataCache/Buckets/StaticMesh/77/f1/8926704617681cad9b7e559657968aef9c6f.udd" 3693
"C:/Users/User/AppData/Local/UnrealEngine/Common/DerivedDataCache/Buckets/LegacyDIST/dd/d6/a0288cd8818050084882c72f2c84153280a1.udd" 3694
"C:/Users/User/AppData/Local/UnrealEngine/Common/DerivedDataCache/Buckets/LegacyCARD/83/9c/0204a6bd59405c9345581e906e2b14200ed5.udd" 3695
"C:/Users/User/AppData/Local/UnrealEngine/Common/DerivedDataCache/Buckets/StaticMesh/28/c8/3c81dba149cdb7d7a6a636d4828fb9eb5696.udd" 3696
"C:/Users/User/AppData/Local/UnrealEngine/Common/DerivedDataCache/Buckets/LegacyCARD/93/fb/352e7408b85b147e4a07abcab71f4ce67972.udd" 3697
"C:/Users/User/AppData/Local/UnrealEngine/Common/DerivedDataCache/Buckets/LegacyChaosGeometryData/00/f4/3334a56f3742e79e994ea9d5d6020f7ee07d.udd" 3698
"C:/Users/User/AppData/Local/UnrealEngine/Common/DerivedDataCache/Buckets/LegacyDIST/62/0d/c925292ba1377151f8aa815ff590440c3d8f.udd" 3699
"C:/Users/User/AppData/Local/UnrealEngine/Common/DerivedDataCache/Buckets/LegacyCARD/4f/13/4b4289082dcc4ada10c51c05cc79ce908f34.udd" 3700
"C:/Users/User/AppData/Local/UnrealEngine/Common/DerivedDataCache/Buckets/LegacyNavCollision/3d/c1/d427f5f727bac87a3baad4abd8be7760e154.udd" 3701
"C:/Users/User/AppData/Local/UnrealEngine/Common/DerivedDataCache/Buckets/LegacyDIST/8a/9d/f32c10e4e7cbdf78f3ca515d492632d84673.udd" 3702
"C:/Users/User/AppData/Local/UnrealEngine/Common/DerivedDataCache/Buckets/LegacyDIST/09/9b/8180e2152510daf70311a4a8139fba02928d.udd" 3703
"C:/Users/User/AppData/Local/UnrealEngine/Common/DerivedDataCache/Buckets/StaticMesh/94/70/b23f832b565ec6e599fb22bad4ccf19531d8.udd" 3704
"C:/Users/User/AppData/Local/UnrealEngine/Common/DerivedDataCache/Buckets/LegacyCARD/34/1a/7ff85ee854b7b5e05fa8fe12f24767ef1420.udd" 3705
"C:/Users/User/AppData/Local/UnrealEngine/Common/DerivedDataCache/Buckets/LegacyNavCollision/6a/16/f863b549d1c6ee1741762bef6a489c71bb71.udd" 3706
"C:/Users/User/AppData/Local/UnrealEngine/Common/DerivedDataCache/Buckets/LegacyCARD/de/63/f0cf7506cda3322dc005516940ffaa4f6be7.udd" 3707
"C:/Users/User/AppData/Local/UnrealEngine/Common/DerivedDataCache/Buckets/LegacyDIST/e8/be/a51367254eb81b8376b4b38101893e3ea9a1.udd" 3708
"C:/Users/User/AppData/Local/UnrealEngine/Common/DerivedDataCache/Buckets/LegacyNavCollision/0e/df/21733695b8c7a4d6e0dda641f68e6f88d19b.udd" 3709
"C:/Users/User/AppData/Local/UnrealEngine/Common/DerivedDataCache/Buckets/LegacyCARD/9e/8b/b0054748b95c2442609e74bf04e44df1d49b.udd" 3710
"C:/Users/User/AppData/Local/UnrealEngine/Common/DerivedDataCache/Buckets/LegacyChaosGeometryData/fe/79/df8a3bfb2f7605e6133c94bcf43165318d4e.udd" 3711
"C:/Users/User/AppData/Local/UnrealEngine/Common/DerivedDataCache/Buckets/StaticMesh/8e/3d/3e8c5a3391b41a0ac82acf214741f01ec692.udd" 3712
"C:/Users/User/AppData/Local/UnrealEngine/Common/DerivedDataCache/Buckets/LegacyChaosGeometryData/ed/a2/cf53396d58e85407b4c9c52722e9b1f483a8.udd" 3713
"C:/Users/User/AppData/Local/UnrealEngine/Common/DerivedDataCache/Buckets/LegacyDIST/c2/5b/1f191ed979ec640b096bb55eae078f5ce6bd.udd" 3714
"C:/Users/User/AppData/Local/UnrealEngine/Common/DerivedDataCache/Buckets/LegacyDIST/be/1a/724a7ffa90bd6f20d2983f2bcb2478f788c9.udd" 3715
"C:/Users/User/AppData/Local/UnrealEngine/Common/DerivedDataCache/Buckets/LegacyCARD/7d/49/262aecfa31ef141f9797781ee2be6ab13791.udd" 3716
"C:/Users/User/AppData/Local/UnrealEngine/Common/DerivedDataCache/Buckets/LegacyChaosGeometryData/38/59/bf77da75b0e37694ba95701cf5c52dc74924.udd" 3717
"C:/Users/User/AppData/Local/UnrealEngine/Common/DerivedDataCache/Buckets/StaticMesh/25/7f/906e9778b26af9891cd23f0cbf6269f0496a.udd" 3718
"C:/Users/User/AppData/Local/UnrealEngine/Common/DerivedDataCache/Buckets/LegacyCARD/0d/07/258e9951d253762a8e5aaf106f1f57ace424.udd" 3719
"C:/Users/User/AppData/Local/UnrealEngine/Common/DerivedDataCache/Buckets/LegacyChaosGeometryData/32/19/a7579f39ac774779f86566a610aaec54cd4d.udd" 3720
"C:/Users/User/AppData/Local/UnrealEngine/Common/DerivedDataCache/Buckets/LegacyDIST/b2/b5/bd2c6dbaae7498b77f1da701a9b1ce901fe7.udd" 3721
"C:/Users/User/AppData/Local/UnrealEngine/Common/DerivedDataCache/Buckets/LegacyChaosGeometryData/c2/38/157df34baa2b5b5b6b3d8e25cb95d6799122.udd" 3722
"C:/Users/User/AppData/Local/UnrealEngine/Common/DerivedDataCache/Buckets/LegacyNavCollision/ac/7d/56da1ad9a785e6deb47ae198048c03c9e9b2.udd" 3723
"C:/Users/User/AppData/Local/UnrealEngine/Common/DerivedDataCache/Buckets/LegacyCARD/b7/c5/9c94e6f832c26537d10625d3d0efb6a549d2.udd" 3724
"C:/Users/User/AppData/Local/UnrealEngine/Common/DerivedDataCache/Buckets/LegacyNavCollision/d0/71/0d4badcb8dc8f60783058dda3f95dd76efa0.udd" 3725
"C:/Users/User/AppData/Local/UnrealEngine/Common/DerivedDataCache/Buckets/LegacyNavCollision/8c/43/b06722de9ea38e3203593100ff251337e3ea.udd" 3726
"C:/Users/User/AppData/Local/UnrealEngine/Common/DerivedDataCache/Buckets/LegacyDIST/74/43/c8d78da829d9e1a69aa7698b752bbac1cda2.udd" 3727
"C:/Users/User/AppData/Local/UnrealEngine/Common/DerivedDataCache/Buckets/LegacyNavCollision/55/29/db9a39239a4db6b0959a1671ca3b4e03d010.udd" 3728
"C:/Users/User/AppData/Local/UnrealEngine/Common/DerivedDataCache/Buckets/StaticMesh/7c/73/4596df88b170482cd239ad48d8dcadab6315.udd" 3729
"C:/Users/User/AppData/Local/UnrealEngine/Common/DerivedDataCache/Buckets/LegacyChaosGeometryData/54/97/5cbf7a016672c0c30b4dd9588c58d52dec0f.udd" 3730
"C:/Users/User/AppData/Local/UnrealEngine/Common/DerivedDataCache/Buckets/LegacyCARD/7c/eb/e648fe7519ed923b5a9bf5b97f375a4935e6.udd" 3731
"C:/Users/User/AppData/Local/UnrealEngine/Common/DerivedDataCache/Buckets/StaticMesh/2e/5c/802dd233794b062e41dd36914a2d9c89c840.udd" 3732
"C:/Users/User/AppData/Local/UnrealEngine/Common/DerivedDataCache/Buckets/StaticMesh/71/1d/390e4cf1309a2963026f733b96c3f4df056e.udd" 3733
"C:/Users/User/AppData/Local/UnrealEngine/Common/DerivedDataCache/Buckets/StaticMesh/7d/03/71a59756c241673d4cc168f8d660a4cb91ca.udd" 3734
"C:/Users/User/AppData/Local/UnrealEngine/Common/DerivedDataCache/Buckets/LegacyNavCollision/a9/4b/988ffffdac57a453c79fa4e60c4785f44f07.udd" 3735
"C:/Users/User/AppData/Local/UnrealEngine/Common/DerivedDataCache/Buckets/LegacyDIST/96/5f/2f79b532efc454d4f9ecab1905379d70ca4b.udd" 3736
"C:/Users/User/AppData/Local/UnrealEngine/Common/DerivedDataCache/Buckets/LegacyNavCollision/6d/a4/607f3dd42dea35410ed356ccd85dc4525871.udd" 3737
"C:/Users/User/AppData/Local/UnrealEngine/Common/DerivedDataCache/Buckets/StaticMesh/18/5c/e9d2d188547cb67e0fb7f2d02de58d5ced1e.udd" 3738
"C:/Users/User/AppData/Local/UnrealEngine/Common/DerivedDataCache/Buckets/LegacyCARD/8c/f7/86ed81eb1fc166b6fa8b9f50949b0036f06e.udd" 3739
"C:/Users/User/AppData/Local/UnrealEngine/Common/DerivedDataCache/Buckets/StaticMesh/28/2e/4419cb3cd13319e776fc27b14f8c0e6c2d06.udd" 3740
"C:/Users/User/AppData/Local/UnrealEngine/Common/DerivedDataCache/Buckets/LegacyNavCollision/4c/fb/500ec312514a5db03def8e8e81bab4c41bdf.udd" 3741
"C:/Users/User/AppData/Local/UnrealEngine/Common/DerivedDataCache/Buckets/LegacyNavCollision/37/b0/942c39707a78f8e3ff84a7a6396f05f88d33.udd" 3742
"C:/Users/User/AppData/Local/UnrealEngine/Common/DerivedDataCache/Buckets/StaticMesh/4d/b2/8b9a5d3c3f8067fafab82e68f8bfb0a47188.udd" 3743
"C:/Users/User/AppData/Local/UnrealEngine/Common/DerivedDataCache/Buckets/LegacyNavCollision/64/63/cfa1daa2d5ac82ed63c81765f5ec7183a110.udd" 3744
"C:/Users/User/AppData/Local/UnrealEngine/Common/DerivedDataCache/Buckets/StaticMesh/25/bd/5c8d14524d36bf1c6a4bd8d6085ac46be28c.udd" 3745
"C:/Users/User/AppData/Local/UnrealEngine/Common/DerivedDataCache/Buckets/LegacyNavCollision/a6/04/76da21710750b48520ceae6f678f3b47dfd8.udd" 3746
"C:/Users/User/AppData/Local/UnrealEngine/Common/DerivedDataCache/Buckets/StaticMesh/06/bd/e732d9647c74a67d68c915fc0dff4afc84de.udd" 3747
"C:/Users/User/AppData/Local/UnrealEngine/Common/DerivedDataCache/Buckets/LegacyDIST/eb/e3/ae339dceb889853fec139f50afe7e2a77231.udd" 3748
"C:/Users/User/AppData/Local/UnrealEngine/Common/DerivedDataCache/Buckets/StaticMesh/c7/61/00154142179e1c17c0d9d7927e4a786b8977.udd" 3749
"C:/Users/User/AppData/Local/UnrealEngine/Common/DerivedDataCache/Buckets/LegacyCARD/28/ca/c8860b7c1da52ddf9c8197d512c9fb229dec.udd" 3750
"C:/Users/User/AppData/Local/UnrealEngine/Common/DerivedDataCache/Buckets/LegacyNavCollision/a3/c9/bb839561fea79aac9b1f7d2b3d0bb41f01ee.udd" 3751
"C:/Users/User/AppData/Local/UnrealEngine/Common/DerivedDataCache/Buckets/LegacyDIST/e1/4d/feb6f7d812f51ae159177fc46b77b59fc48d.udd" 3752
"C:/Users/User/AppData/Local/UnrealEngine/Common/DerivedDataCache/Buckets/LegacyChaosGeometryData/bb/04/d4f06e60386572ebde924b9dbc905fe46028.udd" 3753
"C:/Users/User/AppData/Local/UnrealEngine/Common/DerivedDataCache/Buckets/LegacyCARD/8c/a3/5f67c1347a4739d56c386b54bc9749cd6378.udd" 3754
"C:/Users/User/AppData/Local/UnrealEngine/Common/DerivedDataCache/Buckets/StaticMesh/89/9a/cd7db0d30c9c0fa7b2f8d5436fb7e35dba40.udd" 3755
"C:/Users/User/AppData/Local/UnrealEngine/Common/DerivedDataCache/Buckets/LegacyDIST/95/7f/57cc736f4f59fef0b3d9403433c4050258d3.udd" 3756
"C:/Users/User/AppData/Local/UnrealEngine/Common/DerivedDataCache/Buckets/LegacyDIST/88/47/18f6712a46e50c4d5bb3953137e932f29165.udd" 3757
"C:/Users/User/AppData/Local/UnrealEngine/Common/DerivedDataCache/Buckets/LegacyChaosGeometryData/64/b0/58384dc0d4284b3b6446544c33cab4ea514c.udd" 3758
"C:/Users/User/AppData/Local/UnrealEngine/Common/DerivedDataCache/Buckets/LegacyCARD/7f/0c/2fea7ba7eac7adc7df2fff1f2c88740213ac.udd" 3759
"C:/Users/User/AppData/Local/UnrealEngine/Common/DerivedDataCache/Buckets/LegacyCARD/64/fe/48cb1c3cb1ab56233450fdaafd0f4f30ceed.udd" 3760
"C:/Users/User/AppData/Local/UnrealEngine/Common/DerivedDataCache/Buckets/LegacyNavCollision/65/6b/82bc9f95d2ef8f64cc7d55deac77a7b74e8d.udd" 3761
"C:/Users/User/AppData/Local/UnrealEngine/Common/DerivedDataCache/Buckets/LegacyChaosGeometryData/fe/ef/4c0903f180ed430eef6047878cdae602ed19.udd" 3762
"C:/Users/User/AppData/Local/UnrealEngine/Common/DerivedDataCache/Buckets/LegacyChaosGeometryData/79/14/47dd191a442038f1e80edb93bd544a855666.udd" 3763
"C:/Users/User/AppData/Local/UnrealEngine/Common/DerivedDataCache/Buckets/StaticMesh/80/30/1ba0fb51234c8e18ce54594583c95496c376.udd" 3764
"C:/Users/User/AppData/Local/UnrealEngine/Common/DerivedDataCache/Buckets/LegacyDIST/d9/6b/3199222bff401046ac7cc00be7d894443399.udd" 3765
"C:/Users/User/AppData/Local/UnrealEngine/Common/DerivedDataCache/Buckets/LegacyCARD/fb/e3/e0b5ed81153d2ee78e8910c9effd2b6fe173.udd" 3766
"C:/Users/User/AppData/Local/UnrealEngine/Common/DerivedDataCache/Buckets/LegacyDIST/d3/de/f9d0615754bca8e035fbe76e4cefc59ef660.udd" 3767
"C:/Users/User/AppData/Local/UnrealEngine/Common/DerivedDataCache/Buckets/LegacyDIST/19/c0/80f7823835704c796fdb3dcf3bdb833269ce.udd" 3768
"C:/Users/User/AppData/Local/UnrealEngine/Common/DerivedDataCache/Buckets/LegacyChaosGeometryData/66/fb/cf30ed0c320e609b142e629591b0a12a3873.udd" 3769
"C:/Users/User/AppData/Local/UnrealEngine/Common/DerivedDataCache/Buckets/LegacyNavCollision/9f/08/0f0eb28a6fe693f88c9de75a5c77c6246cf2.udd" 3770
"C:/Users/User/AppData/Local/UnrealEngine/Common/DerivedDataCache/Buckets/LegacyCARD/d3/a6/73d078c2eafcb93d0abe21a659822cc10998.udd" 3771
"C:/Users/User/AppData/Local/UnrealEngine/Common/DerivedDataCache/Buckets/LegacyCARD/8a/3a/4638dfc8d77e5b7a6a84b59813177d38aaa3.udd" 3772
"C:/Users/User/AppData/Local/UnrealEngine/Common/DerivedDataCache/Buckets/StaticMesh/96/4b/e89e44bbbe1608e0de57d0e3217631d12118.udd" 3773
"C:/Users/User/AppData/Local/UnrealEngine/Common/DerivedDataCache/Buckets/LegacyChaosGeometryData/52/6b/50fc29ba82c4d2488ccfeeac22e3379c3f4d.udd" 3774
"C:/Users/User/AppData/Local/UnrealEngine/Common/DerivedDataCache/Buckets/LegacyChaosGeometryData/33/cc/da32bf089e52de892dd5d7e881d7bf5f9898.udd" 3775
"C:/Users/User/AppData/Local/UnrealEngine/Common/DerivedDataCache/Buckets/LegacyDIST/83/41/75668362bc23499d77e255daf4240c672671.udd" 3776
"C:/Users/User/AppData/Local/UnrealEngine/Common/DerivedDataCache/Buckets/LegacyCARD/65/d4/8d25a2f23b5330a45f11f8bebbacd1105cb5.udd" 3777
"C:/Users/User/AppData/Local/UnrealEngine/Common/DerivedDataCache/Buckets/LegacyNavCollision/14/67/0aefbbabe47359af1677cc7d5489d198ebf3.udd" 3778
"C:/Users/User/AppData/Local/UnrealEngine/Common/DerivedDataCache/Buckets/LegacyChaosGeometryData/1b/69/d16adcd5b969a861e93be5606ff997985a56.udd" 3779
"C:/Users/User/AppData/Local/UnrealEngine/Common/DerivedDataCache/Buckets/LegacyDIST/db/aa/04b28c1b972f9a9ca9f15cb815414160b533.udd" 3780
"C:/Users/User/AppData/Local/UnrealEngine/Common/DerivedDataCache/Buckets/StaticMesh/d2/bd/d5b21f44350462f8bb91080dc0ea1c9826aa.udd" 3781
"C:/Users/User/AppData/Local/UnrealEngine/Common/DerivedDataCache/Buckets/LegacyDIST/c2/7b/8fc5ec32d7a5d40b6ea7d4588e802c89abfa.udd" 3782
"C:/Users/User/AppData/Local/UnrealEngine/Common/DerivedDataCache/Buckets/LegacyCARD/a6/4e/8008376f29943c90d1b03dae8578f0fedd56.udd" 3783
"C:/Users/User/AppData/Local/UnrealEngine/Common/DerivedDataCache/Buckets/LegacyChaosGeometryData/11/24/8b8454554fe96a7b9eaec287acfa7a222df9.udd" 3784
"C:/Users/User/AppData/Local/UnrealEngine/Common/DerivedDataCache/Buckets/LegacyNavCollision/2a/6b/41ee1e11a5721ad382a1bd21c96731462aae.udd" 3785
"C:/Users/User/AppData/Local/UnrealEngine/Common/DerivedDataCache/Buckets/LegacyDIST/6b/f8/cb450c6fdfa166e4321e5b11aa3e2d70b0a4.udd" 3786
"C:/Users/User/AppData/Local/UnrealEngine/Common/DerivedDataCache/Buckets/LegacyCARD/b7/2e/a0f517596be53dfd135ba81bae27a8dff70c.udd" 3787
"C:/Users/User/AppData/Local/UnrealEngine/Common/DerivedDataCache/Buckets/StaticMesh/66/53/e4f5284cf28cf5db5c7697f99b7a6c04e207.udd" 3788
"C:/Users/User/AppData/Local/UnrealEngine/Common/DerivedDataCache/Buckets/LegacyChaosGeometryData/75/2b/e4b060d908afa5b36228c91b07edf691c63c.udd" 3789
"C:/Users/User/AppData/Local/UnrealEngine/Common/DerivedDataCache/Buckets/LegacyDIST/5c/ed/ff4b6a2844afd426bbc175443c05886bd8c9.udd" 3790
"C:/Users/User/AppData/Local/UnrealEngine/Common/DerivedDataCache/Buckets/LegacyDIST/b0/6d/2b2e77c6ec352556d22c156c4988b0e07958.udd" 3791
"C:/Users/User/AppData/Local/UnrealEngine/Common/DerivedDataCache/Buckets/LegacyCARD/99/03/9d198da886f5e6019d25b6867a5ef03b5f65.udd" 3792
"C:/Users/User/AppData/Local/UnrealEngine/Common/DerivedDataCache/Buckets/LegacyCARD/f7/49/1f673637b1c812dfe5f0765adda9345820a9.udd" 3793
"C:/Users/User/AppData/Local/UnrealEngine/Common/DerivedDataCache/Buckets/LegacyDIST/bc/ec/56e5dd510f5c5d6aab52d45a21fc4d8d8261.udd" 3794
"C:/Users/User/AppData/Local/UnrealEngine/Common/DerivedDataCache/Buckets/LegacyCARD/5b/cc/d3c3f2d8f15d1097822d599a6ae0dede3bc2.udd" 3795
"C:/Users/User/AppData/Local/UnrealEngine/Common/DerivedDataCache/Buckets/LegacyNavCollision/2d/e0/455479a6e1ebcc02a8afbdaff65e240cdee7.udd" 3796
"C:/Users/User/AppData/Local/UnrealEngine/Common/DerivedDataCache/Buckets/LegacyCARD/64/9c/0c16c6dfc4cb1e8a99352ff1557be4c303ec.udd" 3797
"C:/Users/User/AppData/Local/UnrealEngine/Common/DerivedDataCache/Buckets/LegacyChaosGeometryData/3f/9b/51193f96204f6d6b74fa8f2dfb4073bc5d79.udd" 3798
"C:/Users/User/AppData/Local/UnrealEngine/Common/DerivedDataCache/Buckets/LegacyChaosGeometryData/16/a5/c821ad5c72ccc3a0c774cb80c67a5a3c6a21.udd" 3799
"C:/Users/User/AppData/Local/UnrealEngine/Common/DerivedDataCache/Buckets/StaticMesh/bb/4b/2bbd82761dc0e8e555b6dfdd0554ebdff51b.udd" 3800
"C:/Users/User/AppData/Local/UnrealEngine/Common/DerivedDataCache/Buckets/LegacyChaosGeometryData/fb/1d/9bc32bb86eb6df4a6919fc3b7e2407d45c63.udd" 3801
"C:/Users/User/AppData/Local/UnrealEngine/Common/DerivedDataCache/Buckets/LegacyDIST/cf/72/0e374bcd88bbe1ae8eec3ef077464fc3d3b6.udd" 3802
"C:/Users/User/AppData/Local/UnrealEngine/Common/DerivedDataCache/Buckets/LegacyDIST/83/7c/58c09987c1bfe24985d8238df51dd685d76d.udd" 3803
"C:/Users/User/AppData/Local/UnrealEngine/Common/DerivedDataCache/Buckets/LegacyNavCollision/d8/ad/93127ad9d0350fb368f8c2986a2a05bbcded.udd" 3804
"C:/Users/User/AppData/Local/UnrealEngine/Common/DerivedDataCache/Buckets/LegacyNavCollision/9a/58/19c05c3893ce0103ebd0e7532aaa609a30ec.udd" 3805
"C:/Users/User/AppData/Local/UnrealEngine/Common/DerivedDataCache/Buckets/LegacyCARD/f4/a9/accf91d693b027ecc9d481fa7d09bb2567c1.udd" 3806
"C:/Users/User/AppData/Local/UnrealEngine/Common/DerivedDataCache/Buckets/LegacyCARD/49/32/24cd887cc59dfe16190973beb09d982c512e.udd" 3807
"C:/Users/User/AppData/Local/UnrealEngine/Common/DerivedDataCache/Buckets/StaticMesh/d9/f5/4b37e90615a85ee61c879237da19f7270e6f.udd" 3808
"C:/Users/User/AppData/Local/UnrealEngine/Common/DerivedDataCache/Buckets/StaticMesh/28/8f/edb854804099369feadd998a61d29778207a.udd" 3809
"C:/Users/User/AppData/Local/UnrealEngine/Common/DerivedDataCache/Buckets/LegacyChaosGeometryData/98/7a/f6240be1457958ce4cb4b15ce5719713e483.udd" 3810
"C:/Users/User/AppData/Local/UnrealEngine/Common/DerivedDataCache/Buckets/LegacyNavCollision/e3/44/9163595f8a627a8609e8afe16cc2dd4e7ede.udd" 3811
"C:/Users/User/AppData/Local/UnrealEngine/Common/DerivedDataCache/Buckets/LegacyNavCollision/cc/88/d354821a107330a43f29db05994948c65cb1.udd" 3812
"C:/Users/User/AppData/Local/UnrealEngine/Common/DerivedDataCache/Buckets/LegacyNavCollision/cb/07/370d729c66aa51b20648086fe5644593274b.udd" 3813
"C:/Users/User/AppData/Local/UnrealEngine/Common/DerivedDataCache/Buckets/LegacyDIST/16/54/0dabe9b92f5b6d03454fc07efbeee34608b4.udd" 3814
"C:/Users/User/AppData/Local/UnrealEngine/Common/DerivedDataCache/Buckets/LegacyDIST/50/a4/33c8b26621eb95dd2a8f581e2a541c9ee801.udd" 3815
"C:/Users/User/AppData/Local/UnrealEngine/Common/DerivedDataCache/Buckets/LegacyNavCollision/5a/a6/58af72f344b822e1b4f8db338e31ea47fe29.udd" 3816
"C:/Users/User/AppData/Local/UnrealEngine/Common/DerivedDataCache/Buckets/StaticMesh/46/aa/b2af3647b78dc186e7dd62344812ccfe3a4e.udd" 3817
"C:/Users/User/AppData/Local/UnrealEngine/Common/DerivedDataCache/Buckets/LegacyCARD/7e/ef/2d92fcfe3f90fc33a52e35db06c3b40771dd.udd" 3818
"C:/Users/User/AppData/Local/UnrealEngine/Common/DerivedDataCache/Buckets/StaticMesh/11/5d/1cd5a426b41e4393f8c32a9e16a98119d762.udd" 3819
"C:/Users/User/AppData/Local/UnrealEngine/Common/DerivedDataCache/Buckets/StaticMesh/bc/fa/8017536fb13b4daa26daa02a7f57a26be679.udd" 3820
"C:/Users/User/AppData/Local/UnrealEngine/Common/DerivedDataCache/Buckets/LegacyCARD/57/32/cc97427fd140ec23b844fc205a3dd05ea1fd.udd" 3821
"C:/Users/User/AppData/Local/UnrealEngine/Common/DerivedDataCache/Buckets/LegacyNavCollision/5b/af/87fcd785a81f5b624d899fbca4be6686c10c.udd" 3822
"C:/Users/User/AppData/Local/UnrealEngine/Common/DerivedDataCache/Buckets/StaticMesh/8a/09/33ae05845989c68174490be8fe221e3459bd.udd" 3823
"C:/Users/User/AppData/Local/UnrealEngine/Common/DerivedDataCache/Buckets/StaticMesh/26/c3/4359cc4cbaf0c3b34e0305e489ff1d85bcad.udd" 3824
"C:/Users/User/AppData/Local/UnrealEngine/Common/DerivedDataCache/Buckets/LegacyChaosGeometryData/1f/6c/84c5aa4ed53339e8410152d6f9ea55892ede.udd" 3825
"C:/Users/User/AppData/Local/UnrealEngine/Common/DerivedDataCache/Buckets/LegacyDIST/89/3d/6a8db02b64ef201cf77183a033d57dd8a4c2.udd" 3826
"C:/Users/User/AppData/Local/UnrealEngine/Common/DerivedDataCache/Buckets/LegacyDIST/db/e7/2eda9ef18727a112e498ffe320d7c733d268.udd" 3827
"C:/Users/User/AppData/Local/UnrealEngine/Common/DerivedDataCache/Buckets/LegacyCARD/3e/18/d3ecaa767254fa6aa4bbb785c0f3fdd8fdf4.udd" 3828
"C:/Users/User/AppData/Local/UnrealEngine/Common/DerivedDataCache/Buckets/LegacyNavCollision/6e/c4/b3438d0faa1830b34504b245bd9b52c1e50e.udd" 3829
"C:/Users/User/AppData/Local/UnrealEngine/Common/DerivedDataCache/Buckets/LegacyCARD/c2/ae/0af90d9a2016c9987bc2bed3b37c1e857ae8.udd" 3830
"C:/Users/User/AppData/Local/UnrealEngine/Common/DerivedDataCache/Buckets/StaticMesh/ce/e7/30120e87f67b27f552687ccff7c7c8923c39.udd" 3831
"C:/Users/User/AppData/Local/UnrealEngine/Common/DerivedDataCache/Buckets/LegacyNavCollision/88/7d/cb3ccea8966fa4c6e0e4741ff9e0d9a3cebc.udd" 3832
"C:/Users/User/AppData/Local/UnrealEngine/Common/DerivedDataCache/Buckets/LegacyNavCollision/11/33/d002decc59bdc4b60cebaf6645d7e065e5a7.udd" 3833
"C:/Users/User/AppData/Local/UnrealEngine/Common/DerivedDataCache/Buckets/LegacyDIST/9f/1b/c072ef7968919aa397f05185a9216dd514a4.udd" 3834
"C:/Users/User/AppData/Local/UnrealEngine/Common/DerivedDataCache/Buckets/StaticMesh/13/2d/22746906edc704acf1dc01b2ed349b2fa10c.udd" 3835
"C:/Users/User/AppData/Local/UnrealEngine/Common/DerivedDataCache/Buckets/LegacyCARD/2d/5e/828f545630d2c4ae0c881a424b551c84cfc8.udd" 3836
"C:/Users/User/AppData/Local/UnrealEngine/Common/DerivedDataCache/Buckets/StaticMesh/8f/84/2efdcfd3e83fcd9087e3948b4d387a1caff9.udd" 3837
"C:/Users/User/AppData/Local/UnrealEngine/Common/DerivedDataCache/Buckets/LegacyDIST/68/2a/0d7b9ba6662a94e7704ccfc5dd7ccbdc34d0.udd" 3838
"C:/Users/User/AppData/Local/UnrealEngine/Common/DerivedDataCache/Buckets/LegacyChaosGeometryData/6c/2b/e08b9ca33f6f4e309745247cc18a8073fb21.udd" 3839
"C:/Users/User/AppData/Local/UnrealEngine/Common/DerivedDataCache/Buckets/LegacyCARD/81/8e/26b52d4a028b837aea0c5cd6f8b790f15c78.udd" 3840
"C:/Users/User/AppData/Local/UnrealEngine/Common/DerivedDataCache/Buckets/LegacyDIST/42/aa/00e3c86b676420d0dc9a745d8b6bd32817f9.udd" 3841
"C:/Users/User/AppData/Local/UnrealEngine/Common/DerivedDataCache/Buckets/LegacyCARD/22/eb/16f16e2ad24c18ec9507a330d238edcf7c04.udd" 3842
"C:/Users/User/AppData/Local/UnrealEngine/Common/DerivedDataCache/Buckets/LegacyChaosGeometryData/ec/3c/fd164b42ca969bd5e62df13ec2f89b4c20b6.udd" 3843
"C:/Users/User/AppData/Local/UnrealEngine/Common/DerivedDataCache/Buckets/LegacyChaosGeometryData/f9/8b/85dafb6121cd11555f047c3b1d6e090d892f.udd" 3844
"C:/Users/User/AppData/Local/UnrealEngine/Common/DerivedDataCache/Buckets/LegacyDIST/18/94/49108dfc60d9506ce829acafde144a82778a.udd" 3845
"C:/Users/User/AppData/Local/UnrealEngine/Common/DerivedDataCache/Buckets/LegacyCARD/31/12/09dd3ce48d19a91185a31af0cd2dfedacee9.udd" 3846
"C:/Users/User/AppData/Local/UnrealEngine/Common/DerivedDataCache/Buckets/LegacyDIST/6c/fb/e8208f256aee673734aa5d35b925ac2c4895.udd" 3847
"C:/Users/User/AppData/Local/UnrealEngine/Common/DerivedDataCache/Buckets/LegacyChaosGeometryData/78/59/3b6b750755dfd911689b7ef52a5725fb453a.udd" 3848
"C:/Users/User/AppData/Local/UnrealEngine/Common/DerivedDataCache/Buckets/LegacyCARD/66/4c/a45243027c10a01f0d6adf5b1b92b20fa88a.udd" 3849
"C:/Users/User/AppData/Local/UnrealEngine/Common/DerivedDataCache/Buckets/LegacyNavCollision/56/f9/918091d71f785326ac5413839bff5d9aff57.udd" 3850
"C:/Users/User/AppData/Local/UnrealEngine/Common/DerivedDataCache/Buckets/LegacyNavCollision/43/52/b6775d461ead8fe83b1c142c5d277e290562.udd" 3851
"C:/Users/User/AppData/Local/UnrealEngine/Common/DerivedDataCache/Buckets/LegacyDIST/ee/7f/5964f7f546a29b77a97f568a64585818ab6e.udd" 3852
"C:/Users/User/AppData/Local/UnrealEngine/Common/DerivedDataCache/Buckets/LegacyChaosGeometryData/96/35/45bbff4b518144ea1c66501d383fa7d5f864.udd" 3853
"C:/Users/User/AppData/Local/UnrealEngine/Common/DerivedDataCache/Buckets/LegacyNavCollision/53/3a/f1578f4d25baac7c623365674e449450c322.udd" 3854
"C:/Users/User/AppData/Local/UnrealEngine/Common/DerivedDataCache/Buckets/LegacyCARD/9c/f6/7066e043ff7130dacf62fdcf483da6dd3ddd.udd" 3855
"C:/Users/User/AppData/Local/UnrealEngine/Common/DerivedDataCache/Buckets/StaticMesh/d1/4b/369ae7675e163313507343567ade5d80f2eb.udd" 3856
"C:/Users/User/AppData/Local/UnrealEngine/Common/DerivedDataCache/Buckets/StaticMesh/52/34/87e06ed3be86bb566accb645e1f1b34d4bf4.udd" 3857
"C:/Users/User/AppData/Local/UnrealEngine/Common/DerivedDataCache/Buckets/StaticMesh/79/bb/125b748d63b0dc46945abf4c91a61a5b10d3.udd" 3858
"C:/Users/User/AppData/Local/UnrealEngine/Common/DerivedDataCache/Buckets/LegacyChaosGeometryData/87/69/1b0480e8035980cad5cc28686b3b5a3a8d7c.udd" 3859
"C:/Users/User/AppData/Local/UnrealEngine/Common/DerivedDataCache/Buckets/LegacyNavCollision/b2/22/97acd8ea56525b50ab7a7c7a98056bc363c8.udd" 3860
"C:/Users/User/AppData/Local/UnrealEngine/Common/DerivedDataCache/Buckets/LegacyNavCollision/8b/2e/01cb73caca7faca66983786944e89f99c91a.udd" 3861
"C:/Users/User/AppData/Local/UnrealEngine/Common/DerivedDataCache/Buckets/LegacyNavCollision/5d/68/05afb7af3d341510289293b655981e2a6e8d.udd" 3862
"C:/Users/User/AppData/Local/UnrealEngine/Common/DerivedDataCache/Buckets/StaticMesh/87/39/c98dd5ba530914c597251d69a7af624efc08.udd" 3863
"C:/Users/User/AppData/Local/UnrealEngine/Common/DerivedDataCache/Buckets/StaticMesh/00/c1/c97c35b547068bf05db31ef482b1292f860d.udd" 3864
"C:/Users/User/AppData/Local/UnrealEngine/Common/DerivedDataCache/Buckets/LegacyNavCollision/14/db/f77e9ffe6eb67150cc445cf94649d78fdb3b.udd" 3865
"C:/Users/User/AppData/Local/UnrealEngine/Common/DerivedDataCache/Buckets/StaticMesh/b9/1d/1bdf13323cc1dc3058755a360eb5fbc32755.udd" 3866
"C:/Users/User/AppData/Local/UnrealEngine/Common/DerivedDataCache/Buckets/StaticMesh/4d/d5/4f22486ee76cceb57a55d37aa9099667530a.udd" 3867
"C:/Users/User/AppData/Local/UnrealEngine/Common/DerivedDataCache/Buckets/LegacyNavCollision/25/a8/37c8cd43ad430ed87e23d16514639339db0d.udd" 3868
"C:/Users/User/AppData/Local/UnrealEngine/Common/DerivedDataCache/Buckets/LegacyDIST/72/b3/187d202feb57211a840d8c49a81f58309ebd.udd" 3869
"C:/Users/User/AppData/Local/UnrealEngine/Common/DerivedDataCache/Buckets/LegacyDIST/02/cc/1c5ef7aac8b21cab86075ce56f73e6112397.udd" 3870
"C:/Users/User/AppData/Local/UnrealEngine/Common/DerivedDataCache/Buckets/LegacyNavCollision/c0/d3/1151fbb06e915211bdb757710a9c1386bdbe.udd" 3871
"C:/Users/User/AppData/Local/UnrealEngine/Common/DerivedDataCache/Buckets/LegacyCARD/a8/8c/8d2227bb6757941833846ba3ce5e2154f06b.udd" 3872
"C:/Users/User/AppData/Local/UnrealEngine/Common/DerivedDataCache/Buckets/LegacyCARD/75/0e/0cb122ab54f90e5a0985886c6b939850a326.udd" 3873
"C:/Users/User/AppData/Local/UnrealEngine/Common/DerivedDataCache/Buckets/StaticMesh/ec/5f/0f0c67b058b72c47ef64a435bc540491d680.udd" 3874
"C:/Users/User/AppData/Local/UnrealEngine/Common/DerivedDataCache/Buckets/LegacyDIST/7b/f2/3cc520242fc05bcc2b460c5b3c450b7dbed9.udd" 3875
"C:/Users/User/AppData/Local/UnrealEngine/Common/DerivedDataCache/Buckets/StaticMesh/9c/75/501f0e78a4cfdf17fc44dd53a2599271a3f4.udd" 3876
"C:/Users/User/AppData/Local/UnrealEngine/Common/DerivedDataCache/Buckets/LegacyNavCollision/13/a8/61a68688ccd7c66aa5dd4869749fcd5bec1c.udd" 3877
"C:/Users/User/AppData/Local/UnrealEngine/Common/DerivedDataCache/Buckets/LegacyCARD/f4/41/b479b2aa72e962b19d8b0d91871e31443f45.udd" 3878
"C:/Users/User/AppData/Local/UnrealEngine/Common/DerivedDataCache/Buckets/StaticMesh/98/b4/448c76e61b168f378486470fe1ddce6d62bc.udd" 3879
"C:/Users/User/AppData/Local/UnrealEngine/Common/DerivedDataCache/Buckets/LegacyNavCollision/95/02/f3e0ab4ab3ef1bbdde4237b693f0bee84f3c.udd" 3880
"C:/Users/User/AppData/Local/UnrealEngine/Common/DerivedDataCache/Buckets/LegacyNavCollision/42/3e/d82f3280689bdd24975bdadb80e90f6aab29.udd" 3881
"C:/Users/User/AppData/Local/UnrealEngine/Common/DerivedDataCache/Buckets/StaticMesh/6c/93/2e093676fa31271e4f762214c704b691200e.udd" 3882
"C:/Users/User/AppData/Local/UnrealEngine/Common/DerivedDataCache/Buckets/LegacyDIST/e3/b8/3cd2a9ccb0c0da6d48dbe503ddec53615f02.udd" 3883
"C:/Users/User/AppData/Local/UnrealEngine/Common/DerivedDataCache/Buckets/StaticMesh/bb/6e/73299fefd7c4ceea17bf1e9193b5a1df3bbc.udd" 3884
"C:/Users/User/AppData/Local/UnrealEngine/Common/DerivedDataCache/Buckets/LegacyDIST/0d/bf/8e94f543e38d41642ec356ac5f7e40fbc11d.udd" 3885
"C:/Users/User/AppData/Local/UnrealEngine/Common/DerivedDataCache/Content/a8/c5/1f651b1f8a8b907c76518175035176b49b5e.udd" 3886
"C:/Users/User/AppData/Local/UnrealEngine/Common/DerivedDataCache/Buckets/LegacyCARD/eb/9c/17c89bf0fdd166b730a527946284f28ffb69.udd" 3887
"C:/Users/User/AppData/Local/UnrealEngine/Common/DerivedDataCache/Buckets/LegacyCARD/e7/6a/fb75137de16165d102241a52e358a16e0021.udd" 3888
"C:/Users/User/AppData/Local/UnrealEngine/Common/DerivedDataCache/Buckets/LegacyChaosGeometryData/a0/f5/c04e47b577de063f4bf872b8d23db28b2dc6.udd" 3889
"C:/Users/User/AppData/Local/UnrealEngine/Common/DerivedDataCache/Buckets/LegacyDIST/3c/90/f320231e8a42af4f9f86a3bad50801ad2f15.udd" 3890
"C:/Users/User/AppData/Local/UnrealEngine/Common/DerivedDataCache/Buckets/LegacyChaosGeometryData/d7/3a/88031e2e88ec0fd950b2514d8b36faa995e6.udd" 3891
"C:/Users/User/AppData/Local/UnrealEngine/Common/DerivedDataCache/Buckets/LegacyCARD/bb/ad/7ede7778ef1be564483a1baac67e16272b67.udd" 3892
"C:/Users/User/AppData/Local/UnrealEngine/Common/DerivedDataCache/Buckets/LegacyChaosGeometryData/55/e0/4f288bba62d988dce6e87b9d742c08c342b7.udd" 3893
"C:/Users/User/AppData/Local/UnrealEngine/Common/DerivedDataCache/Buckets/LegacyNavCollision/c0/9d/3387d6c91dd5a03884cdfbc76c35042c3a62.udd" 3894
"C:/Users/User/AppData/Local/UnrealEngine/Common/DerivedDataCache/Buckets/StaticMesh/b5/89/ca611a4674025c4ea7eb198806c40742f182.udd" 3895
"C:/Users/User/AppData/Local/UnrealEngine/Common/DerivedDataCache/Buckets/LegacyDIST/dc/eb/cb572e0e26af62abcf4ca95af0a1094fc4ba.udd" 3896
"C:/Users/User/AppData/Local/UnrealEngine/Common/DerivedDataCache/Buckets/LegacyCARD/ae/23/7431756874bf0fbb9c68f30a1b505352b2e3.udd" 3897
"C:/Users/User/AppData/Local/UnrealEngine/Common/DerivedDataCache/Buckets/LegacyNavCollision/ba/1c/2a03d0d511e353beecd0ce128a3d32ecdd30.udd" 3898
"C:/Users/User/AppData/Local/UnrealEngine/Common/DerivedDataCache/Buckets/LegacyDIST/4a/01/3942e16c1ee0478256cac9ec65d7438ca5e1.udd" 3899
"C:/Users/User/AppData/Local/UnrealEngine/Common/DerivedDataCache/Buckets/LegacyNavCollision/60/2c/53919d8bf9973da8e876f4e66014fbdeb8fa.udd" 3900
"C:/Users/User/AppData/Local/UnrealEngine/Common/DerivedDataCache/Buckets/LegacyDIST/ca/4f/8a10f722b099afcb7c84e455fcf329c767dc.udd" 3901
"C:/Users/User/AppData/Local/UnrealEngine/Common/DerivedDataCache/Buckets/LegacyDIST/19/9c/a5e61ae9457f3a70aea1ffd3fbf1415078f1.udd" 3902
"C:/Users/User/AppData/Local/UnrealEngine/Common/DerivedDataCache/Buckets/LegacyChaosGeometryData/8d/37/e1bcdf2a189d0953b028447b740d5a731ddb.udd" 3903
"C:/Users/User/AppData/Local/UnrealEngine/Common/DerivedDataCache/Buckets/StaticMesh/18/1f/233bcec1b1efc9d2ff5343f3047ae6fc179f.udd" 3904
"C:/Users/User/AppData/Local/UnrealEngine/Common/DerivedDataCache/Buckets/LegacyCARD/ed/7a/1dffc5795f8c05be424dedc8abd30ddd978c.udd" 3905
"C:/Users/User/AppData/Local/UnrealEngine/Common/DerivedDataCache/Buckets/StaticMesh/40/da/9ca3bd73949b80d3954ffa0e7744730f81cc.udd" 3906
"C:/Users/User/AppData/Local/UnrealEngine/Common/DerivedDataCache/Buckets/LegacyCARD/f0/b7/dd03d6b6f63f6db15d6eb5779e8b1fe66d9d.udd" 3907
"C:/Users/User/AppData/Local/UnrealEngine/Common/DerivedDataCache/Buckets/LegacyCARD/47/fe/217d03696deb31fb5852f5df32f963380d40.udd" 3908
"C:/Users/User/AppData/Local/UnrealEngine/Common/DerivedDataCache/Buckets/LegacyChaosGeometryData/01/32/9896669fcf330cb9dc43e370f615497d7a86.udd" 3909
"C:/Users/User/AppData/Local/UnrealEngine/Common/DerivedDataCache/Buckets/LegacyNavCollision/fd/87/a147d0d5956a0e8de9be9b4251cf0bb8c4e4.udd" 3910
"C:/Users/User/AppData/Local/UnrealEngine/Common/DerivedDataCache/Buckets/LegacyChaosGeometryData/95/4f/3dc973c59887a43136fbdbfd1292a608474d.udd" 3911
"C:/Users/User/AppData/Local/UnrealEngine/Common/DerivedDataCache/Buckets/LegacyChaosGeometryData/93/df/675aa75262491185f5b6bd24b2f600c56aa5.udd" 3912
"C:/Users/User/AppData/Local/UnrealEngine/Common/DerivedDataCache/Buckets/StaticMesh/31/45/600c2560168abcc1838f394e4b2779ee85f0.udd" 3913
"C:/Users/User/AppData/Local/UnrealEngine/Common/DerivedDataCache/Buckets/LegacyDIST/7f/a0/ffc641e990fea69b921b56bbc5800d3c4af5.udd" 3914
"C:/Users/User/AppData/Local/UnrealEngine/Common/DerivedDataCache/Buckets/LegacyCARD/91/fd/c8893957d7a95c4718e1b8d5028f55df826e.udd" 3915
"C:/Users/User/AppData/Local/UnrealEngine/Common/DerivedDataCache/Buckets/LegacyNavCollision/63/9a/6638c19a1e3f6d2ede354e3ac66731910ef4.udd" 3916
"C:/Users/User/AppData/Local/UnrealEngine/Common/DerivedDataCache/Buckets/LegacyDIST/70/32/37e61986db27632d76de2e4dfcf83a4cd2d7.udd" 3917
"C:/Users/User/AppData/Local/UnrealEngine/Common/DerivedDataCache/Buckets/LegacyChaosGeometryData/10/d0/93a0b5ac44c42acb7d89f74d426eb361db2b.udd" 3918
"C:/Users/User/AppData/Local/UnrealEngine/Common/DerivedDataCache/Buckets/StaticMesh/e7/fa/3b36e7af7d77f3fdfba93cac86eca4095579.udd" 3919
"C:/Users/User/AppData/Local/UnrealEngine/Common/DerivedDataCache/Buckets/LegacyCARD/b9/bb/deeec7111d1814aaaebbc7155575c30a85aa.udd" 3920
"C:/Users/User/AppData/Local/UnrealEngine/Common/DerivedDataCache/Buckets/LegacyNavCollision/c5/51/af95e5d11cdf3113aa29179bcb3cbcca75c7.udd" 3921
"C:/Users/User/AppData/Local/UnrealEngine/Common/DerivedDataCache/Buckets/LegacyDIST/df/08/a5f9bddb7815df6d39f760639bfdf56937a1.udd" 3922
"C:/Users/User/AppData/Local/UnrealEngine/Common/DerivedDataCache/Buckets/LegacyChaosGeometryData/b2/3d/50b8dd2bdf33f83d244222f4beb9cdad92fc.udd" 3923
"C:/Users/User/AppData/Local/UnrealEngine/Common/DerivedDataCache/Buckets/LegacyCARD/66/e5/513bf44074f1bd9ca2374798767b8d3d5ee6.udd" 3924
"C:/Users/User/AppData/Local/UnrealEngine/Common/DerivedDataCache/Buckets/StaticMesh/53/f1/c473d8d80f3fc2e2cf899fb3d9d083b803cc.udd" 3925
"C:/Users/User/AppData/Local/UnrealEngine/Common/DerivedDataCache/Buckets/LegacyNavCollision/40/8b/3c0942f5f2abc8a116c198d1284828970b63.udd" 3926
"C:/Users/User/AppData/Local/UnrealEngine/Common/DerivedDataCache/Buckets/StaticMesh/34/16/e793bc25817b3a96fb655c18c93429132f14.udd" 3927
"C:/Users/User/AppData/Local/UnrealEngine/Common/DerivedDataCache/Buckets/LegacyNavCollision/62/4c/4091eb191affce6219ad9f70dcddeb78d562.udd" 3928
"C:/Users/User/AppData/Local/UnrealEngine/Common/DerivedDataCache/Buckets/StaticMesh/e9/20/8c2d4d7bb5ca8ee652d96f93a7766b1e9380.udd" 3929
"C:/Users/User/AppData/Local/UnrealEngine/Common/DerivedDataCache/Buckets/LegacyNavCollision/06/a8/35cab9ddbd30357fc66351cd7becc64ec5a0.udd" 3930
"C:/Users/User/AppData/Local/UnrealEngine/Common/DerivedDataCache/Buckets/LegacyDIST/40/8e/1ae2f9cbb22d15b9dd390b28249e10989369.udd" 3931
"C:/Users/User/AppData/Local/UnrealEngine/Common/DerivedDataCache/Buckets/StaticMesh/4f/27/807777e6c5c7ea82b5c8980b1900720e3c8b.udd" 3932
"C:/Users/User/AppData/Local/UnrealEngine/Common/DerivedDataCache/Buckets/LegacyCARD/0d/b0/339f0897546ca7eb3907ede04fed0081210d.udd" 3933
"C:/Users/User/AppData/Local/UnrealEngine/Common/DerivedDataCache/Buckets/LegacyDIST/c3/97/8f898c63b0254656d98a36717a7e33cd595a.udd" 3934
"C:/Users/User/AppData/Local/UnrealEngine/Common/DerivedDataCache/Buckets/LegacyCARD/ed/24/91989834532c1e1233757851f863c3f1a730.udd" 3935
"C:/Users/User/AppData/Local/UnrealEngine/Common/DerivedDataCache/Buckets/LegacyDIST/3e/b2/2bdba406355d15a733b8290032c7a1eb342b.udd" 3936
"C:/Users/User/AppData/Local/UnrealEngine/Common/DerivedDataCache/Buckets/LegacyCARD/aa/44/2fdf77b6e92d60c59cd63692a64e1cfc8344.udd" 3937
"C:/Users/User/AppData/Local/UnrealEngine/Common/DerivedDataCache/Buckets/LegacyChaosGeometryData/5c/18/400ce185d842ed9c632827672af6ac96a184.udd" 3938
"C:/Users/User/AppData/Local/UnrealEngine/Common/DerivedDataCache/Buckets/LegacyDIST/81/22/ad74e0f2da4a4debd122895f9d7840a71a70.udd" 3939
"C:/Users/User/AppData/Local/UnrealEngine/Common/DerivedDataCache/Buckets/LegacyDIST/9a/4d/c59e4ee241bbc1d60c3ab0a4941c9651a3f4.udd" 3940
"C:/Users/User/AppData/Local/UnrealEngine/Common/DerivedDataCache/Buckets/LegacyChaosGeometryData/04/80/db290e499e8c9113abc42cfc68b3cef780bb.udd" 3941
"C:/Users/User/AppData/Local/UnrealEngine/Common/DerivedDataCache/Buckets/LegacyNavCollision/df/0c/9b58bfb21414c6c28517c354324d3d0fd51d.udd" 3942
"C:/Users/User/AppData/Local/UnrealEngine/Common/DerivedDataCache/Buckets/LegacyCARD/94/b9/681a1e573b46e90586b97be71c88f72be48a.udd" 3943
"C:/Users/User/AppData/Local/UnrealEngine/Common/DerivedDataCache/Buckets/LegacyCARD/07/e1/54184ec3db5818c3de6abba2498de9b5079f.udd" 3944
"C:/Users/User/AppData/Local/UnrealEngine/Common/DerivedDataCache/Buckets/LegacyChaosGeometryData/5c/2f/99ec0daa5f941402e4a83c963546a9bd8455.udd" 3945
"C:/Users/User/AppData/Local/UnrealEngine/Common/DerivedDataCache/Buckets/LegacyDIST/0c/f6/34b1f296f9491f8e47115846579c1c6160af.udd" 3946
"C:/Users/User/AppData/Local/UnrealEngine/Common/DerivedDataCache/Buckets/StaticMesh/ea/7b/0aa0282d437e6a2d20598975187e4cd734df.udd" 3947
"C:/Users/User/AppData/Local/UnrealEngine/Common/DerivedDataCache/Buckets/LegacyChaosGeometryData/db/08/b7cc5af53579db7ef00b15c1f11778675bc0.udd" 3948
"C:/Users/User/AppData/Local/UnrealEngine/Common/DerivedDataCache/Buckets/LegacyCARD/cd/8f/2f4965873d17128975703c7993252ef7d46c.udd" 3949
"C:/Users/User/AppData/Local/UnrealEngine/Common/DerivedDataCache/Buckets/LegacyNavCollision/06/1f/51e8d44862c4240521d35e5ddbd26aab5331.udd" 3950
"C:/Users/User/AppData/Local/UnrealEngine/Common/DerivedDataCache/Buckets/LegacyChaosGeometryData/f1/a0/06ea156755ff2ab597eb21c0e3cffce92f55.udd" 3951
"C:/Users/User/AppData/Local/UnrealEngine/Common/DerivedDataCache/Buckets/StaticMesh/ab/92/664005257f1ae4723fa4eca38ac56783a9cf.udd" 3952
"C:/Users/User/AppData/Local/UnrealEngine/Common/DerivedDataCache/Buckets/LegacyNavCollision/6d/5f/4ba4e49efea0aac49924ce7c0083acf082ba.udd" 3953
"C:/Users/User/AppData/Local/UnrealEngine/Common/DerivedDataCache/Buckets/LegacyNavCollision/12/36/f5f51408d09308b0c2e2f5a2e0fe8bb673a5.udd" 3954
"C:/Users/User/AppData/Local/UnrealEngine/Common/DerivedDataCache/Buckets/LegacyNavCollision/e3/dd/0b820a832017bfae29f00e894a4d426adc00.udd" 3955
"C:/Users/User/AppData/Local/UnrealEngine/Common/DerivedDataCache/Buckets/StaticMesh/11/4d/ff20dbaa94815d181ec19e1e4019cca2c275.udd" 3956
"C:/Users/User/AppData/Local/UnrealEngine/Common/DerivedDataCache/Buckets/LegacyDIST/de/0e/6f1da9e5b270ec6fa4f5ad16c823eb36d7c5.udd" 3957
"C:/Users/User/AppData/Local/UnrealEngine/Common/DerivedDataCache/Buckets/LegacyDIST/b5/9f/99ac3189d28022ca186004bd51f374d6928a.udd" 3958
"C:/Users/User/AppData/Local/UnrealEngine/Common/DerivedDataCache/Buckets/StaticMesh/31/f2/24690571f7da7a4f842ec16b4e43cd0c25ec.udd" 3959
"C:/Users/User/AppData/Local/UnrealEngine/Common/DerivedDataCache/Buckets/LegacyCARD/eb/8e/7ecedda864afacee8123043f192208da1b50.udd" 3960
"C:/Users/User/AppData/Local/UnrealEngine/Common/DerivedDataCache/Buckets/StaticMesh/50/76/93ff1a69fc907ff4cd00f2660b405d868a82.udd" 3961
"C:/Users/User/AppData/Local/UnrealEngine/Common/DerivedDataCache/Buckets/LegacyDIST/68/0b/af957315af6b86dde26bd68b88c56c3a6c7d.udd" 3962
"C:/Users/User/AppData/Local/UnrealEngine/Common/DerivedDataCache/Buckets/LegacyCARD/36/a2/02b4f4070c9c8997f93f265700bdb93eda08.udd" 3963
"C:/Users/User/AppData/Local/UnrealEngine/Common/DerivedDataCache/Buckets/LegacyDIST/ed/6b/4a75c9bc0d445e6b990cfaa44e8e25a870c8.udd" 3964
"C:/Users/User/AppData/Local/UnrealEngine/Common/DerivedDataCache/Buckets/LegacyCARD/d3/40/87a81e452b4cc564870fedabce55fb93ece9.udd" 3965
"C:/Users/User/AppData/Local/UnrealEngine/Common/DerivedDataCache/Buckets/LegacyChaosGeometryData/3f/8c/1d0bb01e1f1417d32d891f998aff864da918.udd" 3966
"C:/Users/User/AppData/Local/UnrealEngine/Common/DerivedDataCache/Buckets/LegacyCARD/76/79/143434bfff0d98ff91d3ee72cc2d81118d4a.udd" 3967
"C:/Users/User/AppData/Local/UnrealEngine/Common/DerivedDataCache/Buckets/LegacyChaosGeometryData/5d/3c/ea345b0117cf8032b35a64c3a47aa3fb0912.udd" 3968
"C:/Users/User/AppData/Local/UnrealEngine/Common/DerivedDataCache/Buckets/LegacyChaosGeometryData/8e/d3/257e2abb26c5d26a5747901d83f48c5b6ccd.udd" 3969
"C:/Users/User/AppData/Local/UnrealEngine/Common/DerivedDataCache/Buckets/LegacyChaosGeometryData/59/15/f025ae9a9e86ec7bdfff85d9d504885d8fd3.udd" 3970
"C:/Users/User/AppData/Local/UnrealEngine/Common/DerivedDataCache/Buckets/LegacyNavCollision/f3/be/7f67ab2fed863631194ff42338058cdf52f3.udd" 3971
"C:/Users/User/AppData/Local/UnrealEngine/Common/DerivedDataCache/Buckets/StaticMesh/b3/aa/3dcf906f1822a5365e9f9bc73ec54d97e4cd.udd" 3972
"C:/Users/User/AppData/Local/UnrealEngine/Common/DerivedDataCache/Buckets/LegacyDIST/5c/1f/9f07f3a3c9eda0cb9bd7552420c2166004aa.udd" 3973
"C:/Users/User/AppData/Local/UnrealEngine/Common/DerivedDataCache/Buckets/LegacyCARD/3f/0d/beb898a3ea368afa0cdf92f65d2f9e9032b7.udd" 3974
"C:/Users/User/AppData/Local/UnrealEngine/Common/DerivedDataCache/Buckets/LegacyDIST/e0/73/4a6ed15452943e6c62bdc20b802c529142fc.udd" 3975
"C:/Users/User/AppData/Local/UnrealEngine/Common/DerivedDataCache/Buckets/LegacyChaosGeometryData/9a/76/941da9ce17c7252033f0acb3300890aa45ab.udd" 3976
"C:/Users/User/AppData/Local/UnrealEngine/Common/DerivedDataCache/Buckets/LegacyCARD/5b/eb/0bca55fb3babad387bc94c41078cbbdae83a.udd" 3977
"C:/Users/User/AppData/Local/UnrealEngine/Common/DerivedDataCache/Buckets/LegacyNavCollision/4b/36/6412a0c6654b454107076ccaa3a39ec81374.udd" 3978
"C:/Users/User/AppData/Local/UnrealEngine/Common/DerivedDataCache/Buckets/LegacyDIST/08/57/f6f6b2056800844250e42599e72c21cb584c.udd" 3979
"C:/Users/User/AppData/Local/UnrealEngine/Common/DerivedDataCache/Buckets/LegacyNavCollision/6a/c6/195dc5da203c276862dfcfb6e840ef135434.udd" 3980
"C:/Users/User/AppData/Local/UnrealEngine/Common/DerivedDataCache/Buckets/LegacyChaosGeometryData/07/02/ce0b213146347ae8e7abfeb8af365be2c6c5.udd" 3981
"C:/Users/User/AppData/Local/UnrealEngine/Common/DerivedDataCache/Buckets/StaticMesh/30/b1/668bd144dd3addcb41ee41d8a0fa7b12a6ce.udd" 3982
"C:/Users/User/AppData/Local/UnrealEngine/Common/DerivedDataCache/Buckets/LegacyDIST/9c/d6/dd9c6e8896fe762c00bc71ef914894e8c9c1.udd" 3983
"C:/Users/User/AppData/Local/UnrealEngine/Common/DerivedDataCache/Buckets/LegacyCARD/bc/ec/d6b2b45f94c448fa2a5b261d727d3eb2867b.udd" 3984
"C:/Users/User/AppData/Local/UnrealEngine/Common/DerivedDataCache/Buckets/LegacyNavCollision/4e/75/c29693668da2a42c9f20f9abfeb82d34ccc1.udd" 3985
"C:/Users/User/AppData/Local/UnrealEngine/Common/DerivedDataCache/Buckets/LegacyNavCollision/00/a9/b183ecd5165f948772999c99dda968af9998.udd" 3986
"C:/Users/User/AppData/Local/UnrealEngine/Common/DerivedDataCache/Buckets/LegacyCARD/6c/dd/1641f6a66e0cbb005e7b470864edf8b7e26e.udd" 3987
"C:/Users/User/AppData/Local/UnrealEngine/Common/DerivedDataCache/Buckets/StaticMesh/0c/21/0513e3c74295dd98aa9d6b96902576fb6408.udd" 3988
"C:/Users/User/AppData/Local/UnrealEngine/Common/DerivedDataCache/Buckets/LegacyNavCollision/09/29/b9dcb511bf541d9e0e8d9e5f860bd5a545dc.udd" 3989
"C:/Users/User/AppData/Local/UnrealEngine/Common/DerivedDataCache/Buckets/StaticMesh/a4/4d/8922adecdbf31d9e38e7badb357ad1babd1e.udd" 3990
"C:/Users/User/AppData/Local/UnrealEngine/Common/DerivedDataCache/Buckets/LegacyChaosGeometryData/36/19/d33fa6152e2c32e6b724766ba939ff8b06c9.udd" 3991
"C:/Users/User/AppData/Local/UnrealEngine/Common/DerivedDataCache/Buckets/LegacyChaosGeometryData/f4/a0/7406a479de41ba10cc3befd9d6d0afd5252d.udd" 3992
"C:/Users/User/AppData/Local/UnrealEngine/Common/DerivedDataCache/Buckets/StaticMesh/e4/a8/d0fe00864fef8ebb811446faf4f07578d41f.udd" 3993
"C:/Users/User/AppData/Local/UnrealEngine/Common/DerivedDataCache/Buckets/LegacyNavCollision/de/40/e6f99beb75c07de58290687e6127428db7ba.udd" 3994
"C:/Users/User/AppData/Local/UnrealEngine/Common/DerivedDataCache/Buckets/StaticMesh/ed/a7/0b54a445b68d91a66530188ac3a914aba327.udd" 3995
"C:/Users/User/AppData/Local/UnrealEngine/Common/DerivedDataCache/Buckets/StaticMesh/f9/d0/d9666622b5e7c28e2069d2ae9de9938300cf.udd" 3996
"C:/Users/User/AppData/Local/UnrealEngine/Common/DerivedDataCache/Buckets/LegacyDIST/1c/6c/e9f22aa39ef069ed7e1589a270b5d49329ee.udd" 3997
"C:/Users/User/AppData/Local/UnrealEngine/Common/DerivedDataCache/Buckets/LegacyDIST/45/20/836c8b518e56cab9e00960ec2dcea021ce72.udd" 3998
"C:/Users/User/AppData/Local/UnrealEngine/Common/DerivedDataCache/Buckets/LegacyCARD/e6/b7/248cebbe294fe9112caac30eb9f0b69f708f.udd" 3999
"C:/Users/User/AppData/Local/UnrealEngine/Common/DerivedDataCache/Buckets/LegacyDIST/d8/23/77e015bf04c71134c9b955653f81aee0d2a0.udd" 4000
"C:/Users/User/AppData/Local/UnrealEngine/Common/DerivedDataCache/Buckets/LegacyCARD/6a/fe/d2d7e454b286cf72dd92e7b20ec9157b4be1.udd" 4001
"C:/Users/User/AppData/Local/UnrealEngine/Common/DerivedDataCache/Buckets/LegacyDIST/76/62/95bdebc7ebbf560bb7fe64422b312603b3c9.udd" 4002
"C:/Users/User/AppData/Local/UnrealEngine/Common/DerivedDataCache/Buckets/LegacyCARD/0f/93/6a8b0ae6fb99b206cce4be684668937d74fc.udd" 4003
"C:/Users/User/AppData/Local/UnrealEngine/Common/DerivedDataCache/Buckets/LegacyCARD/6c/24/ca28bb4aafefc3897addabaabd93b62d6cd3.udd" 4004
"C:/Users/User/AppData/Local/UnrealEngine/Common/DerivedDataCache/Buckets/LegacyChaosGeometryData/73/3d/6b9131e7fc05cfe4de4243f5edce2980ca7b.udd" 4005
"C:/Users/User/AppData/Local/UnrealEngine/Common/DerivedDataCache/Buckets/LegacyNavCollision/f3/8c/450a21ab76ae9954469204d040829b14dbcb.udd" 4006
"C:/Users/User/AppData/Local/UnrealEngine/Common/DerivedDataCache/Buckets/LegacyChaosGeometryData/a9/12/45618f3c1ba19d311d8c324f079e85919303.udd" 4007
"C:/Users/User/AppData/Local/UnrealEngine/Common/DerivedDataCache/Buckets/LegacyNavCollision/06/6a/ca546cf76ac89a65034ef89cf142ab769f6d.udd" 4008
"C:/Users/User/AppData/Local/UnrealEngine/Common/DerivedDataCache/Buckets/StaticMesh/f8/06/56dc9636c7ae9bad511c4ff6425723f2b9a1.udd" 4009
"C:/Users/User/AppData/Local/UnrealEngine/Common/DerivedDataCache/Buckets/LegacyNavCollision/02/de/0744bc514d8b95c693e502b3abb0e4c74332.udd" 4010
"C:/Users/User/AppData/Local/UnrealEngine/Common/DerivedDataCache/Buckets/LegacyDIST/dd/97/29e271afc82c780cb1f96a1547d8149b1fdf.udd" 4011
"C:/Users/User/AppData/Local/UnrealEngine/Common/DerivedDataCache/Buckets/StaticMesh/0b/5d/f9497618a62f172acf7ec41a9275d5a02e7d.udd" 4012
"C:/Users/User/AppData/Local/UnrealEngine/Common/DerivedDataCache/Buckets/LegacyNavCollision/91/85/7cfac053b59d3160cb8993281de4511ad619.udd" 4013
"C:/Users/User/AppData/Local/UnrealEngine/Common/DerivedDataCache/Buckets/LegacyCARD/76/a6/fb736db40b4f70566a3e77c236520bdcf535.udd" 4014
"C:/Users/User/AppData/Local/UnrealEngine/Common/DerivedDataCache/Buckets/StaticMesh/fe/52/d94dcccfe6818f77d1bfa7b41afb328d5ece.udd" 4015
"C:/Users/User/AppData/Local/UnrealEngine/Common/DerivedDataCache/Buckets/StaticMesh/e3/95/971451c61734d112c6126900b0ce92c98cdd.udd" 4016
"C:/Users/User/AppData/Local/UnrealEngine/Common/DerivedDataCache/Buckets/LegacyChaosGeometryData/7f/23/119f144a6d5d3ef354ca254f9dac9004b117.udd" 4017
"C:/Users/User/AppData/Local/UnrealEngine/Common/DerivedDataCache/Buckets/LegacyNavCollision/fb/2a/72f6c24e7b07c33fc044adb411c45ad58860.udd" 4018
"C:/Users/User/AppData/Local/UnrealEngine/Common/DerivedDataCache/Buckets/LegacyNavCollision/72/f7/b759a80a6b0d979e06d6f51f763d85d08dae.udd" 4019
"C:/Users/User/AppData/Local/UnrealEngine/Common/DerivedDataCache/Buckets/StaticMesh/a8/99/60718da97db39a8a5cc0a676a5596ec8a26a.udd" 4020
"C:/Users/User/AppData/Local/UnrealEngine/Common/DerivedDataCache/Buckets/LegacyDIST/a7/0c/f57e9711fa751bfc025e269e289d0ef57894.udd" 4021
"C:/Users/User/AppData/Local/UnrealEngine/Common/DerivedDataCache/Buckets/StaticMesh/b9/ba/529739315e1e7dddba219a9cc06e3ef11edf.udd" 4022
"C:/Users/User/AppData/Local/UnrealEngine/Common/DerivedDataCache/Buckets/LegacyDIST/ee/6e/f9fe9fa43c81093d1cd7a690da194df9a024.udd" 4023
"C:/Users/User/AppData/Local/UnrealEngine/Common/DerivedDataCache/Content/ce/1c/05a157742a56f3903d55972984d65d5f7af9.udd" 4024
"C:/Users/User/AppData/Local/UnrealEngine/Common/DerivedDataCache/Buckets/LegacyCARD/f9/4b/34415696c40b2d2a633cf0b185f158425efa.udd" 4025
"C:/Users/User/AppData/Local/UnrealEngine/Common/DerivedDataCache/Buckets/LegacyDIST/d0/8a/dbb71dab84779996cf758b788d1fb7044b41.udd" 4026
"C:/Users/User/AppData/Local/UnrealEngine/Common/DerivedDataCache/Buckets/LegacyCARD/8d/0b/9427428a3d3a8712d7a6b8ec0932e85c0b05.udd" 4027
"C:/Users/User/AppData/Local/UnrealEngine/Common/DerivedDataCache/Buckets/LegacyDIST/dc/33/2cf4a6fe5ea56e8b90cf9bba092fc22ac503.udd" 4028
"C:/Users/User/AppData/Local/UnrealEngine/Common/DerivedDataCache/Buckets/LegacyChaosGeometryData/5d/5d/42ad593407db477e6922ca7edd7c37c64ff7.udd" 4029
"C:/Users/User/AppData/Local/UnrealEngine/Common/DerivedDataCache/Buckets/LegacyCARD/0c/7c/81825bc9b5d8f052132f8287d58a2fba3ab3.udd" 4030
"C:/Users/User/AppData/Local/UnrealEngine/Common/DerivedDataCache/Buckets/LegacyDIST/2d/ed/7229828fe988d3a1c8d14ba84ef08218ee30.udd" 4031
"C:/Users/User/AppData/Local/UnrealEngine/Common/DerivedDataCache/Buckets/LegacyCARD/99/c8/6630a1e8bea9a240ef4ccfb36fb9b4f5eb11.udd" 4032
"C:/Users/User/AppData/Local/UnrealEngine/Common/DerivedDataCache/Buckets/LegacyNavCollision/c8/b8/b28140e81bfc0771ad1610a2094a8cc6da3c.udd" 4033
"C:/Users/User/AppData/Local/UnrealEngine/Common/DerivedDataCache/Buckets/LegacyNavCollision/1f/5d/e09c2ed892a666bcbe76035e6a28c01c3099.udd" 4034
"C:/Users/User/AppData/Local/UnrealEngine/Common/DerivedDataCache/Buckets/LegacyNavCollision/21/e7/4447b854a44e232c1fbf103d321b0d3a9d9d.udd" 4035
"C:/Users/User/AppData/Local/UnrealEngine/Common/DerivedDataCache/Buckets/LegacyCARD/4d/aa/b03aae9937b2f2ba213264e1c07c8d1e9d3a.udd" 4036
"C:/Users/User/AppData/Local/UnrealEngine/Common/DerivedDataCache/Buckets/LegacyChaosGeometryData/bc/0a/c9980c2918f956b81c36936e1b64144c6e39.udd" 4037
"C:/Users/User/AppData/Local/UnrealEngine/Common/DerivedDataCache/Buckets/StaticMesh/f6/2a/e5fdbf2c30521361cac076f074f1adc505a1.udd" 4038
"C:/Users/User/AppData/Local/UnrealEngine/Common/DerivedDataCache/Buckets/StaticMesh/40/43/c4e82285f8920c02350bb4dde1621aaa6f3c.udd" 4039
"C:/Users/User/AppData/Local/UnrealEngine/Common/DerivedDataCache/Buckets/LegacyDIST/a4/9c/6744c338024e42df00d6ede92dba14aa4e67.udd" 4040
"C:/Users/User/AppData/Local/UnrealEngine/Common/DerivedDataCache/Buckets/StaticMesh/05/b6/a340af8e5aec0e4e1aceeed7f835e579d269.udd" 4041
"C:/Users/User/AppData/Local/UnrealEngine/Common/DerivedDataCache/Buckets/LegacyChaosGeometryData/fc/de/119dfea0cb1f1970e9a8ba8616bcf4641503.udd" 4042
"C:/Users/User/AppData/Local/UnrealEngine/Common/DerivedDataCache/Buckets/LegacyCARD/f0/a8/1aa59d2c18473504f79e1662f2969154a239.udd" 4043
"C:/Users/User/AppData/Local/UnrealEngine/Common/DerivedDataCache/Buckets/LegacyChaosGeometryData/3d/7c/a322d8f10ff24090d2ea57bc762486390c1c.udd" 4044
"C:/Users/User/AppData/Local/UnrealEngine/Common/DerivedDataCache/Buckets/LegacyNavCollision/6f/77/bf0f4875a91000dd79db45285b3434d43305.udd" 4045
"C:/Users/User/AppData/Local/UnrealEngine/Common/DerivedDataCache/Buckets/LegacyDIST/83/04/85d36ada3284dbefcf533ea4190f10ba3baf.udd" 4046
"C:/Users/User/AppData/Local/UnrealEngine/Common/DerivedDataCache/Buckets/LegacyNavCollision/a6/cc/1f7bdb509b3d964bdd47fd974472f14bb8c0.udd" 4047
"C:/Users/User/AppData/Local/UnrealEngine/Common/DerivedDataCache/Buckets/LegacyCARD/45/a2/b63b3c527f86cb959428755ebf600995b42b.udd" 4048
"C:/Users/User/AppData/Local/UnrealEngine/Common/DerivedDataCache/Buckets/StaticMesh/b0/c8/8e0d6349734ce6bba353f6172d6864a8affb.udd" 4049
"C:/Users/User/AppData/Local/UnrealEngine/Common/DerivedDataCache/Buckets/StaticMesh/0d/59/0336b5225b06a57b72e2805a5751fa1d452f.udd" 4050
"C:/Users/User/AppData/Local/UnrealEngine/Common/DerivedDataCache/Buckets/LegacyDIST/ad/58/677cc2fa7fbfdbc6755f72542a1f6c5b0864.udd" 4051
"C:/Users/User/AppData/Local/UnrealEngine/Common/DerivedDataCache/Buckets/LegacyCARD/2d/ad/307e475fced72a9fb9a6fa8982d5dcc0b3c7.udd" 4052
"C:/Users/User/AppData/Local/UnrealEngine/Common/DerivedDataCache/Buckets/LegacyNavCollision/63/ae/0e38df46d50a9bf83a2b634717e7d4690d18.udd" 4053
"C:/Users/User/AppData/Local/UnrealEngine/Common/DerivedDataCache/Buckets/LegacyDIST/05/4f/4076235402df3797db6ee9cbc967ed5ea291.udd" 4054
"C:/Users/User/AppData/Local/UnrealEngine/Common/DerivedDataCache/Buckets/LegacyChaosGeometryData/26/d1/7de19a03b7f432ed253c07dcf53cd510b776.udd" 4055
"C:/Users/User/AppData/Local/UnrealEngine/Common/DerivedDataCache/Buckets/LegacyCARD/81/df/e3d5f5073ad3717c863f6e46d4a670c45f7a.udd" 4056
"C:/Users/User/AppData/Local/UnrealEngine/Common/DerivedDataCache/Buckets/StaticMesh/67/8d/3312d814d63673a49b82a43b691802b9e330.udd" 4057
"C:/Users/User/AppData/Local/UnrealEngine/Common/DerivedDataCache/Buckets/LegacyDIST/92/43/a37529994ff397641ec879ceb8d0c451964e.udd" 4058
"C:/Users/User/AppData/Local/UnrealEngine/Common/DerivedDataCache/Buckets/LegacyNavCollision/26/38/0684a55bc8ecbe1fa17f9dfb57a1b92a35ae.udd" 4059
"C:/Users/User/AppData/Local/UnrealEngine/Common/DerivedDataCache/Buckets/LegacyCARD/ce/2f/be5fea0e6c1cccd94d748ac4eb21a17282b1.udd" 4060
"C:/Users/User/AppData/Local/UnrealEngine/Common/DerivedDataCache/Buckets/StaticMesh/12/3f/1b427a7f5adff863f1170ecc7589c2009900.udd" 4061
"C:/Users/User/AppData/Local/UnrealEngine/Common/DerivedDataCache/Buckets/LegacyChaosGeometryData/0f/55/9355045e62e348c3494d9b62c9ec827b0374.udd" 4062
"C:/Users/User/AppData/Local/UnrealEngine/Common/DerivedDataCache/Buckets/LegacyDIST/2f/84/1589669541a931b07e178069d2d64b14e055.udd" 4063
"C:/Users/User/AppData/Local/UnrealEngine/Common/DerivedDataCache/Buckets/LegacyCARD/83/f2/857ff36b90d49a6e2e3737817586bd371071.udd" 4064
"C:/Users/User/AppData/Local/UnrealEngine/Common/DerivedDataCache/Buckets/LegacyNavCollision/c0/05/fece833a773eb0ae6c00301e033615759371.udd" 4065
"C:/Users/User/AppData/Local/UnrealEngine/Common/DerivedDataCache/Buckets/LegacyDIST/e3/39/aacbb1c6eced70c8c2b383d5d20bd3046078.udd" 4066
"C:/Users/User/AppData/Local/UnrealEngine/Common/DerivedDataCache/Buckets/LegacyNavCollision/8c/49/c6e8b18e3ea3e1bc70181a6a9da0639eb8df.udd" 4067
"C:/Users/User/AppData/Local/UnrealEngine/Common/DerivedDataCache/Buckets/LegacyDIST/6a/35/f240958844b12244e36ba20bc46382b513c9.udd" 4068
"C:/Users/User/AppData/Local/UnrealEngine/Common/DerivedDataCache/Buckets/LegacyChaosGeometryData/cf/c3/4e68b6df118ccc64527724e5893341b69fca.udd" 4069
"C:/Users/User/AppData/Local/UnrealEngine/Common/DerivedDataCache/Buckets/LegacyCARD/fa/9f/6978f00f7047e60b4c66a1f604b97ac6345b.udd" 4070
"C:/Users/User/AppData/Local/UnrealEngine/Common/DerivedDataCache/Buckets/LegacyCARD/bd/41/b1e337c9e6d7941dfa197ad74fa6840139f5.udd" 4071
"C:/Users/User/AppData/Local/UnrealEngine/Common/DerivedDataCache/Buckets/StaticMesh/bf/59/5553399901d193264698565a7eb12fa841c0.udd" 4072
"C:/Users/User/AppData/Local/UnrealEngine/Common/DerivedDataCache/Buckets/StaticMesh/32/a5/d09fab18e5fdd5acfdd5902c33cb138d8a5e.udd" 4073
"C:/Users/User/AppData/Local/UnrealEngine/Common/DerivedDataCache/Buckets/LegacyDIST/39/ac/71b1bd2fb40fdc9fc4c6488ca29acb25c9df.udd" 4074
"C:/Users/User/AppData/Local/UnrealEngine/Common/DerivedDataCache/Buckets/LegacyChaosGeometryData/b7/32/b8cbe6297854a28ed2a5ba9e04e6e23df541.udd" 4075
"C:/Users/User/AppData/Local/UnrealEngine/Common/DerivedDataCache/Buckets/LegacyChaosGeometryData/cd/f3/b37ec8fb5dfd049c736e3c593b246d780556.udd" 4076
"C:/Users/User/AppData/Local/UnrealEngine/Common/DerivedDataCache/Buckets/LegacyNavCollision/4a/17/ae595ef6e2f4d30f6d0ad8c4f36c7d3be94d.udd" 4077
"C:/Users/User/AppData/Local/UnrealEngine/Common/DerivedDataCache/Buckets/LegacyCARD/bf/0f/dba78609e3d38c2874cfbd98092c982beec9.udd" 4078
"C:/Users/User/AppData/Local/UnrealEngine/Common/DerivedDataCache/Buckets/LegacyNavCollision/68/55/3ea02f039c43a01267ef6bd4fb1e067f62b5.udd" 4079
"C:/Users/User/AppData/Local/UnrealEngine/Common/DerivedDataCache/Buckets/StaticMesh/01/58/ba0948c02dec26239afc629e00e1c42e8397.udd" 4080
"C:/Users/User/AppData/Local/UnrealEngine/Common/DerivedDataCache/Buckets/LegacyDIST/57/ed/76dd63975b880eb8b30384fd3b672a4f4764.udd" 4081
"C:/Users/User/AppData/Local/UnrealEngine/Common/DerivedDataCache/Buckets/LegacyChaosGeometryData/b7/31/88673309ecf61cbc7239b602b6b1fe342f3a.udd" 4082
"C:/Users/User/AppData/Local/UnrealEngine/Common/DerivedDataCache/Buckets/StaticMesh/9a/77/d4b3d65692eae7ddae78b23d4e82470447d5.udd" 4083
"C:/Users/User/AppData/Local/UnrealEngine/Common/DerivedDataCache/Buckets/LegacyCARD/a7/34/1f16336041661897a82469db7dce0c74e40f.udd" 4084
"C:/Users/User/AppData/Local/UnrealEngine/Common/DerivedDataCache/Buckets/LegacyNavCollision/8d/74/7a0b10c2bce1af5422ce7fd2a9159c28f482.udd" 4085
"C:/Users/User/AppData/Local/UnrealEngine/Common/DerivedDataCache/Buckets/LegacyDIST/1f/ff/8a3352cd31815e9de965fecd632a4ed5f738.udd" 4086
"C:/Users/User/AppData/Local/UnrealEngine/Common/DerivedDataCache/Buckets/LegacyDIST/e7/e9/228dd5ea419388f1d342fb433a4c17b89060.udd" 4087
"C:/Users/User/AppData/Local/UnrealEngine/Common/DerivedDataCache/Buckets/LegacyNavCollision/72/99/50722ff0841132e6f71ffefd7dfba6b837d5.udd" 4088
"C:/Users/User/AppData/Local/UnrealEngine/Common/DerivedDataCache/Buckets/LegacyNavCollision/ff/32/69c5e828b9f07b12a8ee2f838cd7aa8d2b4b.udd" 4089
"C:/Users/User/AppData/Local/UnrealEngine/Common/DerivedDataCache/Buckets/LegacyNavCollision/11/46/e5bfc7fc5ee7b152bcdc33643f6afab25b80.udd" 4090
"C:/Users/User/AppData/Local/UnrealEngine/Common/DerivedDataCache/Buckets/LegacyDIST/b7/77/5d7c216aff30edd31145a88d34ee434006bd.udd" 4091
"C:/Users/User/AppData/Local/UnrealEngine/Common/DerivedDataCache/Buckets/LegacyNavCollision/f3/75/886c8b593ddf7152216ee03c0b26c1a3704d.udd" 4092
"C:/Users/User/AppData/Local/UnrealEngine/Common/DerivedDataCache/Buckets/LegacyNavCollision/88/0c/b37a1ddd6b0109bbcb282d14ca35b7814b8a.udd" 4093
"C:/Users/User/AppData/Local/UnrealEngine/Common/DerivedDataCache/Buckets/LegacyChaosGeometryData/0f/fc/d305274562f71d2bad7086ccc2e69fc460d0.udd" 4094
"C:/Users/User/AppData/Local/UnrealEngine/Common/DerivedDataCache/Buckets/LegacyCARD/65/43/ff17bb43a3b11cdf21e40d0941d30b13583e.udd" 4095
"C:/Users/User/AppData/Local/UnrealEngine/Common/DerivedDataCache/Buckets/LegacyCARD/9f/06/98dc9a43d03d2b637b4ae33759c01e046cc1.udd" 4096
"C:/Users/User/AppData/Local/UnrealEngine/Common/DerivedDataCache/Buckets/StaticMesh/09/81/a314f50fcacd25950ba9ab1ea8993f071857.udd" 4097
"C:/Users/User/AppData/Local/UnrealEngine/Common/DerivedDataCache/Buckets/StaticMesh/85/3a/8e9ea63fbffa70c9de5baae12d32a0f9f6e6.udd" 4098
"C:/Users/User/AppData/Local/UnrealEngine/Common/DerivedDataCache/Buckets/LegacyCARD/b4/97/c3dfa0c4b10ca654ec84d4c6d284d02b44a4.udd" 4099
"C:/Users/User/AppData/Local/UnrealEngine/Common/DerivedDataCache/Buckets/StaticMesh/6e/0e/16ef77b56a08760cb27aaa29520eccb90be2.udd" 4100
"C:/Users/User/AppData/Local/UnrealEngine/Common/DerivedDataCache/Buckets/StaticMesh/79/03/9bbf3b147cd9217888d096783032aab43b9f.udd" 4101
"C:/Users/User/AppData/Local/UnrealEngine/Common/DerivedDataCache/Buckets/StaticMesh/55/48/631c4e171fb2d4603522998afb8cc4d4b35a.udd" 4102
"C:/Users/User/AppData/Local/UnrealEngine/Common/DerivedDataCache/Buckets/LegacyChaosGeometryData/fa/17/cdd14a0df04c4e3e404e0bfd61ddf091da24.udd" 4103
"C:/Users/User/AppData/Local/UnrealEngine/Common/DerivedDataCache/Buckets/StaticMesh/42/a9/40c18a470ec35288e4d66e65b717d73d0765.udd" 4104
"C:/Users/User/AppData/Local/UnrealEngine/Common/DerivedDataCache/Buckets/LegacyChaosGeometryData/5a/27/a685c563e3d27eeae80b48425c791ce4a923.udd" 4105
"C:/Users/User/AppData/Local/UnrealEngine/Common/DerivedDataCache/Buckets/LegacyChaosGeometryData/1c/39/c8ef0cf8f28d383636591693ffb4b656dc33.udd" 4106
"C:/Users/User/AppData/Local/UnrealEngine/Common/DerivedDataCache/Buckets/LegacyNavCollision/d0/7e/0c961dc76a0f6672a2d0a0ef5174a479c94b.udd" 4107
"C:/Users/User/AppData/Local/UnrealEngine/Common/DerivedDataCache/Buckets/LegacyDIST/27/37/ab1a43f7b1172c65148a394c9fd3f7a4b1f2.udd" 4108
"C:/Users/User/AppData/Local/UnrealEngine/Common/DerivedDataCache/Buckets/StaticMesh/8a/22/0908b0ffaa812995eb3f9b8c4ea94bd18dab.udd" 4109
"C:/Users/User/AppData/Local/UnrealEngine/Common/DerivedDataCache/Buckets/LegacyDIST/a7/4a/a2b7d27e3cea28bfe4250cb7cd1bd8c28b15.udd" 4110
"C:/Users/User/AppData/Local/UnrealEngine/Common/DerivedDataCache/Buckets/LegacyCARD/a1/8f/8a26d6d81726543360009b7bd007ad13a8c6.udd" 4111
"C:/Users/User/AppData/Local/UnrealEngine/Common/DerivedDataCache/Buckets/LegacyDIST/ad/5b/4a25682903977ee427eaa2c58e5bbd2b9d1e.udd" 4112
"C:/Users/User/AppData/Local/UnrealEngine/Common/DerivedDataCache/Buckets/LegacyCARD/8a/81/06b1772557a0b62f0c3f2cecfc95f516f1cf.udd" 4113
"C:/Users/User/AppData/Local/UnrealEngine/Common/DerivedDataCache/Buckets/LegacyDIST/1b/e3/166491577374d78909e02cfdc1f3460e97ec.udd" 4114
"C:/Users/User/AppData/Local/UnrealEngine/Common/DerivedDataCache/Buckets/LegacyChaosGeometryData/23/8d/d528323f58cd0b5027f823aada278aab7261.udd" 4115
"C:/Users/User/AppData/Local/UnrealEngine/Common/DerivedDataCache/Buckets/LegacyCARD/05/a4/a0bf2e0a15816fd793d754a090dce0780d60.udd" 4116
"C:/Users/User/AppData/Local/UnrealEngine/Common/DerivedDataCache/Buckets/LegacyNavCollision/d6/ec/e4b77a0cb00add9d856732680cb0a4fb8c81.udd" 4117
"C:/Users/User/AppData/Local/UnrealEngine/Common/DerivedDataCache/Buckets/LegacyDIST/1c/3a/b4eb86349c616e18ce5284ce25f88873e8d9.udd" 4118
"C:/Users/User/AppData/Local/UnrealEngine/Common/DerivedDataCache/Buckets/LegacyCARD/f8/9e/82b49a771ec6959d26b131458013d7b3bb4d.udd" 4119
"C:/Users/User/AppData/Local/UnrealEngine/Common/DerivedDataCache/Buckets/LegacyNavCollision/13/ac/6a6ddedaaa2d6a602388b1fb483d3e8c57f7.udd" 4120
"C:/Users/User/AppData/Local/UnrealEngine/Common/DerivedDataCache/Buckets/LegacyCARD/7e/07/822a3fd7a216707065b4bb2197e826a99c1c.udd" 4121
"C:/Users/User/AppData/Local/UnrealEngine/Common/DerivedDataCache/Buckets/LegacyNavCollision/c3/64/6ebb8db3c8c731adb14c56277d2bbdb6ba19.udd" 4122
"C:/Users/User/AppData/Local/UnrealEngine/Common/DerivedDataCache/Buckets/StaticMesh/e6/eb/37f885b72dd26bc3563ded2e80b8221a917a.udd" 4123
"C:/Users/User/AppData/Local/UnrealEngine/Common/DerivedDataCache/Buckets/LegacyNavCollision/16/58/0475eb544f4ca6c68f535bc0dfa56638c348.udd" 4124
"C:/Users/User/AppData/Local/UnrealEngine/Common/DerivedDataCache/Buckets/StaticMesh/b5/95/6bb1c2b0609046605e9b921908f8da58a2d4.udd" 4125
"C:/Users/User/AppData/Local/UnrealEngine/Common/DerivedDataCache/Buckets/LegacyDIST/88/97/52dd8a298d517c433b79da689b51cf98b098.udd" 4126
"C:/Users/User/AppData/Local/UnrealEngine/Common/DerivedDataCache/Buckets/LegacyChaosGeometryData/12/29/f0bb7ca2fda158fb800f96f78d6fc0f1dfb4.udd" 4127
"C:/Users/User/AppData/Local/UnrealEngine/Common/DerivedDataCache/Buckets/LegacyChaosGeometryData/ec/3d/cf6e628b45852a2bd93c4d4793a5a9e6403b.udd" 4128
"C:/Users/User/AppData/Local/UnrealEngine/Common/DerivedDataCache/Buckets/StaticMesh/b6/3f/4c7f7761553eb11ac1610e3641d87c9d6af4.udd" 4129
"C:/Users/User/AppData/Local/UnrealEngine/Common/DerivedDataCache/Buckets/LegacyCARD/e5/03/10dc0d63dfc3b440eabb1d1c6278a01677fb.udd" 4130
"C:/Users/User/AppData/Local/UnrealEngine/Common/DerivedDataCache/Buckets/StaticMesh/f8/1e/b24ff51b0182211d0d35547537bb564d38be.udd" 4131
"C:/Users/User/AppData/Local/UnrealEngine/Common/DerivedDataCache/Buckets/LegacyDIST/5c/99/e12a7d4ca270f52869d2fede45ff6f30e831.udd" 4132
"C:/Users/User/AppData/Local/UnrealEngine/Common/DerivedDataCache/Buckets/LegacyChaosGeometryData/41/a1/97d496eee1f14f38eba957a811524c81f948.udd" 4133
"C:/Users/User/AppData/Local/UnrealEngine/Common/DerivedDataCache/Buckets/LegacyCARD/9a/16/b77f22d761a84c19c89bf717e0ac714a287a.udd" 4134
"C:/Users/User/AppData/Local/UnrealEngine/Common/DerivedDataCache/Buckets/LegacyNavCollision/35/ab/86575bb6cb0b85f7b8888fb5b0b6d7d40de7.udd" 4135
"C:/Users/User/AppData/Local/UnrealEngine/Common/DerivedDataCache/Buckets/LegacyDIST/4c/c3/d1160f9b1213502aa250c23862e3864401de.udd" 4136
"C:/Users/User/AppData/Local/UnrealEngine/Common/DerivedDataCache/Buckets/LegacyNavCollision/be/f7/0057eb6294d58c2bfe77b1ba707b8a3dbad8.udd" 4137
"C:/Users/User/AppData/Local/UnrealEngine/Common/DerivedDataCache/Buckets/StaticMesh/00/77/9e13111de2d8cef70f6cf1a38b66f6dc68f6.udd" 4138
"C:/Users/User/AppData/Local/UnrealEngine/Common/DerivedDataCache/Buckets/LegacyNavCollision/97/7b/7ec3e23970d2366930c2a914e7a175331daa.udd" 4139
"C:/Users/User/AppData/Local/UnrealEngine/Common/DerivedDataCache/Buckets/LegacyCARD/ea/49/0b4fd5b3ad805a6723a34839c42189007d7f.udd" 4140
"C:/Users/User/AppData/Local/UnrealEngine/Common/DerivedDataCache/Buckets/StaticMesh/97/ed/51e14d01783c96a6098f996a333bfd213596.udd" 4141
"C:/Users/User/AppData/Local/UnrealEngine/Common/DerivedDataCache/Buckets/StaticMesh/2d/ad/33cac5bb1b14cca2c544705aaa73edaf6c65.udd" 4142
"C:/Users/User/AppData/Local/UnrealEngine/Common/DerivedDataCache/Buckets/LegacyDIST/46/e8/def7ede7a8f7d9e167b7fb6ef14d45912734.udd" 4143
"C:/Users/User/AppData/Local/UnrealEngine/Common/DerivedDataCache/Buckets/LegacyChaosGeometryData/15/25/02c10bc8ff47c39c479dc16162117ac80f22.udd" 4144
"C:/Users/User/AppData/Local/UnrealEngine/Common/DerivedDataCache/Buckets/LegacyCARD/6e/cd/54836d998703614e109ddd03c70ea1b52eb5.udd" 4145
"C:/Users/User/AppData/Local/UnrealEngine/Common/DerivedDataCache/Buckets/LegacyDIST/8a/4e/4e3c3b7291720b9d64d8b728cef5fcd6c3fe.udd" 4146
"C:/Users/User/AppData/Local/UnrealEngine/Common/DerivedDataCache/Buckets/LegacyDIST/8e/a2/013fda14fa09ac77b65f9751e5a13698ad87.udd" 4147
"C:/Users/User/AppData/Local/UnrealEngine/Common/DerivedDataCache/Buckets/LegacyChaosGeometryData/c2/f0/867019d6ef666002cd35d1d91302ce727c4e.udd" 4148
"C:/Users/User/AppData/Local/UnrealEngine/Common/DerivedDataCache/Buckets/LegacyDIST/b3/1f/81d8a923972437aa0d4125a13d7eb425e69d.udd" 4149
"C:/Users/User/AppData/Local/UnrealEngine/Common/DerivedDataCache/Buckets/LegacyCARD/0f/db/05d5281d33a2bd4935ea0098749d650ba10d.udd" 4150
"C:/Users/User/AppData/Local/UnrealEngine/Common/DerivedDataCache/Buckets/LegacyCARD/99/24/b1912c3eb355df0aac645a5a760714faea46.udd" 4151
"C:/Users/User/AppData/Local/UnrealEngine/Common/DerivedDataCache/Buckets/LegacyDIST/eb/4c/65acf2a6e21e73c2aecbd4190e8b380f9e91.udd" 4152
"C:/Users/User/AppData/Local/UnrealEngine/Common/DerivedDataCache/Buckets/LegacyCARD/ba/84/1e03e49d42752fc10b7f79b103cd41f19c65.udd" 4153
"C:/Users/User/AppData/Local/UnrealEngine/Common/DerivedDataCache/Buckets/LegacyDIST/d1/6c/9cfa5bb20fd0275afd11a08ef1eedca04187.udd" 4154
"C:/Users/User/AppData/Local/UnrealEngine/Common/DerivedDataCache/Buckets/LegacyNavCollision/01/ec/9158ee8eef4e03ebcb94e4e7457ad5996202.udd" 4155
"C:/Users/User/AppData/Local/UnrealEngine/Common/DerivedDataCache/Buckets/LegacyDIST/56/66/b171921b4303de96143e55fdd46fb55a5197.udd" 4156
"C:/Users/User/AppData/Local/UnrealEngine/Common/DerivedDataCache/Buckets/LegacyChaosGeometryData/81/c0/4f0b77c4e076d7ab172eb004ef089283a12d.udd" 4157
"C:/Users/User/AppData/Local/UnrealEngine/Common/DerivedDataCache/Buckets/LegacyCARD/ef/31/1d643b9ca20d5a9e9597261bdbc053f8ee12.udd" 4158
"C:/Users/User/AppData/Local/UnrealEngine/Common/DerivedDataCache/Buckets/LegacyNavCollision/5c/fe/bdfb3d282fc771c2fcf493ff59b686b3eb0b.udd" 4159
"C:/Users/User/AppData/Local/UnrealEngine/Common/DerivedDataCache/Buckets/LegacyCARD/ae/f4/6f73087b23bcff9ec7db1ffb751f6c8c5432.udd" 4160
"C:/Users/User/AppData/Local/UnrealEngine/Common/DerivedDataCache/Buckets/StaticMesh/ae/bf/95f0a165f0826b3e0bb9baba8389cb92c2ff.udd" 4161
"C:/Users/User/AppData/Local/UnrealEngine/Common/DerivedDataCache/Buckets/LegacyChaosGeometryData/09/62/b5f22cda89535faf605f890eddec3e33c2a2.udd" 4162
"C:/Users/User/AppData/Local/UnrealEngine/Common/DerivedDataCache/Buckets/LegacyCARD/58/1a/f874e7dc4b2c9c4cd162933bc606fe7e9d66.udd" 4163
"C:/Users/User/AppData/Local/UnrealEngine/Common/DerivedDataCache/Buckets/StaticMesh/e9/30/1631b63ac4dd00e9f2778c9719018259c488.udd" 4164
"C:/Users/User/AppData/Local/UnrealEngine/Common/DerivedDataCache/Buckets/LegacyChaosGeometryData/57/38/d1a79a93b182e06b5ae044cec55cfec58ce9.udd" 4165
"C:/Users/User/AppData/Local/UnrealEngine/Common/DerivedDataCache/Buckets/LegacyNavCollision/86/37/9b02bd6817a0f754b1a29ef5f05f6cdc21b1.udd" 4166
"C:/Users/User/AppData/Local/UnrealEngine/Common/DerivedDataCache/Buckets/LegacyChaosGeometryData/9e/84/f863739eb9846085fbd7cba6349b74723af8.udd" 4167
"C:/Users/User/AppData/Local/UnrealEngine/Common/DerivedDataCache/Buckets/StaticMesh/ab/e1/27fa6ed99069338404720d6b7690ae74cf1f.udd" 4168
"C:/Users/User/AppData/Local/UnrealEngine/Common/DerivedDataCache/Buckets/LegacyDIST/bb/a4/33e4efe952cbb59c82c918acb8b87481fac3.udd" 4169
"C:/Users/User/AppData/Local/UnrealEngine/Common/DerivedDataCache/Buckets/LegacyCARD/b4/06/59d4faea0a95da2b889b9cfaf8d890d42c14.udd" 4170
"C:/Users/User/AppData/Local/UnrealEngine/Common/DerivedDataCache/Buckets/LegacyNavCollision/a0/33/6132422933b58e8b110dfa7c58f7a3c714c1.udd" 4171
"C:/Users/User/AppData/Local/UnrealEngine/Common/DerivedDataCache/Buckets/LegacyChaosGeometryData/d5/1b/de8e7f4af7c908074601a1f3d2de955df1f8.udd" 4172
"C:/Users/User/AppData/Local/UnrealEngine/Common/DerivedDataCache/Buckets/StaticMesh/0b/f5/bf5430307b71b16fd950260455764a03eefc.udd" 4173
"C:/Users/User/AppData/Local/UnrealEngine/Common/DerivedDataCache/Buckets/LegacyNavCollision/c3/3e/69af7e94691c8799e18236a26c16542c80a4.udd" 4174
"C:/Users/User/AppData/Local/UnrealEngine/Common/DerivedDataCache/Buckets/LegacyDIST/29/68/4380af96cc3a733df7213f5c990f70cc055c.udd" 4175
"C:/Users/User/AppData/Local/UnrealEngine/Common/DerivedDataCache/Buckets/LegacyNavCollision/f6/f4/28dd6eec3aa88deaa0f3ddfcb4fbdd5dbd82.udd" 4176
"C:/Users/User/AppData/Local/UnrealEngine/Common/DerivedDataCache/Buckets/LegacyNavCollision/2f/6e/b8e0a9e8fb2e93e02adcd833b1cf94943a0d.udd" 4177
"C:/Users/User/AppData/Local/UnrealEngine/Common/DerivedDataCache/Buckets/LegacyCARD/4d/12/7bdabd14ecfec7e47d3abb880822dd8fecdf.udd" 4178
"C:/Users/User/AppData/Local/UnrealEngine/Common/DerivedDataCache/Buckets/LegacyDIST/89/82/dcc5932cdbe3e90ba077ee257a3290341c1d.udd" 4179
"C:/Users/User/AppData/Local/UnrealEngine/Common/DerivedDataCache/Buckets/StaticMesh/0f/7f/f974b0be5a2b9ae39a9937ed54b5e510b342.udd" 4180
"C:/Users/User/AppData/Local/UnrealEngine/Common/DerivedDataCache/Buckets/StaticMesh/63/d3/7b9a9c6a69e0b151f5e1af24ded9ea097bc3.udd" 4181
"C:/Users/User/AppData/Local/UnrealEngine/Common/DerivedDataCache/Buckets/StaticMesh/32/58/aa3a12e1906513f54d9740ee39a729d28332.udd" 4182
"C:/Users/User/AppData/Local/UnrealEngine/Common/DerivedDataCache/Buckets/LegacyChaosGeometryData/c5/e7/8efc0354d25371d517d1852e2f0055573a01.udd" 4183
"C:/Users/User/AppData/Local/UnrealEngine/Common/DerivedDataCache/Buckets/LegacyCARD/22/7c/76c4b7f74377c2dacb6e22768b457d6b31b8.udd" 4184
"C:/Users/User/AppData/Local/UnrealEngine/Common/DerivedDataCache/Buckets/LegacyNavCollision/09/ab/a2e0166a33a4bd7b16bcace7271dbfc68067.udd" 4185
"C:/Users/User/AppData/Local/UnrealEngine/Common/DerivedDataCache/Buckets/LegacyNavCollision/69/79/b15f91ba8752d2ee0739aeeb31b2bad63bd3.udd" 4186
"C:/Users/User/AppData/Local/UnrealEngine/Common/DerivedDataCache/Buckets/LegacyChaosGeometryData/58/36/c47bc01136137c952dc2aa0bfbbb70a63bc4.udd" 4187
"C:/Users/User/AppData/Local/UnrealEngine/Common/DerivedDataCache/Buckets/LegacyNavCollision/a6/c3/9d0f98b55a6ece6ed8f32debb407eac78a3f.udd" 4188
"C:/Users/User/AppData/Local/UnrealEngine/Common/DerivedDataCache/Buckets/LegacyNavCollision/a6/55/4a4788c622016e01395b805ee9b2f364db8e.udd" 4189
"C:/Users/User/AppData/Local/UnrealEngine/Common/DerivedDataCache/Buckets/StaticMesh/5d/9b/e29c882b55e8c4a7f30a38e1e9da68de407b.udd" 4190
"C:/Users/User/AppData/Local/UnrealEngine/Common/DerivedDataCache/Buckets/StaticMesh/34/1d/730033d0e0829ef48a483820f63b0487527a.udd" 4191
"C:/Users/User/AppData/Local/UnrealEngine/Common/DerivedDataCache/Buckets/StaticMesh/22/0a/12af9d90c28243eff64c3ee7bcbf28b0e34c.udd" 4192
"C:/Users/User/AppData/Local/UnrealEngine/Common/DerivedDataCache/Buckets/StaticMesh/08/c6/6376b1d7c6d8a7359828362f7f86ffbd379e.udd" 4193
"C:/Users/User/AppData/Local/UnrealEngine/Common/DerivedDataCache/Buckets/LegacyNavCollision/a8/4d/cab00acf79b6f2b10379265fb027b60d60b3.udd" 4194
"C:/Users/User/AppData/Local/UnrealEngine/Common/DerivedDataCache/Buckets/LegacyDIST/55/69/2e3c7c3755261fda596ceffd519cefc84900.udd" 4195
"C:/Users/User/AppData/Local/UnrealEngine/Common/DerivedDataCache/Buckets/LegacyNavCollision/67/ff/60cc54a526facd3f2beb9349d51e2bf4c379.udd" 4196
"C:/Users/User/AppData/Local/UnrealEngine/Common/DerivedDataCache/Buckets/LegacyDIST/c9/8f/992b1e64612468a5b7401cd206ac487fdc83.udd" 4197
"C:/Users/User/AppData/Local/UnrealEngine/Common/DerivedDataCache/Buckets/LegacyCARD/ce/69/5d8ece2f6eaf03e2594b7dc9e4d2434223c6.udd" 4198
"C:/Users/User/AppData/Local/UnrealEngine/Common/DerivedDataCache/Buckets/StaticMesh/6f/80/2f25d2f8faa24c6e3db80b6664cf61106add.udd" 4199
"C:/Users/User/AppData/Local/UnrealEngine/Common/DerivedDataCache/Buckets/LegacyCARD/0b/9d/09c14179a9855b5ebe9b5762ce22be0ac1ca.udd" 4200
"C:/Users/User/AppData/Local/UnrealEngine/Common/DerivedDataCache/Buckets/StaticMesh/f3/dc/0c30e1112d65990e79280b269ca2f505caef.udd" 4201
"C:/Users/User/AppData/Local/UnrealEngine/Common/DerivedDataCache/Buckets/LegacyChaosGeometryData/49/1b/16910db090a7c013396417e137be856e41a6.udd" 4202
"C:/Users/User/AppData/Local/UnrealEngine/Common/DerivedDataCache/Buckets/LegacyNavCollision/ec/d5/d9fa36797466fd5414ad6e6c4ed2aeb4fdde.udd" 4203
"C:/Users/User/AppData/Local/UnrealEngine/Common/DerivedDataCache/Buckets/LegacyNavCollision/13/05/10e0d3fdf33f0e66d1e571c0640515ca8e61.udd" 4204
"C:/Users/User/AppData/Local/UnrealEngine/Common/DerivedDataCache/Buckets/LegacyDIST/34/3c/4af227e27688a9b9d792b174f5121fce0fa7.udd" 4205
"C:/Users/User/AppData/Local/UnrealEngine/Common/DerivedDataCache/Buckets/LegacyDIST/21/ad/d32bad47aa4af5c4a0c6f5929a94c4c93470.udd" 4206
"C:/Users/User/AppData/Local/UnrealEngine/Common/DerivedDataCache/Buckets/StaticMesh/ad/6f/4a1c39922a52f2e78a26046678ee9741344e.udd" 4207
"C:/Users/User/AppData/Local/UnrealEngine/Common/DerivedDataCache/Buckets/LegacyCARD/b0/ed/5c698799f4092bc41397e8d226bdf6be5f4a.udd" 4208
"C:/Users/User/AppData/Local/UnrealEngine/Common/DerivedDataCache/Buckets/StaticMesh/eb/47/54c05f98d1e4e6de9c925081fea4a5c2f2fd.udd" 4209
"C:/Users/User/AppData/Local/UnrealEngine/Common/DerivedDataCache/Buckets/LegacyCARD/ae/4d/501210abdead130a3a82f94861e6861f953d.udd" 4210
"C:/Users/User/AppData/Local/UnrealEngine/Common/DerivedDataCache/Buckets/LegacyDIST/7e/ac/93272ff07506f65d84d2c539efe5f95eec52.udd" 4211
"C:/Users/User/AppData/Local/UnrealEngine/Common/DerivedDataCache/Buckets/LegacyChaosGeometryData/d5/22/ab740ca0b82ba10a20300828e74296d1dcd6.udd" 4212
"C:/Users/User/AppData/Local/UnrealEngine/Common/DerivedDataCache/Buckets/LegacyChaosGeometryData/ae/1a/1ac9371d2b257b652239f40c2d3bd6a59fde.udd" 4213
"C:/Users/User/AppData/Local/UnrealEngine/Common/DerivedDataCache/Buckets/LegacyCARD/1b/fd/d5bcb1bb6548f77bd5b42fbde5af07f26652.udd" 4214
"C:/Users/User/AppData/Local/UnrealEngine/Common/DerivedDataCache/Buckets/LegacyDIST/3a/87/2be8f76a0a7dbf7b9502a86c89906e1706de.udd" 4215
"C:/Users/User/AppData/Local/UnrealEngine/Common/DerivedDataCache/Buckets/LegacyDIST/a1/3d/b0bd86d3338512a62fca13358bb6c59a3757.udd" 4216
"C:/Users/User/AppData/Local/UnrealEngine/Common/DerivedDataCache/Buckets/LegacyCARD/59/ff/d0ae2740aaccd4c577f63a25c801d8e1d0bf.udd" 4217
"C:/Users/User/AppData/Local/UnrealEngine/Common/DerivedDataCache/Buckets/LegacyChaosGeometryData/b0/d2/7d6f4e7aca6997a56199a4242350d397a406.udd" 4218
"C:/Users/User/AppData/Local/UnrealEngine/Common/DerivedDataCache/Buckets/LegacyCARD/f9/47/61f1c56afd3b8ff06086f7b25fb067f6a868.udd" 4219
"C:/Users/User/AppData/Local/UnrealEngine/Common/DerivedDataCache/Buckets/LegacyDIST/89/50/74465b6fa820a1a91914a98fbf65794c029b.udd" 4220
"C:/Users/User/AppData/Local/UnrealEngine/Common/DerivedDataCache/Buckets/LegacyChaosGeometryData/cf/9a/4bc249e397d2456ae18ca248120e0eb06334.udd" 4221
"C:/Users/User/AppData/Local/UnrealEngine/Common/DerivedDataCache/Buckets/LegacyNavCollision/e6/69/52a94f63b3dfd2fb33b4d9063a7f74dcf7cc.udd" 4222
"C:/Users/User/AppData/Local/UnrealEngine/Common/DerivedDataCache/Buckets/LegacyCARD/06/e0/18aedbae0e0faebe329b592bc5aca1ff5978.udd" 4223
"C:/Users/User/AppData/Local/UnrealEngine/Common/DerivedDataCache/Buckets/LegacyDIST/e2/a3/dd336f6f02e3f0ffc58c0f6095e816d4f7da.udd" 4224
"C:/Users/User/AppData/Local/UnrealEngine/Common/DerivedDataCache/Buckets/LegacyChaosGeometryData/1f/ec/b4e5037bd082335935307cbc5da8d92ee9e0.udd" 4225
"C:/Users/User/AppData/Local/UnrealEngine/Common/DerivedDataCache/Buckets/LegacyDIST/5f/c3/2165a25dc0eb288176678badb77ebd8681fd.udd" 4226
"C:/Users/User/AppData/Local/UnrealEngine/Common/DerivedDataCache/Buckets/LegacyNavCollision/ae/c8/021fc8f1f1d02c7b9a61fa63716d20d2061e.udd" 4227
"C:/Users/User/AppData/Local/UnrealEngine/Common/DerivedDataCache/Buckets/StaticMesh/27/79/6734d12ad469fbacd1700ed60d065ca458a3.udd" 4228
"C:/Users/User/AppData/Local/UnrealEngine/Common/DerivedDataCache/Buckets/LegacyCARD/06/71/83b3b1e0b3b6bcd4570fc8f17e929852665c.udd" 4229
"C:/Users/User/AppData/Local/UnrealEngine/Common/DerivedDataCache/Buckets/LegacyDIST/f0/75/7c62f0861ab563eb318ea36abe7acd12ae80.udd" 4230
"C:/Users/User/AppData/Local/UnrealEngine/Common/DerivedDataCache/Buckets/StaticMesh/b7/93/a79a7bcc5aad84d3671159013633a8c4bcbc.udd" 4231
"C:/Users/User/AppData/Local/UnrealEngine/Common/DerivedDataCache/Buckets/LegacyCARD/77/9d/8ce3391305c623259cd7a9cd8a77b6eb6542.udd" 4232
"C:/Users/User/AppData/Local/UnrealEngine/Common/DerivedDataCache/Buckets/LegacyCARD/84/4e/31f96d49f9b7accfbb0b6ce1a0fec98d5d34.udd" 4233
"C:/Users/User/AppData/Local/UnrealEngine/Common/DerivedDataCache/Buckets/LegacyChaosGeometryData/90/3a/4d1256e53f034731df3fbcecb29891fd7fb9.udd" 4234
"C:/Users/User/AppData/Local/UnrealEngine/Common/DerivedDataCache/Buckets/LegacyNavCollision/e8/45/3346ca10ac6431af15110c7071530193ddae.udd" 4235
"C:/Users/User/AppData/Local/UnrealEngine/Common/DerivedDataCache/Buckets/LegacyChaosGeometryData/d3/d5/5a2a393ff9f6cfe098920058a4b9c8d0cd91.udd" 4236
"C:/Users/User/AppData/Local/UnrealEngine/Common/DerivedDataCache/Buckets/LegacyChaosGeometryData/16/a2/381ca7c54c036dc39a80f784ae91e36b50f1.udd" 4237
"C:/Users/User/AppData/Local/UnrealEngine/Common/DerivedDataCache/Buckets/LegacyDIST/bb/03/ec011eb49625b5f13d4a709106620e7f6895.udd" 4238
"C:/Users/User/AppData/Local/UnrealEngine/Common/DerivedDataCache/Buckets/StaticMesh/5a/2a/4c1432b5987b7a5fef610392266db2e2b78d.udd" 4239
"C:/Users/User/AppData/Local/UnrealEngine/Common/DerivedDataCache/Buckets/LegacyNavCollision/7d/bd/8a6dd1747434f0450042e08ed5c98f149318.udd" 4240
"C:/Users/User/AppData/Local/UnrealEngine/Common/DerivedDataCache/Buckets/LegacyCARD/f5/24/1e3804ec224d407dbfa520e1cb1c63a73397.udd" 4241
"C:/Users/User/AppData/Local/UnrealEngine/Common/DerivedDataCache/Buckets/StaticMesh/1b/5e/0c5c3360608a7efa5c49934930bdd05d8ef8.udd" 4242
"C:/Users/User/AppData/Local/UnrealEngine/Common/DerivedDataCache/Buckets/LegacyChaosGeometryData/d8/96/d3129220dace5118ddb1eaf6d5e83b722a1a.udd" 4243
"C:/Users/User/AppData/Local/UnrealEngine/Common/DerivedDataCache/Buckets/LegacyNavCollision/64/6a/4f842b3a0eccf43e2dde8c2e13569027979f.udd" 4244
"C:/Users/User/AppData/Local/UnrealEngine/Common/DerivedDataCache/Buckets/StaticMesh/74/03/2351bb6ff4f0cfe10cf4d3e1af52b445769f.udd" 4245
"C:/Users/User/AppData/Local/UnrealEngine/Common/DerivedDataCache/Buckets/LegacyDIST/75/85/c6541a3279f7d65233258cbd55fc82afd58b.udd" 4246
"C:/Users/User/AppData/Local/UnrealEngine/Common/DerivedDataCache/Buckets/LegacyCARD/06/48/67f3574b406d99dc9e4aa33b2a262bcc2c51.udd" 4247
"C:/Users/User/AppData/Local/UnrealEngine/Common/DerivedDataCache/Buckets/LegacyDIST/c1/56/806cd89da3435cc2234832dff9d4326ca32b.udd" 4248
"C:/Users/User/AppData/Local/UnrealEngine/Common/DerivedDataCache/Buckets/LegacyChaosGeometryData/e5/6b/b58d2a6aa4c3e93c0729834a06a204be7cbf.udd" 4249
"C:/Users/User/AppData/Local/UnrealEngine/Common/DerivedDataCache/Buckets/LegacyNavCollision/14/45/4a2af066606c3492a4ac5788df91d0ebde89.udd" 4250
"C:/Users/User/AppData/Local/UnrealEngine/Common/DerivedDataCache/Buckets/LegacyCARD/f4/42/d9b5a5f8616300db7716739319ef6be351e7.udd" 4251
"C:/Users/User/AppData/Local/UnrealEngine/Common/DerivedDataCache/Buckets/LegacyNavCollision/1a/45/eddfc44631f38c481d41c28756d43862b901.udd" 4252
"C:/Users/User/AppData/Local/UnrealEngine/Common/DerivedDataCache/Buckets/LegacyNavCollision/75/fe/3cd02def027f9dbf0be904be8862fc103bed.udd" 4253
"C:/Users/User/AppData/Local/UnrealEngine/Common/DerivedDataCache/Buckets/LegacyNavCollision/30/0b/7e78636d395905cd181860f211b0624dd746.udd" 4254
"C:/Users/User/AppData/Local/UnrealEngine/Common/DerivedDataCache/Buckets/StaticMesh/ec/1c/572b2674a49a43dfb1226d016b1fb3e83f88.udd" 4255
"C:/Users/User/AppData/Local/UnrealEngine/Common/DerivedDataCache/Buckets/LegacyChaosGeometryData/75/a9/b789c64ed87dace20a331030992a1e5f2b81.udd" 4256
"C:/Users/User/AppData/Local/UnrealEngine/Common/DerivedDataCache/Buckets/LegacyNavCollision/b6/5b/ef96eddb45ea1a7d717178e263738e0e288a.udd" 4257
"C:/Users/User/AppData/Local/UnrealEngine/Common/DerivedDataCache/Buckets/StaticMesh/30/b2/f0e0dbf7c0b17ea61f314354b7c930b5ab92.udd" 4258
"C:/Users/User/AppData/Local/UnrealEngine/Common/DerivedDataCache/Buckets/StaticMesh/1a/a0/ab1eb1647ed8a26f9b030ef4176788e61bf2.udd" 4259
"C:/Users/User/AppData/Local/UnrealEngine/Common/DerivedDataCache/Buckets/StaticMesh/30/34/8b896771eb0f234f5eb5eea7dc7e177f59d1.udd" 4260
"C:/Users/User/AppData/Local/UnrealEngine/Common/DerivedDataCache/Buckets/StaticMesh/5c/63/edd02870a79d5ac98620281468702c6717e9.udd" 4261
"C:/Users/User/AppData/Local/UnrealEngine/Common/DerivedDataCache/Buckets/LegacyDIST/a6/db/ea60f9687f89e5e007fea7b5c034c43a6241.udd" 4262
"C:/Users/User/AppData/Local/UnrealEngine/Common/DerivedDataCache/Buckets/LegacyNavCollision/7f/ad/45db338f10703fe5b6e92b30e59a628010f7.udd" 4263
"C:/Users/User/AppData/Local/UnrealEngine/Common/DerivedDataCache/Buckets/LegacyCARD/4d/27/9666176416bb434af57094646c3b75417201.udd" 4264
"C:/Users/User/AppData/Local/UnrealEngine/Common/DerivedDataCache/Buckets/LegacyDIST/9c/ff/f957103548fc3be562e6310941c88d6c2746.udd" 4265
"C:/Users/User/AppData/Local/UnrealEngine/Common/DerivedDataCache/Buckets/LegacyDIST/b1/bc/3b6cc7be8f9164266d549eccb2a2b69e93ba.udd" 4266
"C:/Users/User/AppData/Local/UnrealEngine/Common/DerivedDataCache/Buckets/LegacyCARD/5d/0f/428271d9a275f201ea5b387cc28d7355d8ae.udd" 4267
"C:/Users/User/AppData/Local/UnrealEngine/Common/DerivedDataCache/Buckets/LegacyChaosGeometryData/66/33/bb1bfc3f7d1c61ee99bd44f3f975c407e645.udd" 4268
"C:/Users/User/AppData/Local/UnrealEngine/Common/DerivedDataCache/Buckets/StaticMesh/ec/3f/2ed8a69fb5331cce2a9be40adbdfeac4cff3.udd" 4269
"C:/Users/User/AppData/Local/UnrealEngine/Common/DerivedDataCache/Buckets/LegacyCARD/8f/e3/03695b68ee2c70e9465e5458f4591f257f6b.udd" 4270
"C:/Users/User/AppData/Local/UnrealEngine/Common/DerivedDataCache/Buckets/LegacyChaosGeometryData/64/80/00e94ae53e8952e6aceb9186f06e4791c610.udd" 4271
"C:/Users/User/AppData/Local/UnrealEngine/Common/DerivedDataCache/Buckets/LegacyNavCollision/66/43/84b95450622e5a6da7c0113c6e30b53d6602.udd" 4272
"C:/Users/User/AppData/Local/UnrealEngine/Common/DerivedDataCache/Buckets/LegacyDIST/6d/ff/e88de3780f1f77b1141904c91fdc5dba151c.udd" 4273
"C:/Users/User/AppData/Local/UnrealEngine/Common/DerivedDataCache/Buckets/LegacyDIST/6d/ae/b3187ea5556395221441afc3863af5ea9d01.udd" 4274
"C:/Users/User/AppData/Local/UnrealEngine/Common/DerivedDataCache/Buckets/StaticMesh/70/0b/7af604e2ea8ea333b639a37bf02640c261cd.udd" 4275
"C:/Users/User/AppData/Local/UnrealEngine/Common/DerivedDataCache/Buckets/LegacyCARD/ae/61/f523ce868bf0643250ea50a1b1140af045cb.udd" 4276
"C:/Users/User/AppData/Local/UnrealEngine/Common/DerivedDataCache/Buckets/LegacyCARD/3a/92/ef9ff449d2c5ed61562317a434335411c6c9.udd" 4277
"C:/Users/User/AppData/Local/UnrealEngine/Common/DerivedDataCache/Buckets/LegacyDIST/5c/f3/8773a81ff4a767443e84afe6683c54c3fc34.udd" 4278
"C:/Users/User/AppData/Local/UnrealEngine/Common/DerivedDataCache/Buckets/LegacyDIST/6c/08/2014ae2ed6f4bab513eb017989f7c3a80293.udd" 4279
"C:/Users/User/AppData/Local/UnrealEngine/Common/DerivedDataCache/Buckets/LegacyNavCollision/c0/bf/1c9edf6fb735802cff4f90c058f346734819.udd" 4280
"C:/Users/User/AppData/Local/UnrealEngine/Common/DerivedDataCache/Buckets/LegacyNavCollision/8e/ab/7d15c57dcb70a2ccc98affad820e326224ff.udd" 4281
"C:/Users/User/AppData/Local/UnrealEngine/Common/DerivedDataCache/Buckets/LegacyChaosGeometryData/b6/da/24255d29ab8b1902fc18577cd422fa7944ff.udd" 4282
"C:/Users/User/AppData/Local/UnrealEngine/Common/DerivedDataCache/Buckets/LegacyCARD/78/2c/2821e5d9421dd38367b213647ce0b6b6ecb0.udd" 4283
"C:/Users/User/AppData/Local/UnrealEngine/Common/DerivedDataCache/Buckets/LegacyCARD/bd/6e/c3f533801ec39685b208c1aa4fbf8c645153.udd" 4284
"C:/Users/User/AppData/Local/UnrealEngine/Common/DerivedDataCache/Buckets/LegacyChaosGeometryData/70/98/f8c155b71b3d43364f724e00b3aab7511396.udd" 4285
"C:/Users/User/AppData/Local/UnrealEngine/Common/DerivedDataCache/Buckets/StaticMesh/a5/27/cba3b44c1386e4efa2745940ca910f210a48.udd" 4286
"C:/Users/User/AppData/Local/UnrealEngine/Common/DerivedDataCache/Buckets/StaticMesh/55/88/e4420d91c3c5e95424c4c2e8a8ee3029ae7f.udd" 4287
"C:/Users/User/AppData/Local/UnrealEngine/Common/DerivedDataCache/Buckets/LegacyChaosGeometryData/cc/fc/20892f098ea0ce2ab2d76501721e95286524.udd" 4288
"C:/Users/User/AppData/Local/UnrealEngine/Common/DerivedDataCache/Buckets/LegacyChaosGeometryData/68/b0/a4c34ec94964dd4406f4bf93cdd7887a5ffa.udd" 4289
"C:/Users/User/AppData/Local/UnrealEngine/Common/DerivedDataCache/Buckets/LegacyNavCollision/16/7f/2985a570afb303c00b623b1d4453e6c7d419.udd" 4290
"C:/Users/User/AppData/Local/UnrealEngine/Common/DerivedDataCache/Buckets/StaticMesh/fb/96/38aedc7aab1bcab290bdd0a2a71a7b9fa2ec.udd" 4291
"C:/Users/User/AppData/Local/UnrealEngine/Common/DerivedDataCache/Buckets/LegacyNavCollision/c0/f5/af5e2476e54df710af5bf90f91faea12a9d4.udd" 4292
"C:/Users/User/AppData/Local/UnrealEngine/Common/DerivedDataCache/Buckets/LegacyNavCollision/79/ed/cc21e123d05ed4da808a8f5279b013a1dcb4.udd" 4293
"C:/Users/User/AppData/Local/UnrealEngine/Common/DerivedDataCache/Buckets/LegacyDIST/1f/ea/4902e76dc14a76f38126ae39e25d35f420c2.udd" 4294
"C:/Users/User/AppData/Local/UnrealEngine/Common/DerivedDataCache/Buckets/StaticMesh/c1/dc/7b02e9c9b3d8d11d822a1887d072ccf64c73.udd" 4295
"C:/Users/User/AppData/Local/UnrealEngine/Common/DerivedDataCache/Buckets/StaticMesh/ae/44/bcb35cd255e7689c32adf3ee531bea6d55cf.udd" 4296
"C:/Users/User/AppData/Local/UnrealEngine/Common/DerivedDataCache/Buckets/LegacyDIST/40/bb/3b5a3dde23a892ea9d32c72e9d5e18f130eb.udd" 4297
"C:/Users/User/AppData/Local/UnrealEngine/Common/DerivedDataCache/Buckets/LegacyCARD/da/af/dd3d21fba0ac35aa1e9721677dbc1f451984.udd" 4298
"C:/Users/User/AppData/Local/UnrealEngine/Common/DerivedDataCache/Buckets/LegacyCARD/be/95/12962ac3e7da3de69c9c8c01b823534be93a.udd" 4299
"C:/Users/User/AppData/Local/UnrealEngine/Common/DerivedDataCache/Buckets/LegacyChaosGeometryData/68/36/1cb2eb6cf374b7e7cd03be6a5c946e447ff3.udd" 4300
"C:/Users/User/AppData/Local/UnrealEngine/Common/DerivedDataCache/Buckets/LegacyDIST/09/40/46bfaf2b5e57de5ebf740634571ce3c0489a.udd" 4301
"C:/Users/User/AppData/Local/UnrealEngine/Common/DerivedDataCache/Buckets/LegacyChaosGeometryData/c0/82/505e3166bb8b57783aaad48bc38a436dff91.udd" 4302
"C:/Users/User/AppData/Local/UnrealEngine/Common/DerivedDataCache/Buckets/LegacyDIST/55/d9/c213796fe5dfb76f1f12712cc866ef0a4ed4.udd" 4303
"C:/Users/User/AppData/Local/UnrealEngine/Common/DerivedDataCache/Buckets/LegacyNavCollision/08/a0/4ef64016ece2effd342c1fd0e10aed26d3f3.udd" 4304
"C:/Users/User/AppData/Local/UnrealEngine/Common/DerivedDataCache/Buckets/LegacyCARD/b7/67/2de58d1d3d7dfe1bcfa2ff69fcde77745c9f.udd" 4305
"C:/Users/User/AppData/Local/UnrealEngine/Common/DerivedDataCache/Buckets/LegacyDIST/b1/89/e29a074514dd6da625d91eac4cdf1b0b53a9.udd" 4306
"C:/Users/User/AppData/Local/UnrealEngine/Common/DerivedDataCache/Buckets/LegacyCARD/41/55/5f9c8a058d03654de408680ded66ecd63405.udd" 4307
"C:/Users/User/AppData/Local/UnrealEngine/Common/DerivedDataCache/Buckets/StaticMesh/85/06/514c0e1504a79785150292650a02992fa3f3.udd" 4308
"C:/Users/User/AppData/Local/UnrealEngine/Common/DerivedDataCache/Buckets/LegacyChaosGeometryData/61/fe/00528997ad2ff6e64dac5c227f1af461d6f2.udd" 4309
"C:/Users/User/AppData/Local/UnrealEngine/Common/DerivedDataCache/Buckets/LegacyCARD/b8/01/56d99b4237525da191cb7abddd51d276442b.udd" 4310
"C:/Users/User/AppData/Local/UnrealEngine/Common/DerivedDataCache/Buckets/LegacyNavCollision/24/57/ef76b601937c6284e863d0ae96e5b2f7d34a.udd" 4311
"C:/Users/User/AppData/Local/UnrealEngine/Common/DerivedDataCache/Buckets/LegacyNavCollision/91/9a/2524b613afa77b712462ff042229a98546ff.udd" 4312
"C:/Users/User/AppData/Local/UnrealEngine/Common/DerivedDataCache/Buckets/LegacyChaosGeometryData/24/78/da895563edbae3e997a0cdb41339a60d8c55.udd" 4313
"C:/Users/User/AppData/Local/UnrealEngine/Common/DerivedDataCache/Buckets/LegacyDIST/7b/ec/4e869b2c543204f27118b012dc1753f08444.udd" 4314
"C:/Users/User/AppData/Local/UnrealEngine/Common/DerivedDataCache/Buckets/StaticMesh/f9/35/6d2017d68ec7df67cd4d10fa6ea19ed2d7f9.udd" 4315
"C:/Users/User/AppData/Local/UnrealEngine/Common/DerivedDataCache/Buckets/StaticMesh/72/56/66f123c6ba23b5bf776a3c371fbc2b9ee873.udd" 4316
"C:/Users/User/AppData/Local/UnrealEngine/Common/DerivedDataCache/Buckets/LegacyNavCollision/ab/29/0b467a3afa3b97d93f75592aa70b7ef3150c.udd" 4317
"C:/Users/User/AppData/Local/UnrealEngine/Common/DerivedDataCache/Buckets/LegacyDIST/1d/56/986a47a986aa8a37e389755c7290b6256272.udd" 4318
"C:/Users/User/AppData/Local/UnrealEngine/Common/DerivedDataCache/Buckets/LegacyCARD/88/91/86ea363d0c914205af1e117cb7fd2e21f2f3.udd" 4319
"C:/Users/User/AppData/Local/UnrealEngine/Common/DerivedDataCache/Buckets/StaticMesh/b6/c9/8601da9c7a85e64dac5804e1a7c4daa3195f.udd" 4320
"C:/Users/User/AppData/Local/UnrealEngine/Common/DerivedDataCache/Buckets/LegacyCARD/13/1d/35379d46c349c4b05337172294415c920d5b.udd" 4321
"C:/Users/User/AppData/Local/UnrealEngine/Common/DerivedDataCache/Buckets/LegacyChaosGeometryData/45/64/6e45e80725835f47901edc3db773f78686e0.udd" 4322
"C:/Users/User/AppData/Local/UnrealEngine/Common/DerivedDataCache/Buckets/LegacyNavCollision/65/86/2dd0b8f75f24977563e669a0706cd98e8ace.udd" 4323
"C:/Users/User/AppData/Local/UnrealEngine/Common/DerivedDataCache/Buckets/LegacyDIST/87/b6/5ed07468a8f49b3ceff05ccd9dc79a3efe70.udd" 4324
"C:/Users/User/AppData/Local/UnrealEngine/Common/DerivedDataCache/Buckets/LegacyChaosGeometryData/ec/40/e233863f44d62ac7f3cb0644aa32ec0f9a83.udd" 4325
"C:/Users/User/AppData/Local/UnrealEngine/Common/DerivedDataCache/Buckets/LegacyDIST/d7/ef/c51db9b8351b52a696143643e07cdf31bd81.udd" 4326
"C:/Users/User/AppData/Local/UnrealEngine/Common/DerivedDataCache/Buckets/StaticMesh/e8/97/2e9723a4848c265701771d4ef3ff6fdc34bd.udd" 4327
"C:/Users/User/AppData/Local/UnrealEngine/Common/DerivedDataCache/Buckets/LegacyCARD/25/89/4bb69592dd4044f26c42b5cb02e4d3c62125.udd" 4328
"C:/Users/User/AppData/Local/UnrealEngine/Common/DerivedDataCache/Buckets/LegacyCARD/26/c0/d59156fab324e68b1629dc1545aeee3e5356.udd" 4329
"C:/Users/User/AppData/Local/UnrealEngine/Common/DerivedDataCache/Buckets/LegacyChaosGeometryData/87/e8/6b3e40d492117e70f38fe3dc82de22cd3615.udd" 4330
"C:/Users/User/AppData/Local/UnrealEngine/Common/DerivedDataCache/Buckets/LegacyChaosGeometryData/00/6e/67a8a4f5899c65d2aeeb6abe12af5fcd836b.udd" 4331
"C:/Users/User/AppData/Local/UnrealEngine/Common/DerivedDataCache/Buckets/LegacyNavCollision/6f/85/9ecadb414c929d4bc16f8d9e10747df3e11b.udd" 4332
"C:/Users/User/AppData/Local/UnrealEngine/Common/DerivedDataCache/Buckets/LegacyNavCollision/b1/17/56227abcaf6bcc370686e41c11e4f5af0544.udd" 4333
"C:/Users/User/AppData/Local/UnrealEngine/Common/DerivedDataCache/Buckets/StaticMesh/62/fb/0211664c4ce0365a9457c5eb12886f8a58f9.udd" 4334
"C:/Users/User/AppData/Local/UnrealEngine/Common/DerivedDataCache/Buckets/StaticMesh/99/f7/0c2fe084b9ae858e8c4963852b7fe2109a6e.udd" 4335
"C:/Users/User/AppData/Local/UnrealEngine/Common/DerivedDataCache/Buckets/LegacyDIST/ea/7b/39cddf9fce6929503c4f78379fbe3481693e.udd" 4336
"C:/Users/User/AppData/Local/UnrealEngine/Common/DerivedDataCache/Buckets/LegacyNavCollision/b6/15/2691a1b51055bb9e5719596f7ca33809630e.udd" 4337
"C:/Users/User/AppData/Local/UnrealEngine/Common/DerivedDataCache/Buckets/LegacyCARD/0b/00/f9a09b35ace8dc1a57a5870f28b0ec897e0e.udd" 4338
"C:/Users/User/AppData/Local/UnrealEngine/Common/DerivedDataCache/Buckets/LegacyDIST/80/07/d92f2cc79ade92b2d5825d2db96a28b6b2c5.udd" 4339
"C:/Users/User/AppData/Local/UnrealEngine/Common/DerivedDataCache/Buckets/LegacyChaosGeometryData/a9/65/c4a626455c1ba58bd1ce9efca2d9f01439a3.udd" 4340
"C:/Users/User/AppData/Local/UnrealEngine/Common/DerivedDataCache/Buckets/LegacyDIST/9c/66/0973cb28de496f528679860a4b85a8085ab6.udd" 4341
"C:/Users/User/AppData/Local/UnrealEngine/Common/DerivedDataCache/Buckets/LegacyNavCollision/77/6b/582e7ce73fe1a77918d767f3443351b87dfe.udd" 4342
"C:/Users/User/AppData/Local/UnrealEngine/Common/DerivedDataCache/Buckets/LegacyNavCollision/2a/1e/50991f3924979c555474d7384f8712d0e80d.udd" 4343
"C:/Users/User/AppData/Local/UnrealEngine/Common/DerivedDataCache/Buckets/LegacyCARD/b4/5f/1c1e4f39904bd65e5b3dae1bc1cb62b9589b.udd" 4344
"C:/Users/User/AppData/Local/UnrealEngine/Common/DerivedDataCache/Buckets/LegacyNavCollision/17/ee/4c36108cae9e81bd4e35478f990b9b688342.udd" 4345
"C:/Users/User/AppData/Local/UnrealEngine/Common/DerivedDataCache/Buckets/LegacyCARD/34/ff/ccb5418f9047bc741aa91b11cb5acc75a61f.udd" 4346
"C:/Users/User/AppData/Local/UnrealEngine/Common/DerivedDataCache/Buckets/StaticMesh/14/06/9ed9c4b147e02670938474bc719e23ef5c58.udd" 4347
"C:/Users/User/AppData/Local/UnrealEngine/Common/DerivedDataCache/Buckets/LegacyChaosGeometryData/71/d1/c9bd6f238a895f12165f7c575ee5f5d823f9.udd" 4348
"C:/Users/User/AppData/Local/UnrealEngine/Common/DerivedDataCache/Buckets/StaticMesh/72/bf/f2b78bf420ccb037f465bcf0612cb7dab999.udd" 4349
"C:/Users/User/AppData/Local/UnrealEngine/Common/DerivedDataCache/Buckets/LegacyChaosGeometryData/14/d5/167907a0160d2e4c71ad1d4c79a54e64633f.udd" 4350
"C:/Users/User/AppData/Local/UnrealEngine/Common/DerivedDataCache/Buckets/LegacyNavCollision/ef/e5/348162f234da72129250ece0658c7409355a.udd" 4351
"C:/Users/User/AppData/Local/UnrealEngine/Common/DerivedDataCache/Buckets/StaticMesh/5e/69/6c218f2367ea1c128bc4c0bc39c0946b9355.udd" 4352
"C:/Users/User/AppData/Local/UnrealEngine/Common/DerivedDataCache/Buckets/StaticMesh/f8/7d/365a9e56332f01dd5d69c7b49196a0a57fa2.udd" 4353
"C:/Users/User/AppData/Local/UnrealEngine/Common/DerivedDataCache/Buckets/StaticMesh/7e/80/aa3d79a51d8637d492df774004635b0ab58f.udd" 4354
"C:/Users/User/AppData/Local/UnrealEngine/Common/DerivedDataCache/Buckets/LegacyDIST/42/e2/da34f2383fa44f34aa9946b1549927e5dc3e.udd" 4355
"C:/Users/User/AppData/Local/UnrealEngine/Common/DerivedDataCache/Buckets/LegacyNavCollision/b2/93/84e5fb939bbe981e6e368af91de2506bcaf3.udd" 4356
"C:/Users/User/AppData/Local/UnrealEngine/Common/DerivedDataCache/Buckets/LegacyCARD/a3/84/084b46df264b025ee2e34b4e62559b9ea337.udd" 4357
"C:/Users/User/AppData/Local/UnrealEngine/Common/DerivedDataCache/Buckets/StaticMesh/a7/3d/d59b78def2b1c93299a5a027d8e271156393.udd" 4358
"C:/Users/User/AppData/Local/UnrealEngine/Common/DerivedDataCache/Buckets/LegacyDIST/b1/f3/9e25beacc57e25b44989992f7926c57f2210.udd" 4359
"C:/Users/User/AppData/Local/UnrealEngine/Common/DerivedDataCache/Buckets/LegacyDIST/b1/8b/c1ad350aa4f5c0bc0eccf7f9293997bce34c.udd" 4360
"C:/Users/User/AppData/Local/UnrealEngine/Common/DerivedDataCache/Buckets/LegacyDIST/fc/d0/49191193ed7f77073177ee214f81223505ec.udd" 4361
"C:/Users/User/AppData/Local/UnrealEngine/Common/DerivedDataCache/Buckets/LegacyNavCollision/cc/17/1cab94142df22f909e983ba69448768c6466.udd" 4362
"C:/Users/User/AppData/Local/UnrealEngine/Common/DerivedDataCache/Buckets/LegacyCARD/f0/aa/04de192179d2da60912f33074b7b522798ae.udd" 4363
"C:/Users/User/AppData/Local/UnrealEngine/Common/DerivedDataCache/Buckets/LegacyDIST/11/5d/a4e0deac1fe99ab578d1ff8af20710acb0db.udd" 4364
"C:/Users/User/AppData/Local/UnrealEngine/Common/DerivedDataCache/Buckets/LegacyNavCollision/84/76/f14f529daf39a3f221fceb5db4864c8c92ee.udd" 4365
"C:/Users/User/AppData/Local/UnrealEngine/Common/DerivedDataCache/Buckets/LegacyNavCollision/96/e5/ec7bd71f7785714ac477612c7bbc27b03f25.udd" 4366
"C:/Users/User/AppData/Local/UnrealEngine/Common/DerivedDataCache/Buckets/LegacyCARD/0a/4b/12d31ffe681243dc3afcf2657760ab3b3b46.udd" 4367
"C:/Users/User/AppData/Local/UnrealEngine/Common/DerivedDataCache/Buckets/LegacyCARD/7e/37/dfef79b5a08d534ce135f43b21c1aeb59e2f.udd" 4368
"C:/Users/User/AppData/Local/UnrealEngine/Common/DerivedDataCache/Buckets/LegacyDIST/f4/1c/d132b6098279d5236d5ee8ea7ad55ecd0bdf.udd" 4369
"C:/Users/User/AppData/Local/UnrealEngine/Common/DerivedDataCache/Buckets/LegacyCARD/a8/46/668dc9ccf8199292a4ee3b06f6c0bb5e1e98.udd" 4370
"C:/Users/User/AppData/Local/UnrealEngine/Common/DerivedDataCache/Buckets/StaticMesh/b4/53/7433643e6ca405d8e87eb93dac2fbc235e8a.udd" 4371
"C:/Users/User/AppData/Local/UnrealEngine/Common/DerivedDataCache/Buckets/LegacyDIST/4b/1f/0e6bad789d6bd98f85e117f2ec7c78cdaf04.udd" 4372
"C:/Users/User/AppData/Local/UnrealEngine/Common/DerivedDataCache/Buckets/LegacyCARD/95/4b/d669938e89ffd0d2917929530effad172c06.udd" 4373
"C:/Users/User/AppData/Local/UnrealEngine/Common/DerivedDataCache/Buckets/LegacyChaosGeometryData/95/da/3510ddc3d41b24a84db478532a31d5b0baf2.udd" 4374
"C:/Users/User/AppData/Local/UnrealEngine/Common/DerivedDataCache/Buckets/LegacyNavCollision/29/02/82c41284fadcd25122e7b3a9b636883144c6.udd" 4375
"C:/Users/User/AppData/Local/UnrealEngine/Common/DerivedDataCache/Buckets/LegacyCARD/a1/5b/fe8dced99b0a12990568a84753d42aa6004b.udd" 4376
"C:/Users/User/AppData/Local/UnrealEngine/Common/DerivedDataCache/Buckets/StaticMesh/d7/1f/e500cffcd8b6c0973c96486121cc5594818b.udd" 4377
"C:/Users/User/AppData/Local/UnrealEngine/Common/DerivedDataCache/Buckets/StaticMesh/a4/96/bebfe7b754944b50040dd792f841904f395c.udd" 4378
"C:/Users/User/AppData/Local/UnrealEngine/Common/DerivedDataCache/Buckets/LegacyChaosGeometryData/c7/11/4332f06f4b9d6851da962203d5cbf8226124.udd" 4379
"C:/Users/User/AppData/Local/UnrealEngine/Common/DerivedDataCache/Buckets/StaticMesh/1a/2b/dc0a62c6635fc82222e792e1fb372b382fbd.udd" 4380
"C:/Users/User/AppData/Local/UnrealEngine/Common/DerivedDataCache/Buckets/LegacyChaosGeometryData/ab/0f/56074a078b2869f6d0bb02bb36dbdadb2cb8.udd" 4381
"C:/Users/User/AppData/Local/UnrealEngine/Common/DerivedDataCache/Buckets/LegacyChaosGeometryData/fc/a0/0c604d2ffbde8da1e183553e3a7d6713afde.udd" 4382
"C:/Users/User/AppData/Local/UnrealEngine/Common/DerivedDataCache/Buckets/LegacyDIST/64/06/acb967df1dd0bf8a4bb29cbb5100f5d8d1b1.udd" 4383
"C:/Users/User/AppData/Local/UnrealEngine/Common/DerivedDataCache/Content/35/4e/e1454cd2b6d6d2710d5eb4b5051b504de6b9.udd" 4384
"C:/Users/User/AppData/Local/UnrealEngine/Common/DerivedDataCache/Buckets/LegacyDIST/15/03/1045c89d16f235fdabea13a4997d60535957.udd" 4385
"C:/Users/User/AppData/Local/UnrealEngine/Common/DerivedDataCache/Buckets/LegacyChaosGeometryData/44/87/e9b68c6f26aa64512f9db8af6c648eb04857.udd" 4386
"C:/Users/User/AppData/Local/UnrealEngine/Common/DerivedDataCache/Buckets/LegacyCARD/1c/be/26b26d508947a87c663e42ccbef0cf50c711.udd" 4387
"C:/Users/User/AppData/Local/UnrealEngine/Common/DerivedDataCache/Buckets/LegacyCARD/16/fe/efa6a0b673b054bad987d1d5241c28822f0e.udd" 4388
"C:/Users/User/AppData/Local/UnrealEngine/Common/DerivedDataCache/Buckets/LegacyChaosGeometryData/90/45/d7229adbbf2aed0d0172c66469d8353fce7b.udd" 4389
"C:/Users/User/AppData/Local/UnrealEngine/Common/DerivedDataCache/Buckets/LegacyDIST/ba/2b/38ef445b43298609242b8a9f1ed84648e5db.udd" 4390
"C:/Users/User/AppData/Local/UnrealEngine/Common/DerivedDataCache/Buckets/LegacyChaosGeometryData/44/e5/0d932b353a9dde613f9c37e71c3af80220aa.udd" 4391
"C:/Users/User/AppData/Local/UnrealEngine/Common/DerivedDataCache/Buckets/LegacyCARD/0d/0e/587d6d5d22f64e35bce815b003723111ce25.udd" 4392
"C:/Users/User/AppData/Local/UnrealEngine/Common/DerivedDataCache/Buckets/LegacyChaosGeometryData/7b/21/8cf43e4e70705863cff36b1740fe036bbf6d.udd" 4393
"C:/Users/User/AppData/Local/UnrealEngine/Common/DerivedDataCache/Buckets/LegacyChaosGeometryData/a3/06/ae1c9e79d79ce7c259ddb0956336107493ba.udd" 4394
"C:/Users/User/AppData/Local/UnrealEngine/Common/DerivedDataCache/Buckets/LegacyDIST/cb/7b/f05600d290b306910f86a24befcef604af3e.udd" 4395
"C:/Users/User/AppData/Local/UnrealEngine/Common/DerivedDataCache/Buckets/LegacyNavCollision/cf/8e/1c838c4b739321bd311f818b05a962206649.udd" 4396
"C:/Users/User/AppData/Local/UnrealEngine/Common/DerivedDataCache/Buckets/LegacyNavCollision/3c/b9/478ac6584e76917a6a980c52d6b15f213750.udd" 4397
"C:/Users/User/AppData/Local/UnrealEngine/Common/DerivedDataCache/Buckets/LegacyCARD/f1/cb/9ebf04741f4ed3c3fc91e1d552189f8c9ff4.udd" 4398
"C:/Users/User/AppData/Local/UnrealEngine/Common/DerivedDataCache/Buckets/LegacyNavCollision/d2/4b/497e6883241b2beefdc21e1e59a0b4342e59.udd" 4399
"C:/Users/User/AppData/Local/UnrealEngine/Common/DerivedDataCache/Buckets/LegacyNavCollision/b6/c1/adfb27cd41664cdcc24ceeaa930d7a862376.udd" 4400
"C:/Users/User/AppData/Local/UnrealEngine/Common/DerivedDataCache/Buckets/StaticMesh/7f/22/2b8941975fd3ef4885a142081b4fe5eca503.udd" 4401
"C:/Users/User/AppData/Local/UnrealEngine/Common/DerivedDataCache/Buckets/StaticMesh/e0/8d/88734a2f515203aacd2a30615db6c924e567.udd" 4402
"C:/Users/User/AppData/Local/UnrealEngine/Common/DerivedDataCache/Buckets/LegacyDIST/14/ca/a6ff8ffd6c5d9b7fa21f3357dd4f93a5d39b.udd" 4403
"C:/Users/User/AppData/Local/UnrealEngine/Common/DerivedDataCache/Buckets/LegacyNavCollision/f6/c7/644e7edd32cdd7873a6050fbb858624b071f.udd" 4404
"C:/Users/User/AppData/Local/UnrealEngine/Common/DerivedDataCache/Buckets/LegacyChaosGeometryData/58/77/12746831f3785911ae56440943564d073da6.udd" 4405
"C:/Users/User/AppData/Local/UnrealEngine/Common/DerivedDataCache/Buckets/StaticMesh/a1/45/4508cce46b467c1fe307e5d08a216268f107.udd" 4406
"C:/Users/User/AppData/Local/UnrealEngine/Common/DerivedDataCache/Buckets/LegacyCARD/fb/bc/8e5165f9e1e18cd081eff5576eb9b042c24c.udd" 4407
"C:/Users/User/AppData/Local/UnrealEngine/Common/DerivedDataCache/Buckets/StaticMesh/ee/91/a190d6720223701d4a47e38ce89ba76ea2b4.udd" 4408
"C:/Users/User/AppData/Local/UnrealEngine/Common/DerivedDataCache/Buckets/StaticMesh/65/48/9228ed21798631e50984df879d722c87926b.udd" 4409
"C:/Users/User/AppData/Local/UnrealEngine/Common/DerivedDataCache/Buckets/LegacyChaosGeometryData/bc/d4/e254f8bcbcf4121095b3f9beb4aad8e5e617.udd" 4410
"C:/Users/User/AppData/Local/UnrealEngine/Common/DerivedDataCache/Buckets/LegacyNavCollision/a1/a2/215b6d178da84d9a55fca49447b916bdcf29.udd" 4411
"C:/Users/User/AppData/Local/UnrealEngine/Common/DerivedDataCache/Buckets/LegacyDIST/d1/ac/6146122efa7feba8686d30b0f38efbc9c709.udd" 4412
"C:/Users/User/AppData/Local/UnrealEngine/Common/DerivedDataCache/Buckets/StaticMesh/bd/0f/30cd4eec4652109ea3ee90ca90daaae76cb2.udd" 4413
"C:/Users/User/AppData/Local/UnrealEngine/Common/DerivedDataCache/Buckets/LegacyNavCollision/81/fb/13b9a45bc98fe5aab88f823b40e73f5be623.udd" 4414
"C:/Users/User/AppData/Local/UnrealEngine/Common/DerivedDataCache/Buckets/LegacyCARD/ea/da/2cf3d7fb819971d098e02c5d693c68c7c386.udd" 4415
"C:/Users/User/AppData/Local/UnrealEngine/Common/DerivedDataCache/Buckets/StaticMesh/91/85/912e52c3993c99bf4c6ba1cbaa998063689b.udd" 4416
"C:/Users/User/AppData/Local/UnrealEngine/Common/DerivedDataCache/Buckets/LegacyDIST/50/ac/d55431912956ae9ec083852127b719cb0028.udd" 4417
"C:/Users/User/AppData/Local/UnrealEngine/Common/DerivedDataCache/Buckets/LegacyDIST/9b/77/f352f18abbdcaffa6471d223657ae0947629.udd" 4418
"C:/Users/User/AppData/Local/UnrealEngine/Common/DerivedDataCache/Buckets/LegacyCARD/1e/01/e3675069f11ff3643a93ba05ddb52c1be771.udd" 4419
"C:/Users/User/AppData/Local/UnrealEngine/Common/DerivedDataCache/Buckets/LegacyCARD/16/04/9170f63a26949942c9963806ab1bf97cd25d.udd" 4420
"C:/Users/User/AppData/Local/UnrealEngine/Common/DerivedDataCache/Buckets/LegacyDIST/ed/60/b930c119127e23fc98f10ad52666e8fb1cbd.udd" 4421
"C:/Users/User/AppData/Local/UnrealEngine/Common/DerivedDataCache/Buckets/LegacyDIST/4e/d4/0209c152746ff42cc5f47c689397d709c9d1.udd" 4422
"C:/Users/User/AppData/Local/UnrealEngine/Common/DerivedDataCache/Buckets/LegacyDIST/52/7c/6305b013f9f6f14b471896fdf27f1c200714.udd" 4423
"C:/Users/User/AppData/Local/UnrealEngine/Common/DerivedDataCache/Buckets/LegacyCARD/ad/e1/15d25380adc8c7536d9098a6682b57216dfd.udd" 4424
"C:/Users/User/AppData/Local/UnrealEngine/Common/DerivedDataCache/Buckets/LegacyNavCollision/77/6b/6a4f1fc822e192671c15ad15feb288b5bf73.udd" 4425
"C:/Users/User/AppData/Local/UnrealEngine/Common/DerivedDataCache/Buckets/LegacyCARD/d7/89/77f580efac13d2ff590da2320acf6d97d9fe.udd" 4426
"C:/Users/User/AppData/Local/UnrealEngine/Common/DerivedDataCache/Buckets/LegacyCARD/c5/65/9ed9c2b8340f4e197b015b7e456401cef5ae.udd" 4427
"C:/Users/User/AppData/Local/UnrealEngine/Common/DerivedDataCache/Buckets/LegacyNavCollision/9a/fa/79ab4a21670928725d305b53dac9792ac375.udd" 4428
"C:/Users/User/AppData/Local/UnrealEngine/Common/DerivedDataCache/Buckets/LegacyNavCollision/1d/52/f80a8201cc631d72fee499dac638e4f2e7f1.udd" 4429
"C:/Users/User/AppData/Local/UnrealEngine/Common/DerivedDataCache/Buckets/LegacyChaosGeometryData/8a/f0/f67d0b07a1a2513a54e469c20e9fa7e4dd49.udd" 4430
"C:/Users/User/AppData/Local/UnrealEngine/Common/DerivedDataCache/Buckets/StaticMesh/71/01/02b45b6e0764f1d2a80fac323d759f7f677f.udd" 4431
"C:/Users/User/AppData/Local/UnrealEngine/Common/DerivedDataCache/Buckets/StaticMesh/ac/6a/03ff17282492cc820961d37d981cc58e04c3.udd" 4432
"C:/Users/User/AppData/Local/UnrealEngine/Common/DerivedDataCache/Buckets/LegacyChaosGeometryData/bd/8b/98105e778beb18a65777b52fa148067a1d59.udd" 4433
"C:/Users/User/AppData/Local/UnrealEngine/Common/DerivedDataCache/Buckets/LegacyDIST/5b/93/74f8c122e7ac2cebe7e021ab8a468d7eef78.udd" 4434
"C:/Users/User/AppData/Local/UnrealEngine/Common/DerivedDataCache/Buckets/StaticMesh/c4/a2/dcb5930f7c8bd3c2d3be35723e8b5c3a2faf.udd" 4435
"C:/Users/User/AppData/Local/UnrealEngine/Common/DerivedDataCache/Buckets/LegacyCARD/6a/96/0eacab2ca7c220e4b49638c581defbc15d66.udd" 4436
"C:/Users/User/AppData/Local/UnrealEngine/Common/DerivedDataCache/Buckets/LegacyDIST/ce/e7/3e8596db8ad6fd533852a7a352d1d5c4346a.udd" 4437
"C:/Users/User/AppData/Local/UnrealEngine/Common/DerivedDataCache/Buckets/LegacyNavCollision/84/90/0768ed67ac3fd32fac2c15280fef0cdb66aa.udd" 4438
"C:/Users/User/AppData/Local/UnrealEngine/Common/DerivedDataCache/Buckets/LegacyChaosGeometryData/5a/7d/7a37fb2fc83cf80720666e6e7fcf3f83aca1.udd" 4439
"C:/Users/User/AppData/Local/UnrealEngine/Common/DerivedDataCache/Buckets/LegacyCARD/71/5a/152240dc2724aa144b188ab3608a9cf2e750.udd" 4440
"C:/Users/User/AppData/Local/UnrealEngine/Common/DerivedDataCache/Buckets/LegacyChaosGeometryData/52/a4/eadca3e30fed1a30eb7d53935376dc0544a2.udd" 4441
"C:/Users/User/AppData/Local/UnrealEngine/Common/DerivedDataCache/Buckets/StaticMesh/4c/cc/92cf10c82b60fbce0a03e207d9b2ec56fe95.udd" 4442
"C:/Users/User/AppData/Local/UnrealEngine/Common/DerivedDataCache/Buckets/LegacyNavCollision/5a/5d/51e3c52307d491a83464e25aac45a94bdd1e.udd" 4443
"C:/Users/User/AppData/Local/UnrealEngine/Common/DerivedDataCache/Buckets/LegacyChaosGeometryData/ef/a5/26849b5526630e6ae158b297cf3576e2661e.udd" 4444
"C:/Users/User/AppData/Local/UnrealEngine/Common/DerivedDataCache/Buckets/StaticMesh/85/53/c498baac5f5dcc01a8f987de65749c19b299.udd" 4445
"C:/Users/User/AppData/Local/UnrealEngine/Common/DerivedDataCache/Buckets/LegacyNavCollision/e2/9e/4cb42dc95fdbe94befd9df4fdf71c4ad6912.udd" 4446
"C:/Users/User/AppData/Local/UnrealEngine/Common/DerivedDataCache/Buckets/LegacyDIST/f1/59/b582960e7e2029922098e524a7b572bbe9ee.udd" 4447
"C:/Users/User/AppData/Local/UnrealEngine/Common/DerivedDataCache/Buckets/LegacyDIST/b4/3a/a130e7ef86f8d8014776f4cd81b410d60929.udd" 4448
"C:/Users/User/AppData/Local/UnrealEngine/Common/DerivedDataCache/Buckets/StaticMesh/e6/70/b9b53116f89aa0f2bfa4321296f73c13b482.udd" 4449
"C:/Users/User/AppData/Local/UnrealEngine/Common/DerivedDataCache/Buckets/LegacyCARD/dd/f0/1e72cfedad4dcf7abeba7c4becd295f203d5.udd" 4450
"C:/Users/User/AppData/Local/UnrealEngine/Common/DerivedDataCache/Buckets/LegacyCARD/fd/ae/46d17a324984435a514c25da2f734a1fc8fb.udd" 4451
"C:/Users/User/AppData/Local/UnrealEngine/Common/DerivedDataCache/Buckets/LegacyDIST/a3/a8/2c94d4666937415d71d8b6fd8aca2f869476.udd" 4452
"C:/Users/User/AppData/Local/UnrealEngine/Common/DerivedDataCache/Buckets/LegacyNavCollision/30/25/22c54ca3034bb60ab0849ba1e5f31b9f4225.udd" 4453
"C:/Users/User/AppData/Local/UnrealEngine/Common/DerivedDataCache/Buckets/LegacyChaosGeometryData/23/bc/4fcbe1b39ca2b7aaf25917abc618a1577100.udd" 4454
"C:/Users/User/AppData/Local/UnrealEngine/Common/DerivedDataCache/Buckets/LegacyNavCollision/90/66/d4fd781934b941741ed7187f393046081731.udd" 4455
"C:/Users/User/AppData/Local/UnrealEngine/Common/DerivedDataCache/Buckets/LegacyNavCollision/53/e0/7770561c180ae306265f7b88f6e942524f64.udd" 4456
"C:/Users/User/AppData/Local/UnrealEngine/Common/DerivedDataCache/Buckets/LegacyCARD/45/2f/5d82e178c195eda477f1c1bb17170cc081f5.udd" 4457
"C:/Users/User/AppData/Local/UnrealEngine/Common/DerivedDataCache/Buckets/StaticMesh/9b/f5/9340bec086b7ee067fe6d64c0b604168930f.udd" 4458
"C:/Users/User/AppData/Local/UnrealEngine/Common/DerivedDataCache/Buckets/StaticMesh/c1/38/9a91f0833804046b05c063097373036bdc5e.udd" 4459
"C:/Users/User/AppData/Local/UnrealEngine/Common/DerivedDataCache/Buckets/StaticMesh/e8/ec/cf14022c840a883a16e320476a5901acc4df.udd" 4460
"C:/Users/User/AppData/Local/UnrealEngine/Common/DerivedDataCache/Buckets/LegacyNavCollision/a3/cf/551e74eef1e65964f5ff31aeacc22f73d7e7.udd" 4461
"C:/Users/User/AppData/Local/UnrealEngine/Common/DerivedDataCache/Buckets/LegacyChaosGeometryData/8b/9a/c5a0edc2a0dbef267b2e8e4e9345e827ba37.udd" 4462
"C:/Users/User/AppData/Local/UnrealEngine/Common/DerivedDataCache/Buckets/LegacyNavCollision/19/cd/40f892e7db55fcdf0aeb4b51923e6a4f4bb8.udd" 4463
"C:/Users/User/AppData/Local/UnrealEngine/Common/DerivedDataCache/Buckets/StaticMesh/69/06/af6fb2389437f46d31b8e4a1c9ed5ccce086.udd" 4464
"C:/Users/User/AppData/Local/UnrealEngine/Common/DerivedDataCache/Buckets/StaticMesh/4f/f8/88a078c991d3740a910eabcb585b752d0be1.udd" 4465
"C:/Users/User/AppData/Local/UnrealEngine/Common/DerivedDataCache/Buckets/LegacyNavCollision/59/fb/a5e57b9b88790833c171f19646e80cffb983.udd" 4466
"C:/Users/User/AppData/Local/UnrealEngine/Common/DerivedDataCache/Buckets/LegacyNavCollision/5d/75/e9f00328d3ff7fa6769bd9713d76864fa698.udd" 4467
"C:/Users/User/AppData/Local/UnrealEngine/Common/DerivedDataCache/Buckets/LegacyDIST/a5/91/e46be5961fb117fb59229477f8057e8c972e.udd" 4468
"C:/Users/User/AppData/Local/UnrealEngine/Common/DerivedDataCache/Buckets/StaticMesh/1c/21/38febd939f95876b307485f6ecf0b9147469.udd" 4469
"C:/Users/User/AppData/Local/UnrealEngine/Common/DerivedDataCache/Buckets/LegacyCARD/49/5a/cd73458d2b20b193b2e308e9e5cbaa3d34e4.udd" 4470
"C:/Users/User/AppData/Local/UnrealEngine/Common/DerivedDataCache/Buckets/StaticMesh/e2/40/0cfb8caa0a5f1b5210ab1ac18cd97ad97a28.udd" 4471
"C:/Users/User/AppData/Local/UnrealEngine/Common/DerivedDataCache/Buckets/LegacyDIST/cd/89/b135ccf6230b5143aa844fcf92d006e210a7.udd" 4472
"C:/Users/User/AppData/Local/UnrealEngine/Common/DerivedDataCache/Buckets/LegacyNavCollision/bf/cc/fe4075198501a08b12a882c523c4538ad90a.udd" 4473
"C:/Users/User/AppData/Local/UnrealEngine/Common/DerivedDataCache/Buckets/LegacyChaosGeometryData/96/45/83a0244ca096eeda35b9ef99aa4dba9408ae.udd" 4474
"C:/Users/User/AppData/Local/UnrealEngine/Common/DerivedDataCache/Buckets/LegacyCARD/fd/43/dda98ac659e919de1e62591c517abb668048.udd" 4475
"C:/Users/User/AppData/Local/UnrealEngine/Common/DerivedDataCache/Buckets/StaticMesh/eb/1d/ed1e01fdb3eb2bfeaf2c98314e6e90b94a66.udd" 4476
"C:/Users/User/AppData/Local/UnrealEngine/Common/DerivedDataCache/Buckets/LegacyChaosGeometryData/4a/01/13459775a68c4697d6470d10574b5c4689d1.udd" 4477
"C:/Users/User/AppData/Local/UnrealEngine/Common/DerivedDataCache/Buckets/LegacyDIST/2d/6b/5e6a54395e7a7b04483c3e66e8ac6734dca0.udd" 4478
"C:/Users/User/AppData/Local/UnrealEngine/Common/DerivedDataCache/Buckets/LegacyDIST/36/51/f5bc3e30ed4cf308f3b269a996394384dc85.udd" 4479
"C:/Users/User/AppData/Local/UnrealEngine/Common/DerivedDataCache/Buckets/LegacyDIST/f8/d5/08852b5d7e1074cbdf08b9ef44d0f87ae1ba.udd" 4480
"C:/Users/User/AppData/Local/UnrealEngine/Common/DerivedDataCache/Buckets/LegacyDIST/10/4d/f7a91bf1d4da853d52aa391a24b085fa5245.udd" 4481
"C:/Users/User/AppData/Local/UnrealEngine/Common/DerivedDataCache/Buckets/LegacyCARD/61/12/fafce13b9c3f5354e8267a5fe398a97e4219.udd" 4482
"C:/Users/User/AppData/Local/UnrealEngine/Common/DerivedDataCache/Buckets/LegacyCARD/8b/fa/39a3c763ffa03e166681dc6571e58fd3d098.udd" 4483
"C:/Users/User/AppData/Local/UnrealEngine/Common/DerivedDataCache/Buckets/LegacyCARD/13/e0/b0ca5527e3738a4a295eb90b85eefcd52bb4.udd" 4484
"C:/Users/User/AppData/Local/UnrealEngine/Common/DerivedDataCache/Buckets/LegacyDIST/c4/90/9a5b32f1fa600f1e1ed12b7e19deaf74e1c9.udd" 4485
"C:/Users/User/AppData/Local/UnrealEngine/Common/DerivedDataCache/Buckets/LegacyCARD/72/7c/b2ea74ec7c9690aeb6fd52fb1ec86373e733.udd" 4486
"C:/Users/User/AppData/Local/UnrealEngine/Common/DerivedDataCache/Buckets/LegacyChaosGeometryData/a7/b8/63ebfeebec9c8a991bd784bb52f09be8e777.udd" 4487
"C:/Users/User/AppData/Local/UnrealEngine/Common/DerivedDataCache/Buckets/LegacyChaosGeometryData/a8/bc/89e12595492955922623f0dbd53455ee444b.udd" 4488
"C:/Users/User/AppData/Local/UnrealEngine/Common/DerivedDataCache/Buckets/LegacyCARD/59/a7/f79c161e4436f1f81e3f801a43b6547e9376.udd" 4489
"C:/Users/User/AppData/Local/UnrealEngine/Common/DerivedDataCache/Buckets/LegacyDIST/21/f8/0601d42f756d32a9234a2563541539ae0af1.udd" 4490
"C:/Users/User/AppData/Local/UnrealEngine/Common/DerivedDataCache/Buckets/LegacyDIST/91/72/89b2d818a3a608a0212ed2593c1d52660a57.udd" 4491
"C:/Users/User/AppData/Local/UnrealEngine/Common/DerivedDataCache/Buckets/LegacyCARD/00/93/9381195d06d040162e64db68086e009d2ddb.udd" 4492
"C:/Users/User/AppData/Local/UnrealEngine/Common/DerivedDataCache/Buckets/LegacyCARD/bc/10/00dc8ecd3f5349a59d48e6ea246d4202b7aa.udd" 4493
"C:/Users/User/AppData/Local/UnrealEngine/Common/DerivedDataCache/Buckets/LegacyNavCollision/84/3d/697fe86738a6b4c88195ddb9d7dd71d031af.udd" 4494
"C:/Users/User/AppData/Local/UnrealEngine/Common/DerivedDataCache/Buckets/LegacyChaosGeometryData/f7/e5/584b4ff50a3c1ee2de55ce83f0203c1f5ccc.udd" 4495
"C:/Users/User/AppData/Local/UnrealEngine/Common/DerivedDataCache/Buckets/LegacyNavCollision/83/da/0e0698a12b8f487df36f8e73f9ee991b0254.udd" 4496
"C:/Users/User/AppData/Local/UnrealEngine/Common/DerivedDataCache/Buckets/LegacyChaosGeometryData/a7/49/5a129d387a5696220d462ec6008745d3cc73.udd" 4497
"C:/Users/User/AppData/Local/UnrealEngine/Common/DerivedDataCache/Buckets/LegacyNavCollision/d9/15/535440c23d146c751b905b41347b8598181c.udd" 4498
"C:/Users/User/AppData/Local/UnrealEngine/Common/DerivedDataCache/Buckets/StaticMesh/31/2a/7a64852ff2af1821e85f3860dc797dc28d83.udd" 4499
"C:/Users/User/AppData/Local/UnrealEngine/Common/DerivedDataCache/Buckets/LegacyNavCollision/7b/a2/0fa925823c82970bb672b61c1af96dea9ba5.udd" 4500
"C:/Users/User/AppData/Local/UnrealEngine/Common/DerivedDataCache/Buckets/StaticMesh/ca/c6/fc6e0437a6fbe60068f71fb1909d9222ea0c.udd" 4501
"C:/Users/User/AppData/Local/UnrealEngine/Common/DerivedDataCache/Buckets/LegacyDIST/4e/cf/52dd8c72e5f8a98cce7144db00becc6bdfd5.udd" 4502
"C:/Users/User/AppData/Local/UnrealEngine/Common/DerivedDataCache/Buckets/StaticMesh/71/a1/fea0ad0325ebace3f7f27fa8415457d9b383.udd" 4503
"C:/Users/User/AppData/Local/UnrealEngine/Common/DerivedDataCache/Buckets/StaticMesh/0e/b1/ca7af5dbc6e1d65f207dfe1829d1171f2c7c.udd" 4504
"C:/Users/User/AppData/Local/UnrealEngine/Common/DerivedDataCache/Buckets/LegacyCARD/0d/2d/1f62fb1359bbc9872ad45dab2ff7d21fced4.udd" 4505
"C:/Users/User/AppData/Local/UnrealEngine/Common/DerivedDataCache/Buckets/LegacyNavCollision/c9/cb/0f01c8f48e3fb482bff9b3fff4ac2e9aab99.udd" 4506
"C:/Users/User/AppData/Local/UnrealEngine/Common/DerivedDataCache/Buckets/LegacyNavCollision/8c/b2/3f44f9165fb45dd5a1dc198459bd8e7bceac.udd" 4507
"C:/Users/User/AppData/Local/UnrealEngine/Common/DerivedDataCache/Buckets/LegacyChaosGeometryData/cf/26/8408d4757e989474e1263f61e416a6b36a14.udd" 4508
"C:/Users/User/AppData/Local/UnrealEngine/Common/DerivedDataCache/Buckets/StaticMesh/27/db/c0970007989bd36fe2f348f30f5672d3a7ee.udd" 4509
"C:/Users/User/AppData/Local/UnrealEngine/Common/DerivedDataCache/Buckets/LegacyDIST/a2/f7/f947b4bae9d14fa8b03e3478d3ceb99b4687.udd" 4510
"C:/Users/User/AppData/Local/UnrealEngine/Common/DerivedDataCache/Buckets/StaticMesh/af/86/880de91aecb9d73afc13f49d6d310050ac8d.udd" 4511
"C:/Users/User/AppData/Local/UnrealEngine/Common/DerivedDataCache/Buckets/LegacyCARD/52/50/bc439df0fad7afb5b8e9137d517b9b4bb6ed.udd" 4512
"C:/Users/User/AppData/Local/UnrealEngine/Common/DerivedDataCache/Buckets/LegacyDIST/0f/bb/001abb698cd2d18ef13fb7d57ebe306d09e0.udd" 4513
"C:/Users/User/AppData/Local/UnrealEngine/Common/DerivedDataCache/Buckets/LegacyDIST/75/4f/a9735fb6daca351151e54200e75a12229250.udd" 4514
"C:/Users/User/AppData/Local/UnrealEngine/Common/DerivedDataCache/Buckets/LegacyChaosGeometryData/6a/38/953231e43aee7dd36c739e8050fbc2bad6bc.udd" 4515
"C:/Users/User/AppData/Local/UnrealEngine/Common/DerivedDataCache/Buckets/LegacyDIST/b2/f6/1ee2b05abd3ff05009b66ddb46b216cf0db1.udd" 4516
"C:/Users/User/AppData/Local/UnrealEngine/Common/DerivedDataCache/Buckets/LegacyCARD/91/cc/8f0750e30c29ee4dfdb0af78cd88d62ffe5f.udd" 4517
"C:/Users/User/AppData/Local/UnrealEngine/Common/DerivedDataCache/Buckets/LegacyCARD/7a/56/55cb5afb56be6ab7d636d35f7458bee6bff8.udd" 4518
"C:/Users/User/AppData/Local/UnrealEngine/Common/DerivedDataCache/Buckets/LegacyNavCollision/38/a2/4994227ee3c43b0fdcc4265d74c5b959f9d4.udd" 4519
"C:/Users/User/AppData/Local/UnrealEngine/Common/DerivedDataCache/Buckets/LegacyNavCollision/00/6d/48dd0d55aae2d25e228ce272fccfeef09235.udd" 4520
"C:/Users/User/AppData/Local/UnrealEngine/Common/DerivedDataCache/Buckets/LegacyCARD/8c/54/47430372bd672b188244b07c2072bf8b4709.udd" 4521
"C:/Users/User/AppData/Local/UnrealEngine/Common/DerivedDataCache/Buckets/LegacyDIST/06/5e/4cced1fede6a756383df367a879c44305d4c.udd" 4522
"C:/Users/User/AppData/Local/UnrealEngine/Common/DerivedDataCache/Buckets/StaticMesh/04/cf/f42b5e0d3bfc7763080d4d59cbb171c4b209.udd" 4523
"C:/Users/User/AppData/Local/UnrealEngine/Common/DerivedDataCache/Buckets/LegacyCARD/04/c8/fb6bdd0fa72269d8a048551dffee9a4e6e75.udd" 4524
"C:/Users/User/AppData/Local/UnrealEngine/Common/DerivedDataCache/Buckets/LegacyChaosGeometryData/9f/1f/22635d38f9d5266868817b2b44b953335074.udd" 4525
"C:/Users/User/AppData/Local/UnrealEngine/Common/DerivedDataCache/Buckets/StaticMesh/97/be/42cca5c609db6371ec6a84f96b30263f5abc.udd" 4526
"C:/Users/User/AppData/Local/UnrealEngine/Common/DerivedDataCache/Buckets/LegacyChaosGeometryData/dc/5d/0731c86c6ae6dda3f71c130076b31108c89d.udd" 4527
"C:/Users/User/AppData/Local/UnrealEngine/Common/DerivedDataCache/Buckets/LegacyDIST/57/15/e30610dd2046f13919594d60063acff86b60.udd" 4528
"C:/Users/User/AppData/Local/UnrealEngine/Common/DerivedDataCache/Buckets/LegacyNavCollision/8b/c2/cf964a994348b3382bb2db78b20d55ac565a.udd" 4529
"C:/Users/User/AppData/Local/UnrealEngine/Common/DerivedDataCache/Buckets/LegacyCARD/77/12/7255c084cf55cb16c7f9f9ed9db15b5d44a5.udd" 4530
"C:/Users/User/AppData/Local/UnrealEngine/Common/DerivedDataCache/Buckets/LegacyNavCollision/01/dc/0361668ac725aa5c383174b58e49dc62dbd6.udd" 4531
"C:/Users/User/AppData/Local/UnrealEngine/Common/DerivedDataCache/Buckets/StaticMesh/79/ae/6a80272609402a053cdc5db981b2529f770c.udd" 4532
"C:/Users/User/AppData/Local/UnrealEngine/Common/DerivedDataCache/Buckets/LegacyChaosGeometryData/d7/97/19aa4a4ada4ff4de11bd86ecf29b6e0f3b88.udd" 4533
"C:/Users/User/AppData/Local/UnrealEngine/Common/DerivedDataCache/Buckets/StaticMesh/68/ae/a491e876e0f739320cd314591d088d2ef7f6.udd" 4534
"C:/Users/User/AppData/Local/UnrealEngine/Common/DerivedDataCache/Buckets/LegacyDIST/81/58/97c5d966dedf8f4a7033a998415580c21dca.udd" 4535
"C:/Users/User/AppData/Local/UnrealEngine/Common/DerivedDataCache/Buckets/LegacyNavCollision/ad/35/26e86f44a4da4fe11146c323baddeaefc021.udd" 4536
"C:/Users/User/AppData/Local/UnrealEngine/Common/DerivedDataCache/Buckets/LegacyCARD/62/9c/e29960e63ee87aa17027a345fc879ffb9770.udd" 4537
"C:/Users/User/AppData/Local/UnrealEngine/Common/DerivedDataCache/Buckets/LegacyDIST/2f/93/42e47dcd108df258e596bb127795899b644b.udd" 4538
"C:/Users/User/AppData/Local/UnrealEngine/Common/DerivedDataCache/Buckets/StaticMesh/a5/eb/27feb2d4e53d53bc517772afdb4138f4f88f.udd" 4539
"C:/Users/User/AppData/Local/UnrealEngine/Common/DerivedDataCache/Buckets/LegacyCARD/c8/7f/ccbf51d92638e8f390db6f6df4e26579482e.udd" 4540
"C:/Users/User/AppData/Local/UnrealEngine/Common/DerivedDataCache/Buckets/LegacyChaosGeometryData/87/d7/d4a683655ff7d4fbdb331d4197578ad01e43.udd" 4541
"C:/Users/User/AppData/Local/UnrealEngine/Common/DerivedDataCache/Buckets/LegacyChaosGeometryData/68/e5/cbf879af65fb7f6be086230afc35c62624c0.udd" 4542
"C:/Users/User/AppData/Local/UnrealEngine/Common/DerivedDataCache/Buckets/LegacyDIST/ff/e5/ec0469bef09cf1f96b4c2778de316e840c3a.udd" 4543
"C:/Users/User/AppData/Local/UnrealEngine/Common/DerivedDataCache/Buckets/LegacyCARD/b3/33/af1e6fe1a2de12088ab079eea02af85b85cb.udd" 4544
"C:/Users/User/AppData/Local/UnrealEngine/Common/DerivedDataCache/Buckets/LegacyDIST/61/7f/0eac15772da1ae5e1b0ed936ac239b068bef.udd" 4545
"C:/Users/User/AppData/Local/UnrealEngine/Common/DerivedDataCache/Buckets/LegacyDIST/3f/ef/9fb625d565a1e232f2dccae7ff060df1a8e0.udd" 4546
"C:/Users/User/AppData/Local/UnrealEngine/Common/DerivedDataCache/Buckets/LegacyNavCollision/44/d7/cfedbb0f4ed1a0a032c953dbb53ecc75ee17.udd" 4547
"C:/Users/User/AppData/Local/UnrealEngine/Common/DerivedDataCache/Buckets/LegacyNavCollision/57/de/fb083f8952180798fd31970f046919794e68.udd" 4548
"C:/Users/User/AppData/Local/UnrealEngine/Common/DerivedDataCache/Buckets/LegacyNavCollision/b4/ba/3e8d729a8a5b3aed77614661a18ee8b7c2f3.udd" 4549
"C:/Users/User/AppData/Local/UnrealEngine/Common/DerivedDataCache/Buckets/LegacyCARD/f8/bb/be092ff2fe3f1862c03da74425b79b45be4b.udd" 4550
"C:/Users/User/AppData/Local/UnrealEngine/Common/DerivedDataCache/Buckets/LegacyDIST/2c/32/fbe850b94a685d83eea6b6f05ddd237b49c7.udd" 4551
"C:/Users/User/AppData/Local/UnrealEngine/Common/DerivedDataCache/Buckets/LegacyCARD/9c/2b/5e59984018aec063cabb2429f2198c92c1a5.udd" 4552
"C:/Users/User/AppData/Local/UnrealEngine/Common/DerivedDataCache/Buckets/LegacyNavCollision/c5/e4/1daab24003b5e0e7df67e14cd4aba0ee52bf.udd" 4553
"C:/Users/User/AppData/Local/UnrealEngine/Common/DerivedDataCache/Buckets/StaticMesh/7f/27/c618db7df50f6067774ffded71e91d479012.udd" 4554
"C:/Users/User/AppData/Local/UnrealEngine/Common/DerivedDataCache/Buckets/StaticMesh/8c/47/3b0e8fdbf58d7f4d7fdd71475f0e3a743fc9.udd" 4555
"C:/Users/User/AppData/Local/UnrealEngine/Common/DerivedDataCache/Buckets/LegacyChaosGeometryData/11/9d/da7c77357374452d476b907e54acba9353c7.udd" 4556
"C:/Users/User/AppData/Local/UnrealEngine/Common/DerivedDataCache/Buckets/LegacyCARD/12/94/17338ea7b01149c35e4ed5fca599ae14d134.udd" 4557
"C:/Users/User/AppData/Local/UnrealEngine/Common/DerivedDataCache/Buckets/StaticMesh/22/d9/b8cdc5b924013748d869660cf9c358a4caf8.udd" 4558
"C:/Users/User/AppData/Local/UnrealEngine/Common/DerivedDataCache/Buckets/LegacyChaosGeometryData/8f/5e/4a43332ae42fef0d5ef271ef7b62f5df744a.udd" 4559
"C:/Users/User/AppData/Local/UnrealEngine/Common/DerivedDataCache/Buckets/LegacyChaosGeometryData/9a/d4/d6ce33f404a863dd12cb927c7c55b33ce772.udd" 4560
"C:/Users/User/AppData/Local/UnrealEngine/Common/DerivedDataCache/Buckets/StaticMesh/76/6e/e932f94d6b5897ba7aac27e96906bccde0a3.udd" 4561
"C:/Users/User/AppData/Local/UnrealEngine/Common/DerivedDataCache/Buckets/LegacyChaosGeometryData/89/ca/ea0ec0c821c3b0479a65004db6ce3771ed05.udd" 4562
"C:/Users/User/AppData/Local/UnrealEngine/Common/DerivedDataCache/Buckets/LegacyNavCollision/b5/b7/6d6a6c26a4f9722feaf922e937b3273bfc2d.udd" 4563
"C:/Users/User/AppData/Local/UnrealEngine/Common/DerivedDataCache/Buckets/StaticMesh/09/d1/6ab9f7af1534abc1f10e7c6cb8eaa7dbc826.udd" 4564
"C:/Users/User/AppData/Local/UnrealEngine/Common/DerivedDataCache/Buckets/LegacyNavCollision/40/a4/d56c7f37b85e596e393e77098ea724c940cd.udd" 4565
"C:/Users/User/AppData/Local/UnrealEngine/Common/DerivedDataCache/Buckets/LegacyNavCollision/bd/a7/2ce23d326eb2a598309f9eaf931a6097b037.udd" 4566
"C:/Users/User/AppData/Local/UnrealEngine/Common/DerivedDataCache/Buckets/LegacyNavCollision/c7/38/ca4d97a95d8148287754b6b8116d9a66e1d4.udd" 4567
"C:/Users/User/AppData/Local/UnrealEngine/Common/DerivedDataCache/Buckets/StaticMesh/da/00/db241c5e235f3047a6f6efbb885d9cce7576.udd" 4568
"C:/Users/User/AppData/Local/UnrealEngine/Common/DerivedDataCache/Buckets/LegacyNavCollision/79/75/28032b46b436b075bc1ddf8c1a66b4a5b0e9.udd" 4569
"C:/Users/User/AppData/Local/UnrealEngine/Common/DerivedDataCache/Buckets/StaticMesh/ca/ff/a6da675201ea0ec66d59e81ae1215d72fc6e.udd" 4570
"C:/Users/User/AppData/Local/UnrealEngine/Common/DerivedDataCache/Buckets/StaticMesh/d4/94/785657ec716fb2914add3f973a19c7b65078.udd" 4571
"C:/Users/User/AppData/Local/UnrealEngine/Common/DerivedDataCache/Buckets/LegacyDIST/7c/3f/1c45b6b5c7d6497a197ef93d5ae416340231.udd" 4572
"C:/Users/User/AppData/Local/UnrealEngine/Common/DerivedDataCache/Buckets/StaticMesh/c5/90/34706eb1e3182c8068b00563bec5445972e0.udd" 4573
"C:/Users/User/AppData/Local/UnrealEngine/Common/DerivedDataCache/Buckets/LegacyCARD/2a/68/853c6c319d2b51ce3d9563e77e151a0349e7.udd" 4574
"C:/Users/User/AppData/Local/UnrealEngine/Common/DerivedDataCache/Buckets/LegacyNavCollision/f6/75/4965fc543b5a33477b23f6de19ffd2eb9989.udd" 4575
"C:/Users/User/AppData/Local/UnrealEngine/Common/DerivedDataCache/Buckets/LegacyDIST/36/12/b565959c305afe88cdce42be194ae6e9fa1c.udd" 4576
"C:/Users/User/AppData/Local/UnrealEngine/Common/DerivedDataCache/Buckets/LegacyChaosGeometryData/aa/38/2f9ee56d2f9bfb906114c53345ea34b53d18.udd" 4577
"C:/Users/User/AppData/Local/UnrealEngine/Common/DerivedDataCache/Buckets/LegacyDIST/11/2d/b5b8e76e3a6d4c73738f5c836345a6440109.udd" 4578
"C:/Users/User/AppData/Local/UnrealEngine/Common/DerivedDataCache/Buckets/LegacyDIST/cf/e5/b02456cd3203bd34418954c8dc016b828e30.udd" 4579
"C:/Users/User/AppData/Local/UnrealEngine/Common/DerivedDataCache/Buckets/StaticMesh/8e/1d/2738a20b05aa86ec02566d0fa23c55a76168.udd" 4580
"C:/Users/User/AppData/Local/UnrealEngine/Common/DerivedDataCache/Buckets/LegacyNavCollision/98/30/88f382af53ca1018b900296ec39fba963141.udd" 4581
"C:/Users/User/AppData/Local/UnrealEngine/Common/DerivedDataCache/Buckets/LegacyDIST/74/2a/e4310f661cd246c0e6fcc8f9e6abe59e9bbf.udd" 4582
"C:/Users/User/AppData/Local/UnrealEngine/Common/DerivedDataCache/Buckets/LegacyCARD/01/d6/3cdaf3f60f2b4501a530ebad24d48710b7e2.udd" 4583
"C:/Users/User/AppData/Local/UnrealEngine/Common/DerivedDataCache/Buckets/LegacyCARD/46/d3/9e146db2785997eaba4ef9bdd2a7b8e73c04.udd" 4584
"C:/Users/User/AppData/Local/UnrealEngine/Common/DerivedDataCache/Buckets/LegacyDIST/ab/f5/6a57ce6eded06bba2e3e7e6a6d636abd0f68.udd" 4585
"C:/Users/User/AppData/Local/UnrealEngine/Common/DerivedDataCache/Buckets/LegacyNavCollision/75/ab/9a05e2679157dd88f0991d67c9fbb2927934.udd" 4586
"C:/Users/User/AppData/Local/UnrealEngine/Common/DerivedDataCache/Buckets/LegacyCARD/cb/cc/cda235f182521ba75cffd39f6b642c953e94.udd" 4587
"C:/Users/User/AppData/Local/UnrealEngine/Common/DerivedDataCache/Buckets/LegacyCARD/b3/29/611356a0f3ca583f2d10bf34e9fd0669b6b9.udd" 4588
"C:/Users/User/AppData/Local/UnrealEngine/Common/DerivedDataCache/Buckets/LegacyNavCollision/53/1f/e25c3716cd5e4f39d0c4d63ccac564e6c680.udd" 4589
"C:/Users/User/AppData/Local/UnrealEngine/Common/DerivedDataCache/Buckets/StaticMesh/5f/f3/67fdb8484ec962590e1509fd65870c9d446c.udd" 4590
"C:/Users/User/AppData/Local/UnrealEngine/Common/DerivedDataCache/Buckets/LegacyCARD/0f/0b/6e996c6b82c79fe120a10ee4ef27b4e76528.udd" 4591
"C:/Users/User/AppData/Local/UnrealEngine/Common/DerivedDataCache/Buckets/LegacyChaosGeometryData/00/44/40e34c68c67586bfb9c95743aef7e19c2237.udd" 4592
"C:/Users/User/AppData/Local/UnrealEngine/Common/DerivedDataCache/Buckets/LegacyDIST/aa/c4/27d058433e6719d6a6e9ae3872170a74e97a.udd" 4593
"C:/Users/User/AppData/Local/UnrealEngine/Common/DerivedDataCache/Buckets/LegacyChaosGeometryData/68/20/71a5df93bc2bee9cd3e1107d225d59175625.udd" 4594
"C:/Users/User/AppData/Local/UnrealEngine/Common/DerivedDataCache/Buckets/StaticMesh/84/67/4f4f8e139d46111a6f7c22da5fc6769b77cf.udd" 4595
"C:/Users/User/AppData/Local/UnrealEngine/Common/DerivedDataCache/Buckets/StaticMesh/a8/57/96ae96142cf61acf13127e07dcaf7ec30b0d.udd" 4596
"C:/Users/User/AppData/Local/UnrealEngine/Common/DerivedDataCache/Buckets/LegacyChaosGeometryData/0a/50/637f9eecd7a6212c1ff0cbe47d4d576abeff.udd" 4597
"C:/Users/User/AppData/Local/UnrealEngine/Common/DerivedDataCache/Buckets/LegacyCARD/5c/32/b04aec22f739f31b1b0187c2bc929194c52f.udd" 4598
"C:/Users/User/AppData/Local/UnrealEngine/Common/DerivedDataCache/Buckets/LegacyChaosGeometryData/f5/9d/2b419ece54527c0d127a22b63dfc3b27cbf3.udd" 4599
"C:/Users/User/AppData/Local/UnrealEngine/Common/DerivedDataCache/Buckets/LegacyDIST/9f/62/bd10f810b5ee6b4dfc6c2902a0448a160024.udd" 4600
"C:/Users/User/AppData/Local/UnrealEngine/Common/DerivedDataCache/Buckets/LegacyDIST/9e/bd/9180b3e3d2b34b8954ae3452650e159fdce6.udd" 4601
"C:/Users/User/AppData/Local/UnrealEngine/Common/DerivedDataCache/Buckets/LegacyCARD/8b/4f/a2217876dc7629b8aa5c91d1865cb276400d.udd" 4602
"C:/Users/User/AppData/Local/UnrealEngine/Common/DerivedDataCache/Buckets/LegacyDIST/16/f8/3424ff55d89a199bf7af4aea40bad7a0c074.udd" 4603
"C:/Users/User/AppData/Local/UnrealEngine/Common/DerivedDataCache/Buckets/LegacyCARD/d6/8e/d3a7af4e14f4af57eeace113aa23b7a25a5b.udd" 4604
"C:/Users/User/AppData/Local/UnrealEngine/Common/DerivedDataCache/Buckets/LegacyChaosGeometryData/58/6f/34f541375f9212f47ff2fc01e722e868928e.udd" 4605
"C:/Users/User/AppData/Local/UnrealEngine/Common/DerivedDataCache/Buckets/LegacyCARD/fd/b5/8c5300f05e8cffa1396a0336a336444af8be.udd" 4606
"C:/Users/User/AppData/Local/UnrealEngine/Common/DerivedDataCache/Buckets/LegacyNavCollision/d1/ca/d3207e1f59f9b7d7277d4b9f200c043e8f04.udd" 4607
"C:/Users/User/AppData/Local/UnrealEngine/Common/DerivedDataCache/Buckets/LegacyDIST/08/b3/d2fe6b04f7d8bd43716ba08c8c05feba2b00.udd" 4608
"C:/Users/User/AppData/Local/UnrealEngine/Common/DerivedDataCache/Buckets/LegacyDIST/68/63/7c6f61ef7f93c6ca6cc3c9019cf84631af02.udd" 4609
"C:/Users/User/AppData/Local/UnrealEngine/Common/DerivedDataCache/Buckets/LegacyCARD/3c/6e/5dc03a78b18d42ccc4fd417cb1b71d518ae1.udd" 4610
"C:/Users/User/AppData/Local/UnrealEngine/Common/DerivedDataCache/Buckets/StaticMesh/e5/e8/fe6c7b01a0f974a4e4663de28d528344ce37.udd" 4611
"C:/Users/User/AppData/Local/UnrealEngine/Common/DerivedDataCache/Buckets/LegacyCARD/1e/be/ae6b83daebe480d5c6caeaa7f1d5220f343e.udd" 4612
"C:/Users/User/AppData/Local/UnrealEngine/Common/DerivedDataCache/Buckets/LegacyDIST/4b/ed/268e67b6438da254a73cf9dfe427baaa4996.udd" 4613
"C:/Users/User/AppData/Local/UnrealEngine/Common/DerivedDataCache/Buckets/LegacyChaosGeometryData/03/be/cd98f7ffa215a54394efc2af892c5f530d83.udd" 4614
"C:/Users/User/AppData/Local/UnrealEngine/Common/DerivedDataCache/Buckets/LegacyChaosGeometryData/ee/ed/fd8aa44393412ec5645637c1afc6edb7e77c.udd" 4615
"C:/Users/User/AppData/Local/UnrealEngine/Common/DerivedDataCache/Buckets/LegacyNavCollision/8f/a9/3b88910ddba616aa67d60a80ce1374967529.udd" 4616
"C:/Users/User/AppData/Local/UnrealEngine/Common/DerivedDataCache/Buckets/LegacyCARD/ea/dd/9a3a6d758dac1d684c4297eac138eeae405a.udd" 4617
"C:/Users/User/AppData/Local/UnrealEngine/Common/DerivedDataCache/Buckets/LegacyNavCollision/3d/57/8adb46a022d59b0d2f516c665b68a8c1f820.udd" 4618
"C:/Users/User/AppData/Local/UnrealEngine/Common/DerivedDataCache/Buckets/LegacyNavCollision/30/32/e2ad6cc4dfd84bca49a2032264c0d72110ac.udd" 4619
"C:/Users/User/AppData/Local/UnrealEngine/Common/DerivedDataCache/Buckets/LegacyChaosGeometryData/0c/55/6fd2684dd79de7b34bf37c375d1d1e17c5bc.udd" 4620
"C:/Users/User/AppData/Local/UnrealEngine/Common/DerivedDataCache/Buckets/StaticMesh/f6/32/dbac981c0e47e4742de77ecc584c8e4e723b.udd" 4621
"C:/Users/User/AppData/Local/UnrealEngine/Common/DerivedDataCache/Buckets/StaticMesh/97/38/bb6a2fa61dac1fcb80af121d5f3b62634f87.udd" 4622
"C:/Users/User/AppData/Local/UnrealEngine/Common/DerivedDataCache/Buckets/StaticMesh/5a/98/ed3ed0218b7dad1a895b7baca0fd66e6e535.udd" 4623
"C:/Users/User/AppData/Local/UnrealEngine/Common/DerivedDataCache/Buckets/LegacyNavCollision/7d/6c/901490fc63c5d198bd9b3928e3d17c53fc90.udd" 4624
"C:/Users/User/AppData/Local/UnrealEngine/Common/DerivedDataCache/Buckets/LegacyNavCollision/f5/15/8f5a41b3ad7cdf6a2561746b78089b782cf6.udd" 4625
"C:/Users/User/AppData/Local/UnrealEngine/Common/DerivedDataCache/Buckets/StaticMesh/b1/07/532979bfd5a8c2e16ca6f0d4202d23e6abf9.udd" 4626
"C:/Users/User/AppData/Local/UnrealEngine/Common/DerivedDataCache/Buckets/StaticMesh/77/16/6c31e0e45bb26826710d5e584d2f918e7a75.udd" 4627
"C:/Users/User/AppData/Local/UnrealEngine/Common/DerivedDataCache/Buckets/LegacyNavCollision/c8/09/f082db2769ede94b796ae275f130dd39d13e.udd" 4628
"C:/Users/User/AppData/Local/UnrealEngine/Common/DerivedDataCache/Buckets/StaticMesh/80/38/e2ef5f19e5e8ca803b168de28fe2a243ac98.udd" 4629
"C:/Users/User/AppData/Local/UnrealEngine/Common/DerivedDataCache/Buckets/LegacyDIST/1a/42/9cd5c1901650895ca03922974feb1d9d5102.udd" 4630
"C:/Users/User/AppData/Local/UnrealEngine/Common/DerivedDataCache/Buckets/LegacyDIST/13/aa/b1ec84c208d2f379c3292b350ebca181e9ce.udd" 4631
"C:/Users/User/AppData/Local/UnrealEngine/Common/DerivedDataCache/Buckets/LegacyCARD/a4/11/e676ad3fafdd34817efe2f17f50c8e386bde.udd" 4632
"C:/Users/User/AppData/Local/UnrealEngine/Common/DerivedDataCache/Buckets/LegacyCARD/77/bc/b948230d3b084722842d686116868dc5a42c.udd" 4633
"C:/Users/User/AppData/Local/UnrealEngine/Common/DerivedDataCache/Buckets/LegacyDIST/02/fc/fb6e438c0992fc9871d7be603c01a631e25a.udd" 4634
"C:/Users/User/AppData/Local/UnrealEngine/Common/DerivedDataCache/Buckets/LegacyNavCollision/82/85/d9548a2c095fd076a77d159fc506496ecb5f.udd" 4635
"C:/Users/User/AppData/Local/UnrealEngine/Common/DerivedDataCache/Buckets/LegacyChaosGeometryData/8b/e9/a7c815c9960b721c043f298aa5cd91875bdf.udd" 4636
"C:/Users/User/AppData/Local/UnrealEngine/Common/DerivedDataCache/Buckets/LegacyDIST/a5/59/ca85b79ff2f2df831e78d19dead67c919dd5.udd" 4637
"C:/Users/User/AppData/Local/UnrealEngine/Common/DerivedDataCache/Buckets/LegacyChaosGeometryData/9d/05/32fc832844dd33c7113b0a1937e0228ff317.udd" 4638
"C:/Users/User/AppData/Local/UnrealEngine/Common/DerivedDataCache/Buckets/LegacyNavCollision/b3/58/60967079a3b07708386819527e15ffff6cf0.udd" 4639
"C:/Users/User/AppData/Local/UnrealEngine/Common/DerivedDataCache/Buckets/LegacyNavCollision/b8/d2/acd13a226843565356529ac963fdc9334e44.udd" 4640
"C:/Users/User/AppData/Local/UnrealEngine/Common/DerivedDataCache/Buckets/LegacyCARD/3a/99/97c24b3409e5a1c83fe6c72ce10d3143b519.udd" 4641
"C:/Users/User/AppData/Local/UnrealEngine/Common/DerivedDataCache/Buckets/LegacyCARD/dd/08/502ac68d0be6e8e5695317950d849ddfc405.udd" 4642
"C:/Users/User/AppData/Local/UnrealEngine/Common/DerivedDataCache/Buckets/StaticMesh/68/63/8aef67124c3129f65610b0225c0c48eaae1a.udd" 4643
"C:/Users/User/AppData/Local/UnrealEngine/Common/DerivedDataCache/Buckets/LegacyDIST/16/37/a11be43ce4e9ca83708d9d494cf7bda91779.udd" 4644
"C:/Users/User/AppData/Local/UnrealEngine/Common/DerivedDataCache/Buckets/StaticMesh/10/35/10d2b26acfcdf9275b86196c9aea6ccf1a28.udd" 4645
"C:/Users/User/AppData/Local/UnrealEngine/Common/DerivedDataCache/Buckets/LegacyChaosGeometryData/61/ce/23f3b454870e60bdd776d562a14ca7ba7ede.udd" 4646
"C:/Users/User/AppData/Local/UnrealEngine/Common/DerivedDataCache/Buckets/StaticMesh/0d/8d/3f4b4c2075e0efa2a88c81f665159f771095.udd" 4647
"C:/Users/User/AppData/Local/UnrealEngine/Common/DerivedDataCache/Buckets/LegacyCARD/02/48/b2f0b6149f71c7c3e0c894d2017e36bccfb3.udd" 4648
"C:/Users/User/AppData/Local/UnrealEngine/Common/DerivedDataCache/Buckets/LegacyDIST/ea/67/fc5aaecf925376995c301e1fc6e613d7d5d0.udd" 4649
"C:/Users/User/AppData/Local/UnrealEngine/Common/DerivedDataCache/Buckets/LegacyChaosGeometryData/05/5e/e8aa667e9ede40ed6eefc3bd639666a5f910.udd" 4650
"C:/Users/User/AppData/Local/UnrealEngine/Common/DerivedDataCache/Buckets/LegacyCARD/17/d7/4e9a92125801f5647129d421e50ac7726b97.udd" 4651
"C:/Users/User/AppData/Local/UnrealEngine/Common/DerivedDataCache/Buckets/LegacyDIST/44/9a/ceedc57ea9372f062e297d9efea213b3a0ad.udd" 4652
"C:/Users/User/AppData/Local/UnrealEngine/Common/DerivedDataCache/Buckets/LegacyDIST/4c/99/a1cee19da4d503d3ebcff348920093136b96.udd" 4653
"C:/Users/User/AppData/Local/UnrealEngine/Common/DerivedDataCache/Buckets/LegacyCARD/81/3d/17733158575bd6b8e3e9be7613d23330276b.udd" 4654
"C:/Users/User/AppData/Local/UnrealEngine/Common/DerivedDataCache/Buckets/LegacyChaosGeometryData/81/3a/a36d7c1d2ab3c2f220fcf36c6211c2f520ab.udd" 4655
"C:/Users/User/AppData/Local/UnrealEngine/Common/DerivedDataCache/Buckets/LegacyCARD/b9/9a/e4e3c710d40ed0c208d4c61aaa8618a58bef.udd" 4656
"C:/Users/User/AppData/Local/UnrealEngine/Common/DerivedDataCache/Buckets/LegacyChaosGeometryData/48/38/6d2f9d4d3cf5bb8e7bb2dfd93b9972276116.udd" 4657
"C:/Users/User/AppData/Local/UnrealEngine/Common/DerivedDataCache/Buckets/LegacyDIST/8e/4f/a8615d6b5867edd90d934fdb916108fb02ed.udd" 4658
"C:/Users/User/AppData/Local/UnrealEngine/Common/DerivedDataCache/Buckets/LegacyCARD/a0/6c/458317325fd61d70789591ffda0b49b9c1fb.udd" 4659
"C:/Users/User/AppData/Local/UnrealEngine/Common/DerivedDataCache/Buckets/LegacyNavCollision/0e/98/45e86a3de58524beaeb4c1774a3ac6ea24e3.udd" 4660
"C:/Users/User/AppData/Local/UnrealEngine/Common/DerivedDataCache/Buckets/LegacyChaosGeometryData/f9/9d/aedc1f21282df57bdac34e56d6ef2df152b0.udd" 4661
"C:/Users/User/AppData/Local/UnrealEngine/Common/DerivedDataCache/Buckets/StaticMesh/db/d0/24e9d81dc18c89c04e7fbdc39fdd1424defe.udd" 4662
"C:/Users/User/AppData/Local/UnrealEngine/Common/DerivedDataCache/Buckets/LegacyNavCollision/35/69/e38bedfea05fe8b0b8da7600cc5d114316a4.udd" 4663
"C:/Users/User/AppData/Local/UnrealEngine/Common/DerivedDataCache/Buckets/LegacyNavCollision/f2/d9/24e0b9e76a898b32f884f7f2487f5ac06aa3.udd" 4664
"C:/Users/User/AppData/Local/UnrealEngine/Common/DerivedDataCache/Buckets/LegacyNavCollision/06/21/7b285c424f3e9ce400712e2332ffe3f76f6b.udd" 4665
"C:/Users/User/AppData/Local/UnrealEngine/Common/DerivedDataCache/Buckets/StaticMesh/68/5b/7bed2b8b21e56431f281e4519808d1b17316.udd" 4666
"C:/Users/User/AppData/Local/UnrealEngine/Common/DerivedDataCache/Buckets/LegacyNavCollision/37/22/1fd613b22af4567b7920b8650349a0eafc39.udd" 4667
"C:/Users/User/AppData/Local/UnrealEngine/Common/DerivedDataCache/Buckets/StaticMesh/1a/10/0e96ed33f7fe87926c02ad71cdf7e4fcb4b2.udd" 4668
"C:/Users/User/AppData/Local/UnrealEngine/Common/DerivedDataCache/Buckets/StaticMesh/62/45/4240b69e302b03e9b3c872acc9001c8f25f8.udd" 4669
"C:/Users/User/AppData/Local/UnrealEngine/Common/DerivedDataCache/Buckets/LegacyNavCollision/b0/a0/c241217c8161d41149770191544602a1ed81.udd" 4670
"C:/Users/User/AppData/Local/UnrealEngine/Common/DerivedDataCache/Buckets/StaticMesh/75/b7/8f5c1046b07f1ac3d5b80a82be79c024a583.udd" 4671
"C:/Users/User/AppData/Local/UnrealEngine/Common/DerivedDataCache/Buckets/LegacyNavCollision/dd/6b/cfe849d89f3227305ef707eceac3c43d79f3.udd" 4672
"C:/Users/User/AppData/Local/UnrealEngine/Common/DerivedDataCache/Buckets/LegacyNavCollision/e8/37/3f3e2384d4a8dd09c146480adb76bb8ed50c.udd" 4673
"C:/Users/User/AppData/Local/UnrealEngine/Common/DerivedDataCache/Buckets/StaticMesh/8e/4a/3ef8d3a7ab073aeded075fa529d602cbd103.udd" 4674
"C:/Users/User/AppData/Local/UnrealEngine/Common/DerivedDataCache/Buckets/StaticMesh/fd/c5/3c08a0b7882b13d35375b6d54522ce938c57.udd" 4675
"C:/Users/User/AppData/Local/UnrealEngine/Common/DerivedDataCache/Buckets/StaticMesh/fc/86/85c59a6057fe608aa67f79da6c358db5e307.udd" 4676
"C:/Users/User/AppData/Local/UnrealEngine/Common/DerivedDataCache/Buckets/LegacyDIST/ce/39/4f112d778b2f18e59b526c3f527cc813e9f4.udd" 4677
"C:/Users/User/AppData/Local/UnrealEngine/Common/DerivedDataCache/Buckets/LegacyDIST/23/8e/e19f9b6f8868558f02ea3e1b37849e0c66c1.udd" 4678
"C:/Users/User/AppData/Local/UnrealEngine/Common/DerivedDataCache/Buckets/LegacyCARD/23/fb/760506e5207248496fa36d820c6022540f97.udd" 4679
"C:/Users/User/AppData/Local/UnrealEngine/Common/DerivedDataCache/Buckets/LegacyDIST/e2/87/63709ebf1953c94b2bb086b651e6ee496ee3.udd" 4680
"C:/Users/User/AppData/Local/UnrealEngine/Common/DerivedDataCache/Buckets/LegacyCARD/56/68/75486a02d76787ff2855eff81abdd83f1ad6.udd" 4681
"C:/Users/User/AppData/Local/UnrealEngine/Common/DerivedDataCache/Buckets/LegacyNavCollision/fa/09/9908abf8a129ff69a3be2e9bd212b36c5016.udd" 4682
"C:/Users/User/AppData/Local/UnrealEngine/Common/DerivedDataCache/Buckets/LegacyDIST/23/2e/27503cfc3db2c0490c7209b4608adacbf698.udd" 4683
"C:/Users/User/AppData/Local/UnrealEngine/Common/DerivedDataCache/Buckets/LegacyNavCollision/c4/cf/7a9ca55b39a8575869e3a1d01b2387ab51e5.udd" 4684
"C:/Users/User/AppData/Local/UnrealEngine/Common/DerivedDataCache/Buckets/LegacyCARD/07/d3/c51b067d9aa9c7b6cd62625b27877103b975.udd" 4685
"C:/Users/User/AppData/Local/UnrealEngine/Common/DerivedDataCache/Buckets/LegacyDIST/c6/58/772b2141db5059a6adc1c012c183c2e9432b.udd" 4686
"C:/Users/User/AppData/Local/UnrealEngine/Common/DerivedDataCache/Buckets/LegacyCARD/26/64/73c80ff2f07c6f373978b880df01a09fb9c1.udd" 4687
"C:/Users/User/AppData/Local/UnrealEngine/Common/DerivedDataCache/Buckets/LegacyChaosGeometryData/bf/ef/248101c5efc929a16887a60be91778f55090.udd" 4688
"C:/Users/User/AppData/Local/UnrealEngine/Common/DerivedDataCache/Buckets/StaticMesh/a1/e9/c3fa7c3f7b39c4ff433499cb32776fc3c910.udd" 4689
"C:/Users/User/AppData/Local/UnrealEngine/Common/DerivedDataCache/Buckets/StaticMesh/9b/e7/6b53f02e9a08741d1321e058da59a50fcdb0.udd" 4690
"C:/Users/User/AppData/Local/UnrealEngine/Common/DerivedDataCache/Buckets/LegacyCARD/51/1a/1516c76de0fb6a41be844527cb9e31dcca60.udd" 4691
"C:/Users/User/AppData/Local/UnrealEngine/Common/DerivedDataCache/Buckets/LegacyChaosGeometryData/d3/76/1520e862d516de8ba72fd29a50f6d8b707ae.udd" 4692
"C:/Users/User/AppData/Local/UnrealEngine/Common/DerivedDataCache/Buckets/LegacyDIST/93/16/6904905996460e638ec013593176daf036cd.udd" 4693
"C:/Users/User/AppData/Local/UnrealEngine/Common/DerivedDataCache/Buckets/LegacyChaosGeometryData/a4/4c/93c654972e9a4de733ff6fef826fc3e42d9a.udd" 4694
"C:/Users/User/AppData/Local/UnrealEngine/Common/DerivedDataCache/Buckets/LegacyDIST/ee/81/5d8017a12c9c5563168a20bc38a71b9c9c74.udd" 4695
"C:/Users/User/AppData/Local/UnrealEngine/Common/DerivedDataCache/Buckets/LegacyCARD/4e/18/c7bad6338677a034cf5226b3a8800c29589a.udd" 4696
"C:/Users/User/AppData/Local/UnrealEngine/Common/DerivedDataCache/Buckets/LegacyDIST/12/82/04a68481b24f39bb16c4a47205f3cd69c084.udd" 4697
"C:/Users/User/AppData/Local/UnrealEngine/Common/DerivedDataCache/Buckets/LegacyCARD/ab/b4/7ae6fc76e0a5d3f76f7b3e81f8352b12f022.udd" 4698
"C:/Users/User/AppData/Local/UnrealEngine/Common/DerivedDataCache/Buckets/LegacyNavCollision/91/8d/90de03622eb9cbdffc0ae821b0682a83c1bb.udd" 4699
"C:/Users/User/AppData/Local/UnrealEngine/Common/DerivedDataCache/Buckets/LegacyCARD/3b/7c/971ca69132a54fec4460545dbcbba2febe82.udd" 4700
"C:/Users/User/AppData/Local/UnrealEngine/Common/DerivedDataCache/Buckets/LegacyChaosGeometryData/28/81/c3aa004681631d8d2c2f8acc31599d11b877.udd" 4701
"C:/Users/User/AppData/Local/UnrealEngine/Common/DerivedDataCache/Buckets/LegacyNavCollision/ff/cf/9c79a52c9f832bc2db93f7ac6cec954497e9.udd" 4702
"C:/Users/User/AppData/Local/UnrealEngine/Common/DerivedDataCache/Buckets/LegacyDIST/da/fb/4bbbede728dcf6e98ad4cb4a8a3cbead0059.udd" 4703
"C:/Users/User/AppData/Local/UnrealEngine/Common/DerivedDataCache/Buckets/StaticMesh/80/97/70f349cc449fbcf69629dc1a67508f06e3dd.udd" 4704
"C:/Users/User/AppData/Local/UnrealEngine/Common/DerivedDataCache/Buckets/LegacyCARD/29/6c/27be1cddaa6313d4fcbec421a4ef3fc2ea36.udd" 4705
"C:/Users/User/AppData/Local/UnrealEngine/Common/DerivedDataCache/Buckets/LegacyChaosGeometryData/ea/45/df6eafafab5d54ad8115c0bbb206ce97cd93.udd" 4706
"C:/Users/User/AppData/Local/UnrealEngine/Common/DerivedDataCache/Buckets/StaticMesh/0f/4f/092fbe893b676ca654a5d967a023169eaf08.udd" 4707
"C:/Users/User/AppData/Local/UnrealEngine/Common/DerivedDataCache/Buckets/LegacyDIST/3b/f3/3bf80cc6b33dd192613f27fdfbb19d2509bf.udd" 4708
"C:/Users/User/AppData/Local/UnrealEngine/Common/DerivedDataCache/Buckets/LegacyChaosGeometryData/8d/81/4a46d04cb3d946a281a70fc6e7076c55d41d.udd" 4709
"C:/Users/User/AppData/Local/UnrealEngine/Common/DerivedDataCache/Buckets/LegacyNavCollision/b9/bd/ef154e5a9854cb19330352456b0373e06c34.udd" 4710
"C:/Users/User/AppData/Local/UnrealEngine/Common/DerivedDataCache/Buckets/LegacyCARD/80/11/1ee5774caad3255dbd0e1f9ed9e109006a9a.udd" 4711
"C:/Users/User/AppData/Local/UnrealEngine/Common/DerivedDataCache/Buckets/LegacyNavCollision/45/48/f25b1c9b66c829df71e6f2b8f8410f7fed7d.udd" 4712
"C:/Users/User/AppData/Local/UnrealEngine/Common/DerivedDataCache/Buckets/LegacyNavCollision/ba/04/dd9f4e3547e30bfbc0d2f84ecb34a12f0096.udd" 4713
"C:/Users/User/AppData/Local/UnrealEngine/Common/DerivedDataCache/Buckets/LegacyDIST/1f/d2/0780379cbeafb0ab808f5f0301b29b8c6294.udd" 4714
"C:/Users/User/AppData/Local/UnrealEngine/Common/DerivedDataCache/Buckets/StaticMesh/2e/da/c150238d10cc8d3d40d8f537d8867b48a074.udd" 4715
"C:/Users/User/AppData/Local/UnrealEngine/Common/DerivedDataCache/Buckets/LegacyChaosGeometryData/0e/3b/c672d1f3d6618b219e487e0a7b8707f168ec.udd" 4716
"C:/Users/User/AppData/Local/UnrealEngine/Common/DerivedDataCache/Buckets/StaticMesh/61/0f/f140123d603a9c718451c31d7cc496bb69d9.udd" 4717
"C:/Users/User/AppData/Local/UnrealEngine/Common/DerivedDataCache/Buckets/LegacyNavCollision/e0/73/cc5550d626110188a1320d90bc0d893cec80.udd" 4718
"C:/Users/User/AppData/Local/UnrealEngine/Common/DerivedDataCache/Buckets/LegacyCARD/48/47/5ebd131c5814083a877229203b39e9f2137f.udd" 4719
"C:/Users/User/AppData/Local/UnrealEngine/Common/DerivedDataCache/Buckets/StaticMesh/3e/58/e1be71a96e04feacd0b47541ff6fa372884c.udd" 4720
"C:/Users/User/AppData/Local/UnrealEngine/Common/DerivedDataCache/Buckets/StaticMesh/40/9f/95ee68420e7b4a811a17b9f434910ce534fd.udd" 4721
"C:/Users/User/AppData/Local/UnrealEngine/Common/DerivedDataCache/Buckets/LegacyChaosGeometryData/93/df/35311c7e3cc7f5ce1cb159ccd0a2ac1dad5f.udd" 4722
"C:/Users/User/AppData/Local/UnrealEngine/Common/DerivedDataCache/Buckets/LegacyDIST/91/2e/abc689813f366e98f72cb77b0bd9aa8b1bd3.udd" 4723
"C:/Users/User/AppData/Local/UnrealEngine/Common/DerivedDataCache/Buckets/LegacyCARD/32/12/291f9d8115a5dd36d63d7ea291c61c6f2669.udd" 4724
"C:/Users/User/AppData/Local/UnrealEngine/Common/DerivedDataCache/Buckets/LegacyChaosGeometryData/21/6e/6f9e6b32b743c1ca36087433c4d673a8af4a.udd" 4725
"C:/Users/User/AppData/Local/UnrealEngine/Common/DerivedDataCache/Buckets/LegacyNavCollision/36/2e/b0b0b15a45e1a5fab7dc33b6b1a4bd638845.udd" 4726
"C:/Users/User/AppData/Local/UnrealEngine/Common/DerivedDataCache/Buckets/LegacyNavCollision/5a/c7/7c84c93f932c6af3312ac9756e982ff05e25.udd" 4727
"C:/Users/User/AppData/Local/UnrealEngine/Common/DerivedDataCache/Buckets/StaticMesh/db/fd/d5d9596a42e6a75a6a5102c4ec953b42dbf5.udd" 4728
"C:/Users/User/AppData/Local/UnrealEngine/Common/DerivedDataCache/Buckets/LegacyNavCollision/d8/fd/33cb8be0a168be4d0f4e2ffb7d05970dfc5f.udd" 4729
"C:/Users/User/AppData/Local/UnrealEngine/Common/DerivedDataCache/Buckets/StaticMesh/a0/a9/a76990d7ff49071edd1cd91f35e9ab79465a.udd" 4730
"C:/Users/User/AppData/Local/UnrealEngine/Common/DerivedDataCache/Buckets/LegacyDIST/bb/b5/133fe0472086092905b413b171bdb96173ee.udd" 4731
"C:/Users/User/AppData/Local/UnrealEngine/Common/DerivedDataCache/Buckets/LegacyDIST/ca/72/55924149507e22c85cbdd70267a4163dc2b2.udd" 4732
"C:/Users/User/AppData/Local/UnrealEngine/Common/DerivedDataCache/Buckets/LegacyDIST/b5/fb/1d4c983528203d2cf8769f88722040b68802.udd" 4733
"C:/Users/User/AppData/Local/UnrealEngine/Common/DerivedDataCache/Buckets/LegacyCARD/e4/40/512058ab2a07ef911e2566821a9e93f8bc63.udd" 4734
"C:/Users/User/AppData/Local/UnrealEngine/Common/DerivedDataCache/Buckets/StaticMesh/74/5d/8e4d77afb0731be0bab2a6ddb1fe7412c123.udd" 4735
"C:/Users/User/AppData/Local/UnrealEngine/Common/DerivedDataCache/Buckets/LegacyCARD/9c/90/0eab8ff573b7a62e5c73ed35f42be8bafc6d.udd" 4736
"C:/Users/User/AppData/Local/UnrealEngine/Common/DerivedDataCache/Buckets/LegacyCARD/d7/16/60d9df4013171bc62189341d0fef6aba6d6e.udd" 4737
"C:/Users/User/AppData/Local/UnrealEngine/Common/DerivedDataCache/Buckets/LegacyChaosGeometryData/ef/ef/47c7f581ec26bddc82b7bed0245e4b75c802.udd" 4738
"C:/Users/User/AppData/Local/UnrealEngine/Common/DerivedDataCache/Buckets/LegacyDIST/c6/61/d672a26432bd83e5448e1e3427146d04812e.udd" 4739
"C:/Users/User/AppData/Local/UnrealEngine/Common/DerivedDataCache/Buckets/LegacyChaosGeometryData/0f/fe/c78f0d943fe1bc325839c1b245476ee6e563.udd" 4740
"C:/Users/User/AppData/Local/UnrealEngine/Common/DerivedDataCache/Buckets/LegacyCARD/b8/18/87a278de70fae6488ae1c2eee518cde15774.udd" 4741
"C:/Users/User/AppData/Local/UnrealEngine/Common/DerivedDataCache/Buckets/LegacyNavCollision/4b/d8/aa3193373735a92b899414ed4b9383dc83ba.udd" 4742
"C:/Users/User/AppData/Local/UnrealEngine/Common/DerivedDataCache/Buckets/LegacyNavCollision/26/aa/a2d36924a71311655e5fc51b12d5c3596524.udd" 4743
"C:/Users/User/AppData/Local/UnrealEngine/Common/DerivedDataCache/Buckets/LegacyChaosGeometryData/60/95/7a9277b9111dabc2f9311e7f271ab8487678.udd" 4744
"C:/Users/User/AppData/Local/UnrealEngine/Common/DerivedDataCache/Buckets/LegacyNavCollision/85/49/65095e958956b2cffefe9c342f6f7fe1d91d.udd" 4745
"C:/Users/User/AppData/Local/UnrealEngine/Common/DerivedDataCache/Buckets/StaticMesh/18/ed/417791332bf1a5328be2be6290c3d0f39eac.udd" 4746
"C:/Users/User/AppData/Local/UnrealEngine/Common/DerivedDataCache/Buckets/StaticMesh/72/b1/7e2c51bc9e429bc2b8f5f37357c9f7d282ce.udd" 4747
"C:/Users/User/AppData/Local/UnrealEngine/Common/DerivedDataCache/Buckets/LegacyNavCollision/f1/7a/40eca75b69703a3cedf8d3aa2d10416fe16c.udd" 4748
"C:/Users/User/AppData/Local/UnrealEngine/Common/DerivedDataCache/Buckets/StaticMesh/3b/ea/f67cc99ddb219d2460f450bbde503b150413.udd" 4749
"C:/Users/User/AppData/Local/UnrealEngine/Common/DerivedDataCache/Buckets/StaticMesh/88/db/f6b462b39a6ebb4b60013e6122cc3d17f218.udd" 4750
"C:/Users/User/AppData/Local/UnrealEngine/Common/DerivedDataCache/Buckets/LegacyDIST/2d/e9/0c5b981bd4efab0095712cdf0b98b06cdd2a.udd" 4751
"C:/Users/User/AppData/Local/UnrealEngine/Common/DerivedDataCache/Buckets/LegacyNavCollision/39/e5/a518f36d689d4e696ba6b129e4e05c602f7e.udd" 4752
"C:/Users/User/AppData/Local/UnrealEngine/Common/DerivedDataCache/Buckets/LegacyCARD/ed/9f/3bd8f5a3993d38cb2a2c47eb427d1771a1f9.udd" 4753
"C:/Users/User/AppData/Local/UnrealEngine/Common/DerivedDataCache/Buckets/StaticMesh/b6/9d/19c5778a5fb11951ae394de60dfdc6145cb2.udd" 4754
"C:/Users/User/AppData/Local/UnrealEngine/Common/DerivedDataCache/Buckets/LegacyChaosGeometryData/e8/f8/42f8f2b6f99cf4091c0a1bed9b39ba87b477.udd" 4755
"C:/Users/User/AppData/Local/UnrealEngine/Common/DerivedDataCache/Buckets/LegacyNavCollision/e0/72/cd2393ce5fc0cea708260b2f4f0cec717357.udd" 4756
"C:/Users/User/AppData/Local/UnrealEngine/Common/DerivedDataCache/Buckets/StaticMesh/01/cc/465c2982777891311e3fee9ed58b0e4436e5.udd" 4757
"C:/Users/User/AppData/Local/UnrealEngine/Common/DerivedDataCache/Buckets/LegacyDIST/19/74/80f35fd3cff947718cf724768a4ae695f507.udd" 4758
"C:/Users/User/AppData/Local/UnrealEngine/Common/DerivedDataCache/Buckets/LegacyNavCollision/2a/d2/d42ceb80a29e9d1f0874bd519569204d1536.udd" 4759
"C:/Users/User/AppData/Local/UnrealEngine/Common/DerivedDataCache/Buckets/LegacyDIST/66/ee/0e93bb113c197e0360fca25a5166c9d5c325.udd" 4760
"C:/Users/User/AppData/Local/UnrealEngine/Common/DerivedDataCache/Buckets/LegacyDIST/41/23/259d9fa28480396ae50970e112b2f95e9b53.udd" 4761
"C:/Users/User/AppData/Local/UnrealEngine/Common/DerivedDataCache/Buckets/LegacyCARD/08/81/e92ae12adfa4c0a06167278467fbc0ea53e3.udd" 4762
"C:/Users/User/AppData/Local/UnrealEngine/Common/DerivedDataCache/Buckets/LegacyCARD/e5/be/f292748063bf104b5f8831898d08d390d09c.udd" 4763
"C:/Users/User/AppData/Local/UnrealEngine/Common/DerivedDataCache/Buckets/LegacyDIST/c3/f7/3922f758c559829b5391907965603c8ee52c.udd" 4764
"C:/Users/User/AppData/Local/UnrealEngine/Common/DerivedDataCache/Buckets/LegacyDIST/eb/71/5f35214bfe65648c0a6bd4b15c21990b1f83.udd" 4765
"C:/Users/User/AppData/Local/UnrealEngine/Common/DerivedDataCache/Buckets/StaticMesh/7b/eb/ccc25c59d728a0c1a9d645d1236237cd7a22.udd" 4766
"C:/Users/User/AppData/Local/UnrealEngine/Common/DerivedDataCache/Buckets/LegacyCARD/1e/eb/bc1a59a0b8dbf39756a5eb46c03e1a0e22f4.udd" 4767
"C:/Users/User/AppData/Local/UnrealEngine/Common/DerivedDataCache/Content/7f/7c/aed05bb5c4d18a8aaa669cadc010d9274a99.udd" 4768
"C:/Users/User/AppData/Local/UnrealEngine/Common/DerivedDataCache/Buckets/LegacyCARD/b7/d2/adbca4362f3946b65cdfb343b32bebc3b9d9.udd" 4769
"C:/Users/User/AppData/Local/UnrealEngine/Common/DerivedDataCache/Buckets/LegacyChaosGeometryData/66/32/db9c129dad714679e6be71a9c951fd91915d.udd" 4770
"C:/Users/User/AppData/Local/UnrealEngine/Common/DerivedDataCache/Buckets/LegacyCARD/56/0d/1e30b4c53068f9c9ccffe4278a6e61fdc71d.udd" 4771
"C:/Users/User/AppData/Local/UnrealEngine/Common/DerivedDataCache/Buckets/LegacyChaosGeometryData/7f/89/f389de61710ef63521f3f9c412602ad342d8.udd" 4772
"C:/Users/User/AppData/Local/UnrealEngine/Common/DerivedDataCache/Buckets/LegacyChaosGeometryData/5b/30/fb1619bfc1a106b25b1f15e9087bade52301.udd" 4773
"C:/Users/User/AppData/Local/UnrealEngine/Common/DerivedDataCache/Buckets/LegacyDIST/9c/4d/d42235a4f2cd5d960c2c587e8caa3e03195c.udd" 4774
"C:/Users/User/AppData/Local/UnrealEngine/Common/DerivedDataCache/Buckets/LegacyDIST/1c/11/24d499eacbb7e5abc76d1ed2602ce3ab26ef.udd" 4775
"C:/Users/User/AppData/Local/UnrealEngine/Common/DerivedDataCache/Buckets/LegacyChaosGeometryData/c1/b6/51ea2612df3ed22d4b123a9bd2a20c799b7b.udd" 4776
"C:/Users/User/AppData/Local/UnrealEngine/Common/DerivedDataCache/Buckets/LegacyChaosGeometryData/84/9b/01bcce9dbff7048be21a04edc69a9a50c458.udd" 4777
"C:/Users/User/AppData/Local/UnrealEngine/Common/DerivedDataCache/Buckets/LegacyNavCollision/3a/44/e59714eb09b048d30ab1fe52cd7eccb47814.udd" 4778
"C:/Users/User/AppData/Local/UnrealEngine/Common/DerivedDataCache/Buckets/LegacyCARD/d0/e3/7ab17a057dc49b0c4ad99a9dfa50efdc70e2.udd" 4779
"C:/Users/User/AppData/Local/UnrealEngine/Common/DerivedDataCache/Buckets/LegacyNavCollision/64/85/43c8f7f8dffb512df978d6adcf1c487613d7.udd" 4780
"C:/Users/User/AppData/Local/UnrealEngine/Common/DerivedDataCache/Buckets/LegacyCARD/e5/3a/37b4c7028e69b5f653702a5bfe3c6ccc25f3.udd" 4781
"C:/Users/User/AppData/Local/UnrealEngine/Common/DerivedDataCache/Buckets/LegacyDIST/c2/18/b08276cdccb7a4aa0919e794cefc153d0c84.udd" 4782
"C:/Users/User/AppData/Local/UnrealEngine/Common/DerivedDataCache/Buckets/LegacyChaosGeometryData/42/44/86581d1887f8b6769d62488a3ad3b57a2674.udd" 4783
"C:/Users/User/AppData/Local/UnrealEngine/Common/DerivedDataCache/Buckets/StaticMesh/b6/ee/1919cd0e26454dbcf49a1fb4ff9b4242a8fb.udd" 4784
"C:/Users/User/AppData/Local/UnrealEngine/Common/DerivedDataCache/Buckets/StaticMesh/fe/60/b3dd7006f227eb29ec6141f459b94efde981.udd" 4785
"C:/Users/User/AppData/Local/UnrealEngine/Common/DerivedDataCache/Buckets/LegacyCARD/81/18/fdbf7e1e7b7e0bff3d6509bcff973af3a296.udd" 4786
"C:/Users/User/AppData/Local/UnrealEngine/Common/DerivedDataCache/Buckets/LegacyChaosGeometryData/b8/27/f150cb8a899fce30104d0a8907d0ed583b7d.udd" 4787
"C:/Users/User/AppData/Local/UnrealEngine/Common/DerivedDataCache/Buckets/LegacyChaosGeometryData/9b/6d/5dc034ada043f14e083a26e2e870cf398445.udd" 4788
"C:/Users/User/AppData/Local/UnrealEngine/Common/DerivedDataCache/Buckets/LegacyNavCollision/5d/36/fea36d4be8a4ba2d106396c90a9fe88e24d6.udd" 4789
"C:/Users/User/AppData/Local/UnrealEngine/Common/DerivedDataCache/Buckets/LegacyDIST/0b/b3/206360fbdb73657f3d3392c6369d2adbcd43.udd" 4790
"C:/Users/User/AppData/Local/UnrealEngine/Common/DerivedDataCache/Buckets/StaticMesh/6c/c4/2de8211ecf8ebbe558df603327d399b071e0.udd" 4791
"C:/Users/User/AppData/Local/UnrealEngine/Common/DerivedDataCache/Buckets/LegacyNavCollision/31/08/e7c88d60149520d8d316f8e9a62c5a6a5f7c.udd" 4792
"C:/Users/User/AppData/Local/UnrealEngine/Common/DerivedDataCache/Buckets/LegacyCARD/07/b7/c77de78e3b4defa558289bf019db23c39271.udd" 4793
"C:/Users/User/AppData/Local/UnrealEngine/Common/DerivedDataCache/Buckets/StaticMesh/71/ae/5738a9ce95d592841a51fbfb9b4c783a9c3b.udd" 4794
"C:/Users/User/AppData/Local/UnrealEngine/Common/DerivedDataCache/Buckets/LegacyChaosGeometryData/67/fa/c76c42323a2ac8745b64d7504be7406554f3.udd" 4795
"C:/Users/User/AppData/Local/UnrealEngine/Common/DerivedDataCache/Buckets/LegacyNavCollision/23/61/6f6edf480db2e4836f9bbd82f4f77030805a.udd" 4796
"C:/Users/User/AppData/Local/UnrealEngine/Common/DerivedDataCache/Buckets/LegacyDIST/db/02/8facc52c34bbaef700d39e7f3a46c9dc6fc9.udd" 4797
"C:/Users/User/AppData/Local/UnrealEngine/Common/DerivedDataCache/Buckets/LegacyNavCollision/00/08/fd1b1fc45ca6eb4ced4cb3203c2a0db620cc.udd" 4798
"C:/Users/User/AppData/Local/UnrealEngine/Common/DerivedDataCache/Buckets/LegacyCARD/d5/60/58d6f8f23d2618b9889461afce37e4d76d72.udd" 4799
"C:/Users/User/AppData/Local/UnrealEngine/Common/DerivedDataCache/Buckets/StaticMesh/69/8f/f5af2880c5b4dc01c179cdab3a61b80d9bf6.udd" 4800
"C:/Users/User/AppData/Local/UnrealEngine/Common/DerivedDataCache/Buckets/StaticMesh/32/20/c7ad1d5e46c542513855a9b016813728c6a9.udd" 4801
"C:/Users/User/AppData/Local/UnrealEngine/Common/DerivedDataCache/Buckets/LegacyChaosGeometryData/3d/48/d3a22e7d50cffc6d879b8ee92e8b0e3989df.udd" 4802
"C:/Users/User/AppData/Local/UnrealEngine/Common/DerivedDataCache/Buckets/LegacyNavCollision/db/22/da5ab1243553f2cf1fac078dc9e13fc07956.udd" 4803
"C:/Users/User/AppData/Local/UnrealEngine/Common/DerivedDataCache/Buckets/StaticMesh/6b/8d/93932db05d540846e54b49349068b51c43d4.udd" 4804
"C:/Users/User/AppData/Local/UnrealEngine/Common/DerivedDataCache/Buckets/LegacyNavCollision/9c/0a/22de2261781ec36008852f71d03ea2fec9e3.udd" 4805
"C:/Users/User/AppData/Local/UnrealEngine/Common/DerivedDataCache/Buckets/LegacyNavCollision/5b/6d/ffcc1a41b54c212d13bdcf8c17405e50aed2.udd" 4806
"C:/Users/User/AppData/Local/UnrealEngine/Common/DerivedDataCache/Buckets/StaticMesh/6a/cb/2561a68b3e558140322460ad5564126ef264.udd" 4807
"C:/Users/User/AppData/Local/UnrealEngine/Common/DerivedDataCache/Buckets/LegacyNavCollision/ee/d0/fc2b12b8fa8d8168e2f29a83a37a1b726e55.udd" 4808
"C:/Users/User/AppData/Local/UnrealEngine/Common/DerivedDataCache/Buckets/StaticMesh/60/e8/44bab7ab57b92f1dab989ec481d55cff7dee.udd" 4809
"C:/Users/User/AppData/Local/UnrealEngine/Common/DerivedDataCache/Buckets/LegacyNavCollision/de/4e/c72013d795c86374f9299d49981f2340aa45.udd" 4810
"C:/Users/User/AppData/Local/UnrealEngine/Common/DerivedDataCache/Buckets/LegacyNavCollision/e6/a5/c4ca0499d7b2296458606575670372802305.udd" 4811
"C:/Users/User/AppData/Local/UnrealEngine/Common/DerivedDataCache/Content/c9/36/460a114f91bcf73a742426f08805d39d5f55.udd" 4812
"C:/Users/User/AppData/Local/UnrealEngine/Common/DerivedDataCache/Buckets/StaticMesh/a5/ce/a58bf90b687f70693cbb527aa313c78ff2c2.udd" 4813
"C:/Users/User/AppData/Local/UnrealEngine/Common/DerivedDataCache/Buckets/LegacyDIST/55/0a/16b59e96e25024a42371f0b5dd27755a2d03.udd" 4814
"C:/Users/User/AppData/Local/UnrealEngine/Common/DerivedDataCache/Buckets/LegacyDIST/1b/be/d02afc8abe057e0754cb1b7d01e19de27388.udd" 4815
"C:/Users/User/AppData/Local/UnrealEngine/Common/DerivedDataCache/Buckets/LegacyDIST/17/76/df30b8e7f81b68965d2ebfeac2a3b6d72293.udd" 4816
"C:/Users/User/AppData/Local/UnrealEngine/Common/DerivedDataCache/Buckets/StaticMesh/1b/b3/99890f83e32a9ed4f6de0e10a6490c6db443.udd" 4817
"C:/Users/User/AppData/Local/UnrealEngine/Common/DerivedDataCache/Buckets/LegacyCARD/68/46/d99123df52d5a5ccdc7bad1aa8322988b742.udd" 4818
"C:/Users/User/AppData/Local/UnrealEngine/Common/DerivedDataCache/Buckets/StaticMesh/a2/a8/2a8dbc1e50f31649c8fd6feb045397f68ff3.udd" 4819
"C:/Users/User/AppData/Local/UnrealEngine/Common/DerivedDataCache/Buckets/LegacyDIST/fa/ae/fa4462f3114cecfb843b77695ccd58c97d37.udd" 4820
"C:/Users/User/AppData/Local/UnrealEngine/Common/DerivedDataCache/Buckets/LegacyCARD/f9/aa/f5b84f18228344a361c45de996a29580cddf.udd" 4821
"C:/Users/User/AppData/Local/UnrealEngine/Common/DerivedDataCache/Buckets/LegacyNavCollision/ce/2e/3b13a4ec207f50d2d64212544fb802a12040.udd" 4822
"C:/Users/User/AppData/Local/UnrealEngine/Common/DerivedDataCache/Buckets/LegacyCARD/30/d6/078a522ac4b5cecfb4598744ff03c430506f.udd" 4823
"C:/Users/User/AppData/Local/UnrealEngine/Common/DerivedDataCache/Buckets/LegacyChaosGeometryData/bb/c2/77deb673f3e2f2abf19e5910a1d64807a0cf.udd" 4824
"C:/Users/User/AppData/Local/UnrealEngine/Common/DerivedDataCache/Buckets/LegacyDIST/9a/be/aaefb53d39e538904473d2c8eaa4dd2ee697.udd" 4825
"C:/Users/User/AppData/Local/UnrealEngine/Common/DerivedDataCache/Buckets/LegacyChaosGeometryData/64/61/6eb7386374dad1c637df5fb14e51d15dd753.udd" 4826
"C:/Users/User/AppData/Local/UnrealEngine/Common/DerivedDataCache/Buckets/LegacyCARD/f3/6b/a9dd52e919a6cc861fdeda833b36902d4d17.udd" 4827
"C:/Users/User/AppData/Local/UnrealEngine/Common/DerivedDataCache/Buckets/StaticMesh/85/0b/844841954385e5100b9c69bbd4b11b282a7a.udd" 4828
"C:/Users/User/AppData/Local/UnrealEngine/Common/DerivedDataCache/Buckets/LegacyChaosGeometryData/56/43/41223612e09423a3ddf3447596109e2860ae.udd" 4829
"C:/Users/User/AppData/Local/UnrealEngine/Common/DerivedDataCache/Buckets/LegacyDIST/c4/fd/12d9cf548b966125fea58b5bfb2b1d3ce86e.udd" 4830
"C:/Users/User/AppData/Local/UnrealEngine/Common/DerivedDataCache/Buckets/LegacyCARD/4e/70/4617f9b7b1adfeb92b719106e8bb7e7f06f9.udd" 4831
"C:/Users/User/AppData/Local/UnrealEngine/Common/DerivedDataCache/Buckets/LegacyChaosGeometryData/3a/b9/c572e3296299bcab470b7d749443b6a35889.udd" 4832
"C:/Users/User/AppData/Local/UnrealEngine/Common/DerivedDataCache/Buckets/LegacyCARD/c2/db/1096d4d7b3b19e27f4c58c65ae4087e49a85.udd" 4833
"C:/Users/User/AppData/Local/UnrealEngine/Common/DerivedDataCache/Buckets/LegacyChaosGeometryData/7c/95/fd512da397a6af6d4977f7289f6b1d9f2bb0.udd" 4834
"C:/Users/User/AppData/Local/UnrealEngine/Common/DerivedDataCache/Buckets/LegacyNavCollision/e2/68/ef6c582f1b2ca9ad6b4a805831c1e204dd20.udd" 4835
"C:/Users/User/AppData/Local/UnrealEngine/Common/DerivedDataCache/Buckets/LegacyChaosGeometryData/e3/33/db4ad7377e983a7667fcb255d61cea6752cd.udd" 4836
"C:/Users/User/AppData/Local/UnrealEngine/Common/DerivedDataCache/Buckets/LegacyDIST/f5/e8/27fdc22e5175e75354071a2a43701655fb17.udd" 4837
"C:/Users/User/AppData/Local/UnrealEngine/Common/DerivedDataCache/Buckets/LegacyDIST/58/c1/98a3b7176e6578bf770e1766010c10e88a52.udd" 4838
"C:/Users/User/AppData/Local/UnrealEngine/Common/DerivedDataCache/Buckets/StaticMesh/48/49/fbdd8ba3736ed3baea48ad60cafad38ba88c.udd" 4839
"C:/Users/User/AppData/Local/UnrealEngine/Common/DerivedDataCache/Buckets/LegacyCARD/0d/04/e76e6e7b2b4a717ccf8adb4259b4b52ae13b.udd" 4840
"C:/Users/User/AppData/Local/UnrealEngine/Common/DerivedDataCache/Buckets/LegacyCARD/16/ad/bb74bae76f97396e678759aa356121269375.udd" 4841
"C:/Users/User/AppData/Local/UnrealEngine/Common/DerivedDataCache/Buckets/LegacyDIST/69/f2/9a0813408b160802b31db15a65cf4c13d9df.udd" 4842
"C:/Users/User/AppData/Local/UnrealEngine/Common/DerivedDataCache/Buckets/LegacyNavCollision/cd/fb/a03194f2d88b1acb44986a708d70e30e3711.udd" 4843
"C:/Users/User/AppData/Local/UnrealEngine/Common/DerivedDataCache/Buckets/LegacyChaosGeometryData/7f/e9/3d4183690866f9edfbbe4cbeba371fbd9c77.udd" 4844
"C:/Users/User/AppData/Local/UnrealEngine/Common/DerivedDataCache/Buckets/LegacyCARD/14/78/3c477d5977de79a20429f51d82e99fb9cb9d.udd" 4845
"C:/Users/User/AppData/Local/UnrealEngine/Common/DerivedDataCache/Buckets/StaticMesh/97/6f/f5d5e07fc64641965d0b4995860e7746d2a7.udd" 4846
"C:/Users/User/AppData/Local/UnrealEngine/Common/DerivedDataCache/Buckets/LegacyDIST/74/e3/e5d09ec511af5fe5abd911c0a6e9fb6e51dd.udd" 4847
"C:/Users/User/AppData/Local/UnrealEngine/Common/DerivedDataCache/Buckets/LegacyChaosGeometryData/42/77/ddbb92ac931e485eb94d1ceba388eab7f27c.udd" 4848
"C:/Users/User/AppData/Local/UnrealEngine/Common/DerivedDataCache/Buckets/LegacyChaosGeometryData/96/5b/57476517d2fc6decd5f702b1bd5bbdb2f49c.udd" 4849
"C:/Users/User/AppData/Local/UnrealEngine/Common/DerivedDataCache/Buckets/LegacyCARD/57/e2/d89c9be0d0875fd9c4e1c65255b106ab88cf.udd" 4850
"C:/Users/User/AppData/Local/UnrealEngine/Common/DerivedDataCache/Content/b7/b6/40e43e947c8966692167b9801962dcdea882.udd" 4851
"C:/Users/User/AppData/Local/UnrealEngine/Common/DerivedDataCache/Buckets/LegacyNavCollision/24/eb/698caf74481c240f3d37fcd3669501466efc.udd" 4852
"C:/Users/User/AppData/Local/UnrealEngine/Common/DerivedDataCache/Buckets/LegacyDIST/39/62/d97f31ccdca9c7fd16db5dd03f3f27ed1485.udd" 4853
"C:/Users/User/AppData/Local/UnrealEngine/Common/DerivedDataCache/Buckets/LegacyCARD/94/5e/29ec7e1c41c745188cf2add14d3a3ab7ce8d.udd" 4854
"C:/Users/User/AppData/Local/UnrealEngine/Common/DerivedDataCache/Buckets/StaticMesh/09/69/a7e52eb372d08f63800e82d00d3ee24510d3.udd" 4855
"C:/Users/User/AppData/Local/UnrealEngine/Common/DerivedDataCache/Buckets/LegacyNavCollision/05/24/ecfa5472b098592eb6cb0abfd10ec0dcf9af.udd" 4856
"C:/Users/User/AppData/Local/UnrealEngine/Common/DerivedDataCache/Buckets/LegacyChaosGeometryData/08/67/4902dab85018173da9ac7a59d42e7d5aeae8.udd" 4857
"C:/Users/User/AppData/Local/UnrealEngine/Common/DerivedDataCache/Buckets/LegacyNavCollision/d6/57/e71e42cb128fdc5a18127902d42557b42c36.udd" 4858
"C:/Users/User/AppData/Local/UnrealEngine/Common/DerivedDataCache/Buckets/StaticMesh/9f/aa/270efb9dd3768120e019c2b5cbfb0d2893eb.udd" 4859
"C:/Users/User/AppData/Local/UnrealEngine/Common/DerivedDataCache/Buckets/StaticMesh/63/9e/cb8508f36d14371db99386439a2df0e2986c.udd" 4860
"C:/Users/User/AppData/Local/UnrealEngine/Common/DerivedDataCache/Buckets/LegacyNavCollision/48/65/4a0de476b738333109a62ea11079404736ae.udd" 4861
"C:/Users/User/AppData/Local/UnrealEngine/Common/DerivedDataCache/Buckets/LegacyNavCollision/d3/53/a94c4660304082b0b2afa6dcb0e3a1ecf619.udd" 4862
"C:/Users/User/AppData/Local/UnrealEngine/Common/DerivedDataCache/Buckets/LegacyDIST/c8/6f/5c837c9df3d0b41be143eafcccebc252fa49.udd" 4863
"C:/Users/User/AppData/Local/UnrealEngine/Common/DerivedDataCache/Buckets/StaticMesh/7b/da/51f0c283e799b6f5ca19cd9e211cb61fdb5f.udd" 4864
"C:/Users/User/AppData/Local/UnrealEngine/Common/DerivedDataCache/Buckets/StaticMesh/8b/4e/fb0e1095c9b08883c754c120ce2d20fd8379.udd" 4865
"C:/Users/User/AppData/Local/UnrealEngine/Common/DerivedDataCache/Buckets/LegacyCARD/ff/4c/fe2e0134160540580e64cc1720e538c5d6fa.udd" 4866
"C:/Users/User/AppData/Local/UnrealEngine/Common/DerivedDataCache/Buckets/LegacyDIST/95/44/1569b1da351eb83c4f1fb384aa5bd9226d88.udd" 4867
"C:/Users/User/AppData/Local/UnrealEngine/Common/DerivedDataCache/Buckets/LegacyDIST/15/e2/4e263af440cf6891932de2e861171034ecca.udd" 4868
"C:/Users/User/AppData/Local/UnrealEngine/Common/DerivedDataCache/Buckets/LegacyDIST/50/17/d86bdb7da6fea79e013de7c34a369af888c7.udd" 4869
"C:/Users/User/AppData/Local/UnrealEngine/Common/DerivedDataCache/Buckets/LegacyNavCollision/67/87/812d1982c405a50167e3f0745c8c3bdb32f0.udd" 4870
"C:/Users/User/AppData/Local/UnrealEngine/Common/DerivedDataCache/Buckets/LegacyCARD/ea/6d/30d986d60ed64e1ed0877ce2ef6f8c8e32f4.udd" 4871
"C:/Users/User/AppData/Local/UnrealEngine/Common/DerivedDataCache/Buckets/LegacyChaosGeometryData/39/62/bcdd791d2343b569aaa8ff32af707f39acef.udd" 4872
"C:/Users/User/AppData/Local/UnrealEngine/Common/DerivedDataCache/Buckets/LegacyCARD/75/85/6fc06b6e7daddae7a62db40192ff04b14554.udd" 4873
"C:/Users/User/AppData/Local/UnrealEngine/Common/DerivedDataCache/Buckets/LegacyCARD/87/53/74cfc7f48b53b6e187e17e628f2323230c82.udd" 4874
"C:/Users/User/AppData/Local/UnrealEngine/Common/DerivedDataCache/Buckets/StaticMesh/2e/41/60c9d897f2349ffe91699e35412ba6cc5bae.udd" 4875
"C:/Users/User/AppData/Local/UnrealEngine/Common/DerivedDataCache/Buckets/LegacyChaosGeometryData/e2/e9/ed19c0ec73be80f84e8755505fc163d3a21a.udd" 4876
"C:/Users/User/AppData/Local/UnrealEngine/Common/DerivedDataCache/Buckets/LegacyChaosGeometryData/14/4a/b74ef6e704fe3d1cdc8375ada7e815fd39ce.udd" 4877
"C:/Users/User/AppData/Local/UnrealEngine/Common/DerivedDataCache/Buckets/LegacyDIST/6d/b8/d45053f20394e83231eedb5b49aec2abb1df.udd" 4878
"C:/Users/User/AppData/Local/UnrealEngine/Common/DerivedDataCache/Buckets/LegacyCARD/83/ed/53ccb70cbc9ddc9a3e9503ade1cb3310cd54.udd" 4879
"C:/Users/User/AppData/Local/UnrealEngine/Common/DerivedDataCache/Buckets/LegacyDIST/68/c0/4006b9176fc5a0261dce15c75b725a3732f6.udd" 4880
"C:/Users/User/AppData/Local/UnrealEngine/Common/DerivedDataCache/Buckets/LegacyNavCollision/aa/43/c4c97f5831025f1bc5a9f8e345e290e1b9fb.udd" 4881
"C:/Users/User/AppData/Local/UnrealEngine/Common/DerivedDataCache/Buckets/LegacyDIST/e6/39/3eccda84656fdf677d0b3cb4492630bfb699.udd" 4882
"C:/Users/User/AppData/Local/UnrealEngine/Common/DerivedDataCache/Buckets/LegacyCARD/85/66/2a5669b12533d0605670390b75557d91c86a.udd" 4883
"C:/Users/User/AppData/Local/UnrealEngine/Common/DerivedDataCache/Buckets/LegacyCARD/82/d3/a14c9693c6730555726b1bf804541162b158.udd" 4884
"C:/Users/User/AppData/Local/UnrealEngine/Common/DerivedDataCache/Buckets/LegacyDIST/90/85/266ad387036e68cd0c1df1729bd06ee9eede.udd" 4885
"C:/Users/User/AppData/Local/UnrealEngine/Common/DerivedDataCache/Buckets/StaticMesh/34/e7/1808df8ac73cf88b46b76162152d54066be2.udd" 4886
"C:/Users/User/AppData/Local/UnrealEngine/Common/DerivedDataCache/Buckets/LegacyCARD/43/fd/751eb656120524866855ee332c3e7de8dd63.udd" 4887
"C:/Users/User/AppData/Local/UnrealEngine/Common/DerivedDataCache/Buckets/LegacyChaosGeometryData/e1/a9/8acbbb60915e71b8874ff20a31e92211965d.udd" 4888
"C:/Users/User/AppData/Local/UnrealEngine/Common/DerivedDataCache/Buckets/LegacyChaosGeometryData/c4/b2/044aa85ea8d5ffb98be3e54a10488b4aba8d.udd" 4889
"C:/Users/User/AppData/Local/UnrealEngine/Common/DerivedDataCache/Buckets/LegacyChaosGeometryData/4f/6c/670a742f35128492fbe02855ab3bfb83fe43.udd" 4890
"C:/Users/User/AppData/Local/UnrealEngine/Common/DerivedDataCache/Buckets/LegacyDIST/84/3e/7b6af1fec306784861f95bfef6a014a87c82.udd" 4891
"C:/Users/User/AppData/Local/UnrealEngine/Common/DerivedDataCache/Buckets/LegacyCARD/fa/9f/af430112b540372b5f426dacd516fdf0fc1b.udd" 4892
"C:/Users/User/AppData/Local/UnrealEngine/Common/DerivedDataCache/Buckets/LegacyChaosGeometryData/88/d3/b0eeec989056ada6dbfb7a11c1f30ef699e3.udd" 4893
"C:/Users/User/AppData/Local/UnrealEngine/Common/DerivedDataCache/Buckets/LegacyNavCollision/a9/d0/e6208be4bca71b24a8316c35b258ee865dc7.udd" 4894
"C:/Users/User/AppData/Local/UnrealEngine/Common/DerivedDataCache/Buckets/LegacyDIST/cf/de/92da78e181603e9380d9161e8605291ea64c.udd" 4895
"C:/Users/User/AppData/Local/UnrealEngine/Common/DerivedDataCache/Buckets/StaticMesh/43/92/3c957a63f66fe0b61bec45784ef7815fbfc5.udd" 4896
"C:/Users/User/AppData/Local/UnrealEngine/Common/DerivedDataCache/Buckets/LegacyCARD/a8/d9/1d312cef1c46dd4c83216a9292724cd1c7e2.udd" 4897
"C:/Users/User/AppData/Local/UnrealEngine/Common/DerivedDataCache/Buckets/LegacyNavCollision/ba/ac/5f7ef3beed2800ffd29fcb2e779d1af8b0ab.udd" 4898
"C:/Users/User/AppData/Local/UnrealEngine/Common/DerivedDataCache/Buckets/LegacyChaosGeometryData/f5/c2/a8c9f9c8667b221214798e164e9cdf8aa7ae.udd" 4899
"C:/Users/User/AppData/Local/UnrealEngine/Common/DerivedDataCache/Buckets/LegacyNavCollision/a9/b4/f57ebd8dce77205ae48b670188548de2e24d.udd" 4900
"C:/Users/User/AppData/Local/UnrealEngine/Common/DerivedDataCache/Buckets/LegacyDIST/71/a3/0dd9d72d31440f52bbf5d1286fb7d8b27d8b.udd" 4901
"C:/Users/User/AppData/Local/UnrealEngine/Common/DerivedDataCache/Buckets/StaticMesh/5b/ae/a552645193c2cb5172f887144a0b4050e09a.udd" 4902
"C:/Users/User/AppData/Local/UnrealEngine/Common/DerivedDataCache/Buckets/LegacyCARD/3a/48/65ac7502bfd638c8dcd64d2757f5a479278a.udd" 4903
"C:/Users/User/AppData/Local/UnrealEngine/Common/DerivedDataCache/Buckets/StaticMesh/c9/91/3315c94633fc48de93f642eb9c50c6a6e53b.udd" 4904
"C:/Users/User/AppData/Local/UnrealEngine/Common/DerivedDataCache/Buckets/LegacyChaosGeometryData/05/0d/fc7019b2bf033bc8308c5364499a4f139a97.udd" 4905
"C:/Users/User/AppData/Local/UnrealEngine/Common/DerivedDataCache/Buckets/LegacyNavCollision/d0/9d/7c0e2843628b99ffe1b0b914cd88d72a59cd.udd" 4906
"C:/Users/User/AppData/Local/UnrealEngine/Common/DerivedDataCache/Buckets/LegacyNavCollision/47/d6/d68090dda5579187b5a571ff0407219aa806.udd" 4907
"C:/Users/User/AppData/Local/UnrealEngine/Common/DerivedDataCache/Buckets/LegacyNavCollision/b2/5d/7607edf639353786411dd13351243a9be7f6.udd" 4908
"C:/Users/User/AppData/Local/UnrealEngine/Common/DerivedDataCache/Buckets/StaticMesh/d8/05/8d9d9db35ff650882350502a650299bcac2a.udd" 4909
"C:/Users/User/AppData/Local/UnrealEngine/Common/DerivedDataCache/Buckets/StaticMesh/b0/79/34cae632e50ab7ab4a6ce6d94dd721b6d46b.udd" 4910
"C:/Users/User/AppData/Local/UnrealEngine/Common/DerivedDataCache/Buckets/StaticMesh/5a/59/ebc3e3e89f998fc6d060bfefd742183200b9.udd" 4911
"C:/Users/User/AppData/Local/UnrealEngine/Common/DerivedDataCache/Buckets/LegacyDIST/3d/84/6a8068020450187b4d9ac703e6a1f0474b40.udd" 4912
"C:/Users/User/AppData/Local/UnrealEngine/Common/DerivedDataCache/Buckets/LegacyCARD/09/b5/898ed345c23a9940c1ef319036a580c54299.udd" 4913
"C:/Users/User/AppData/Local/UnrealEngine/Common/DerivedDataCache/Buckets/LegacyNavCollision/c2/2a/baeb9f36071b0a9a46ba66aff399f79d1427.udd" 4914
"C:/Users/User/AppData/Local/UnrealEngine/Common/DerivedDataCache/Buckets/LegacyChaosGeometryData/a9/bb/464503e4bf6a271d7cc15a9a5fb50c73ff10.udd" 4915
"C:/Users/User/AppData/Local/UnrealEngine/Common/DerivedDataCache/Buckets/LegacyDIST/62/75/4867686e45e47e2627912572f8330773283b.udd" 4916
"C:/Users/User/AppData/Local/UnrealEngine/Common/DerivedDataCache/Buckets/LegacyDIST/96/1a/f6a2f70bf84f9283c87361c66921dfd2882b.udd" 4917
"C:/Users/User/AppData/Local/UnrealEngine/Common/DerivedDataCache/Buckets/StaticMesh/10/d6/874f37d70991f7bc3d7d44d3d3378e70d1b7.udd" 4918
"C:/Users/User/AppData/Local/UnrealEngine/Common/DerivedDataCache/Buckets/LegacyNavCollision/a2/e0/fc643b9d4d6bc44f3250686bc03568c6ae05.udd" 4919
"C:/Users/User/AppData/Local/UnrealEngine/Common/DerivedDataCache/Buckets/LegacyCARD/e1/87/422b67ade540043410ee0c160199c3071f1c.udd" 4920
"C:/Users/User/AppData/Local/UnrealEngine/Common/DerivedDataCache/Buckets/LegacyCARD/b1/19/99b103686c75b78b0c68cac2292df4055ee3.udd" 4921
"C:/Users/User/AppData/Local/UnrealEngine/Common/DerivedDataCache/Buckets/StaticMesh/8e/bf/da4648d37f36d6dcd485875d0700f48ec31e.udd" 4922
"C:/Users/User/AppData/Local/UnrealEngine/Common/DerivedDataCache/Buckets/LegacyDIST/14/5b/5b7adc00d4e79121119cd6847be2910beb06.udd" 4923
"C:/Users/User/AppData/Local/UnrealEngine/Common/DerivedDataCache/Buckets/LegacyChaosGeometryData/cd/4b/c17dc9112da631874e7b0ee59113741b12fa.udd" 4924
"C:/Users/User/AppData/Local/UnrealEngine/Common/DerivedDataCache/Buckets/LegacyCARD/66/0a/fac8bcbe9dfbdd29fd05d668f46ecb02d62d.udd" 4925
"C:/Users/User/AppData/Local/UnrealEngine/Common/DerivedDataCache/Buckets/LegacyNavCollision/89/4f/db45f8b5a4c77de8ec063db69a410256ad37.udd" 4926
"C:/Users/User/AppData/Local/UnrealEngine/Common/DerivedDataCache/Buckets/LegacyDIST/16/fa/570808fa2dee7c5bf57676e1c567761cd838.udd" 4927
"C:/Users/User/AppData/Local/UnrealEngine/Common/DerivedDataCache/Buckets/LegacyChaosGeometryData/52/10/3960ecf1b9debf64f0d623b2fb5c6510c3e5.udd" 4928
"C:/Users/User/AppData/Local/UnrealEngine/Common/DerivedDataCache/Buckets/LegacyDIST/ac/1a/f52e666949ea9f53b52a010b7cd2c26122b4.udd" 4929
"C:/Users/User/AppData/Local/UnrealEngine/Common/DerivedDataCache/Buckets/LegacyNavCollision/61/36/d2a9c0a1a6d96ca77196ac3102013882cd70.udd" 4930
"C:/Users/User/AppData/Local/UnrealEngine/Common/DerivedDataCache/Buckets/LegacyCARD/a6/e9/446f04085ed73ed27de641deb8b153cd18d7.udd" 4931
"C:/Users/User/AppData/Local/UnrealEngine/Common/DerivedDataCache/Buckets/StaticMesh/f7/53/f8196f919645e97009457803c70389778689.udd" 4932
"C:/Users/User/AppData/Local/UnrealEngine/Common/DerivedDataCache/Buckets/LegacyDIST/52/25/481945842b1e3e29f65c701a62523526f7cd.udd" 4933
"C:/Users/User/AppData/Local/UnrealEngine/Common/DerivedDataCache/Buckets/LegacyNavCollision/05/e8/abaadab6df8fbb9dce76d47adde2d39f6949.udd" 4934
"C:/Users/User/AppData/Local/UnrealEngine/Common/DerivedDataCache/Buckets/LegacyCARD/e4/25/8e855c0de6de45c633a57b8810f6ee941fbc.udd" 4935
"C:/Users/User/AppData/Local/UnrealEngine/Common/DerivedDataCache/Buckets/LegacyCARD/92/c0/16c2e6e7dc772093bff1d4138782908f72bd.udd" 4936
"C:/Users/User/AppData/Local/UnrealEngine/Common/DerivedDataCache/Buckets/LegacyChaosGeometryData/22/1a/4e55f95fa4fe1ad9d1262053d46709f0dd8f.udd" 4937
"C:/Users/User/AppData/Local/UnrealEngine/Common/DerivedDataCache/Buckets/StaticMesh/f8/88/5d9803a88a914ae12e0d93da13af8d55624c.udd" 4938
"C:/Users/User/AppData/Local/UnrealEngine/Common/DerivedDataCache/Buckets/StaticMesh/b3/fb/ff05e01393d7c9a2df2ec9d8e6e381622d06.udd" 4939
"C:/Users/User/AppData/Local/UnrealEngine/Common/DerivedDataCache/Buckets/LegacyDIST/d5/de/9d8307ba4f2155c68fdc032bb3715c472f5f.udd" 4940
"C:/Users/User/AppData/Local/UnrealEngine/Common/DerivedDataCache/Buckets/LegacyChaosGeometryData/d4/13/6cbf11161e66bc54738585f7a8c28c1f2b45.udd" 4941
"C:/Users/User/AppData/Local/UnrealEngine/Common/DerivedDataCache/Buckets/LegacyChaosGeometryData/ba/79/0dce54ef7efeb12de26e8ab298b86104e317.udd" 4942
"C:/Users/User/AppData/Local/UnrealEngine/Common/DerivedDataCache/Buckets/LegacyCARD/7f/01/f074e03ea96470fd4b5acd382d9d37ab7611.udd" 4943
"C:/Users/User/AppData/Local/UnrealEngine/Common/DerivedDataCache/Buckets/LegacyNavCollision/ce/f4/2e5c7fe3232a0d388afedeed76c132a3dde0.udd" 4944
"C:/Users/User/AppData/Local/UnrealEngine/Common/DerivedDataCache/Buckets/LegacyDIST/0b/51/3ae7c8e0115daa94fc07abf8b4386654fcb7.udd" 4945
"C:/Users/User/AppData/Local/UnrealEngine/Common/DerivedDataCache/Buckets/LegacyNavCollision/d7/4e/a23f38084f39af45a79c39e5f48f58371547.udd" 4946
"C:/Users/User/AppData/Local/UnrealEngine/Common/DerivedDataCache/Buckets/StaticMesh/36/65/edecb28682c105510a795d8b8ff921963037.udd" 4947
"C:/Users/User/AppData/Local/UnrealEngine/Common/DerivedDataCache/Buckets/LegacyCARD/b0/39/efc59d92bb356268ef9c2966767ad08c98f5.udd" 4948
"C:/Users/User/AppData/Local/UnrealEngine/Common/DerivedDataCache/Buckets/LegacyDIST/30/ef/812b4e607dba610ac9505f170b6b534047ed.udd" 4949
"C:/Users/User/AppData/Local/UnrealEngine/Common/DerivedDataCache/Buckets/StaticMesh/c6/02/493d1a46d67edd16cf387c75afe5cc8b3ac1.udd" 4950
"C:/Users/User/AppData/Local/UnrealEngine/Common/DerivedDataCache/Buckets/LegacyChaosGeometryData/2d/63/69691cacdc1f53584f1dcc45b40103a0dc79.udd" 4951
"C:/Users/User/AppData/Local/UnrealEngine/Common/DerivedDataCache/Buckets/LegacyCARD/64/f8/6c2cd31dca5f0172a7a92e26d2f3e25f1849.udd" 4952
"C:/Users/User/AppData/Local/UnrealEngine/Common/DerivedDataCache/Buckets/LegacyDIST/a3/96/82d7b4a1f747e711ddbf68fa6f08503e7e7d.udd" 4953
"C:/Users/User/AppData/Local/UnrealEngine/Common/DerivedDataCache/Buckets/LegacyNavCollision/5b/d6/2d9c49c14e2b106bc10c663fa7917b798405.udd" 4954
"C:/Users/User/AppData/Local/UnrealEngine/Common/DerivedDataCache/Buckets/LegacyChaosGeometryData/e1/39/c8b503b2a9517a99c7fbe2765f6160430286.udd" 4955
"C:/Users/User/AppData/Local/UnrealEngine/Common/DerivedDataCache/Buckets/LegacyCARD/b1/f8/d20dcf1beed4a1f0038007d9f18e9a36e28d.udd" 4956
"C:/Users/User/AppData/Local/UnrealEngine/Common/DerivedDataCache/Buckets/LegacyNavCollision/5b/5d/c09f2e4a790882d6b75d99679646ab833678.udd" 4957
"C:/Users/User/AppData/Local/UnrealEngine/Common/DerivedDataCache/Buckets/StaticMesh/34/d6/9ea0d835f7a0418ecf60d023d46d9edaec57.udd" 4958
"C:/Users/User/AppData/Local/UnrealEngine/Common/DerivedDataCache/Buckets/StaticMesh/e6/c2/ed8a8813d419e3376ba54e46691525f37c32.udd" 4959
"C:/Users/User/AppData/Local/UnrealEngine/Common/DerivedDataCache/Buckets/LegacyDIST/4c/71/4e3126a1b5d3346442f783f2abbc091dea6e.udd" 4960
"C:/Users/User/AppData/Local/UnrealEngine/Common/DerivedDataCache/Buckets/LegacyCARD/6d/62/528cafcfffc1f05685b2cc44b36a60cf5d10.udd" 4961
"C:/Users/User/AppData/Local/UnrealEngine/Common/DerivedDataCache/Buckets/LegacyChaosGeometryData/0a/75/448c585997350267d1c3937d08b24ae01507.udd" 4962
"C:/Users/User/AppData/Local/UnrealEngine/Common/DerivedDataCache/Buckets/LegacyNavCollision/93/f6/59e5782dc4f53a65f136d7b6cb3aac8cb755.udd" 4963
"C:/Users/User/AppData/Local/UnrealEngine/Common/DerivedDataCache/Buckets/LegacyNavCollision/45/81/04fca826b6e6951f5b7ef32b01a65fc7bc2c.udd" 4964
"C:/Users/User/AppData/Local/UnrealEngine/Common/DerivedDataCache/Buckets/LegacyDIST/27/c7/92ac9eb545944dbfc1dc701e183ade378fbc.udd" 4965
"C:/Users/User/AppData/Local/UnrealEngine/Common/DerivedDataCache/Buckets/LegacyNavCollision/d0/6b/94c10ca4139574f9e04674a5d2e5c6e8f4e4.udd" 4966
"C:/Users/User/AppData/Local/UnrealEngine/Common/DerivedDataCache/Buckets/StaticMesh/a9/d4/4395effdc6dcd9ef1f662451b77bf81714a4.udd" 4967
"C:/Users/User/AppData/Local/UnrealEngine/Common/DerivedDataCache/Buckets/LegacyNavCollision/fa/db/f80a7b5f409bd63ea4487611604c121ccb7a.udd" 4968
"C:/Users/User/AppData/Local/UnrealEngine/Common/DerivedDataCache/Buckets/LegacyNavCollision/34/6a/03e459e73b63f8b80e5db94021ec90f054d1.udd" 4969
"C:/Users/User/AppData/Local/UnrealEngine/Common/DerivedDataCache/Buckets/LegacyCARD/d5/b9/2690b5c4698b8f5408e3eebb34964545c797.udd" 4970
"C:/Users/User/AppData/Local/UnrealEngine/Common/DerivedDataCache/Buckets/StaticMesh/64/e6/6adc5643443d5f113c3b6f4273b6db9efcd4.udd" 4971
"C:/Users/User/AppData/Local/UnrealEngine/Common/DerivedDataCache/Buckets/StaticMesh/6e/a2/79ff2a2ff296e7cabd5a3ef7b99bcea77d5c.udd" 4972
"C:/Users/User/AppData/Local/UnrealEngine/Common/DerivedDataCache/Buckets/StaticMesh/fe/68/0fc1678cdbc489a73a5a0e34c8368505cb51.udd" 4973
"C:/Users/User/AppData/Local/UnrealEngine/Common/DerivedDataCache/Buckets/LegacyNavCollision/0a/ca/d3e79336227ec97ef57522514f44d2d4ccab.udd" 4974
"C:/Users/User/AppData/Local/UnrealEngine/Common/DerivedDataCache/Buckets/LegacyNavCollision/87/bd/a072c3af8f9d6ece093e6da4ebc97a1ba115.udd" 4975
"C:/Users/User/AppData/Local/UnrealEngine/Common/DerivedDataCache/Buckets/LegacyChaosGeometryData/e8/6a/e451cc59fd2ec01e00ee46c1821dd03cac7b.udd" 4976
"C:/Users/User/AppData/Local/UnrealEngine/Common/DerivedDataCache/Buckets/StaticMesh/82/bb/d65f7c3b4022598ea9748baa7dadac4a677f.udd" 4977
"C:/Users/User/AppData/Local/UnrealEngine/Common/DerivedDataCache/Buckets/LegacyDIST/d2/8a/c0d3049fc81874e5eefb466646d3107d8f72.udd" 4978
"C:/Users/User/AppData/Local/UnrealEngine/Common/DerivedDataCache/Buckets/StaticMesh/6c/06/43b8af1c116f0a2a34f778da111da72b5181.udd" 4979
"C:/Users/User/AppData/Local/UnrealEngine/Common/DerivedDataCache/Buckets/StaticMesh/6c/19/f0fc1c42982372597e2ab3b91c6b4eb6572c.udd" 4980
"C:/Users/User/AppData/Local/UnrealEngine/Common/DerivedDataCache/Buckets/LegacyDIST/7e/73/bf60cd821f45e11f75515f7388ebe4a60b8a.udd" 4981
"C:/Users/User/AppData/Local/UnrealEngine/Common/DerivedDataCache/Buckets/LegacyNavCollision/5e/21/2f05f0e5d38ac252985d2b1f799f9d4dbe42.udd" 4982
"C:/Users/User/AppData/Local/UnrealEngine/Common/DerivedDataCache/Buckets/LegacyCARD/b9/5a/13517386d5deff17e58cefbc14cd69f52cb8.udd" 4983
"C:/Users/User/AppData/Local/UnrealEngine/Common/DerivedDataCache/Buckets/LegacyCARD/6f/72/2122eea251788e17c5f9d874bee53c9b7106.udd" 4984
"C:/Users/User/AppData/Local/UnrealEngine/Common/DerivedDataCache/Buckets/StaticMesh/cc/f1/e80454440a7132775fdef3d97c65adabb9ed.udd" 4985
"C:/Users/User/AppData/Local/UnrealEngine/Common/DerivedDataCache/Buckets/LegacyChaosGeometryData/8a/7e/178004c73f8a8b1ee675c0a726ec7147abf5.udd" 4986
"C:/Users/User/AppData/Local/UnrealEngine/Common/DerivedDataCache/Buckets/LegacyDIST/cb/47/c62f8fbc42bce10e5972776943d8c41a2d39.udd" 4987
"C:/Users/User/AppData/Local/UnrealEngine/Common/DerivedDataCache/Buckets/LegacyDIST/03/a7/2bdc182dfc0f6ae87278ef81e9bc7603d522.udd" 4988
"C:/Users/User/AppData/Local/UnrealEngine/Common/DerivedDataCache/Buckets/LegacyCARD/4a/4c/5981bb4d01583fcd5742cfd9f33a3eb81e18.udd" 4989
"C:/Users/User/AppData/Local/UnrealEngine/Common/DerivedDataCache/Buckets/LegacyNavCollision/e2/4c/35ed92653bc9067035e29870453fd34a62e3.udd" 4990
"C:/Users/User/AppData/Local/UnrealEngine/Common/DerivedDataCache/Buckets/LegacyCARD/1b/92/a4af78379766940610c469611bde6bf2d042.udd" 4991
"C:/Users/User/AppData/Local/UnrealEngine/Common/DerivedDataCache/Buckets/LegacyChaosGeometryData/a4/14/3434b750d302404f572fe097a523f53a73aa.udd" 4992
"C:/Users/User/AppData/Local/UnrealEngine/Common/DerivedDataCache/Buckets/StaticMesh/e2/28/7639ba317931ab6b47dc7c04bf7c23d3ad65.udd" 4993
"C:/Users/User/AppData/Local/UnrealEngine/Common/DerivedDataCache/Buckets/LegacyNavCollision/b3/b8/4fc62127a3811bf2138bf145c47e3234f895.udd" 4994
"C:/Users/User/AppData/Local/UnrealEngine/Common/DerivedDataCache/Buckets/LegacyDIST/92/f2/b31c186fa88a9b11b82547d68bdd18088f71.udd" 4995
"C:/Users/User/AppData/Local/UnrealEngine/Common/DerivedDataCache/Buckets/StaticMesh/da/06/aae29b9e4f2846d3159e681001df306ddd86.udd" 4996
"C:/Users/User/AppData/Local/UnrealEngine/Common/DerivedDataCache/Buckets/LegacyNavCollision/88/a4/cd032e247c052c97c3f53b1eefd8b5e32b73.udd" 4997
"C:/Users/User/AppData/Local/UnrealEngine/Common/DerivedDataCache/Buckets/LegacyDIST/ec/81/4ab6d19c758d1e9fb3b956c6aa7f22150f3a.udd" 4998
"C:/Users/User/AppData/Local/UnrealEngine/Common/DerivedDataCache/Buckets/LegacyDIST/41/c0/7f8dff486072bd7ec6b63d5fd34e2712af19.udd" 4999
"C:/Users/User/AppData/Local/UnrealEngine/Common/DerivedDataCache/Buckets/LegacyNavCollision/92/62/c75a84d13b8be1f9645f3cd12241ba4aac88.udd" 5000
"C:/Users/User/AppData/Local/UnrealEngine/Common/DerivedDataCache/Buckets/LegacyCARD/1b/01/28a503ab2a2e7397c62319eebda9c357d851.udd" 5001
"C:/Users/User/AppData/Local/UnrealEngine/Common/DerivedDataCache/Buckets/LegacyCARD/4b/91/7cdcd301c5c072e80eed1072704b144d1e9e.udd" 5002
"C:/Users/User/AppData/Local/UnrealEngine/Common/DerivedDataCache/Buckets/StaticMesh/9f/29/bba43dfad759bcb8cf9fbd5473bd285b5f40.udd" 5003
"C:/Users/User/AppData/Local/UnrealEngine/Common/DerivedDataCache/Buckets/LegacyCARD/e4/8a/d758c10cde94c753ba96a46ecbe3e8386d1b.udd" 5004
"C:/Users/User/AppData/Local/UnrealEngine/Common/DerivedDataCache/Buckets/StaticMesh/1c/56/e1098818081e507affd977c594d5ce7a1581.udd" 5005
"C:/Users/User/AppData/Local/UnrealEngine/Common/DerivedDataCache/Buckets/LegacyChaosGeometryData/45/8e/20f93e80313a0a98ba2c1761b125011e5992.udd" 5006
"C:/Users/User/AppData/Local/UnrealEngine/Common/DerivedDataCache/Buckets/LegacyDIST/2f/39/dd4ce9b2895a3ce3dac52c3f1091d5b4b62d.udd" 5007
"C:/Users/User/AppData/Local/UnrealEngine/Common/DerivedDataCache/Buckets/LegacyChaosGeometryData/03/a2/4d8a9c3c2a0b60433a331efdf1738e39844f.udd" 5008
"C:/Users/User/AppData/Local/UnrealEngine/Common/DerivedDataCache/Buckets/LegacyCARD/f0/63/e419fb8a95b3a89b332d570e8dfe719c667b.udd" 5009
"C:/Users/User/AppData/Local/UnrealEngine/Common/DerivedDataCache/Buckets/LegacyDIST/c8/7b/2f42fecc9ceec817fa7bbd8525bd38974cbc.udd" 5010
"C:/Users/User/AppData/Local/UnrealEngine/Common/DerivedDataCache/Buckets/LegacyChaosGeometryData/12/b5/55516b05b5a5e283e25c1508da2bcae88d7a.udd" 5011
"C:/Users/User/AppData/Local/UnrealEngine/Common/DerivedDataCache/Buckets/LegacyCARD/fa/40/8547eb43dbdd103d0270dd2b203bde35131d.udd" 5012
"C:/Users/User/AppData/Local/UnrealEngine/Common/DerivedDataCache/Buckets/LegacyNavCollision/2c/1e/4392845057339b2ed8bc491bf0bac89f2758.udd" 5013
"C:/Users/User/AppData/Local/UnrealEngine/Common/DerivedDataCache/Buckets/LegacyDIST/c2/55/aad3d0a662a5e65da7ce1369517610d76d5f.udd" 5014
"C:/Users/User/AppData/Local/UnrealEngine/Common/DerivedDataCache/Buckets/LegacyCARD/fa/bd/02d740776f64e3766f3c1b6c232d02348e3a.udd" 5015
"C:/Users/User/AppData/Local/UnrealEngine/Common/DerivedDataCache/Buckets/StaticMesh/0c/10/c05f27a3329fbaa3ce4a770d5c57939199b6.udd" 5016
"C:/Users/User/AppData/Local/UnrealEngine/Common/DerivedDataCache/Buckets/LegacyDIST/d0/51/89d5b39da37f9b46e411154f8df3cc8ee2ad.udd" 5017
"C:/Users/User/AppData/Local/UnrealEngine/Common/DerivedDataCache/Buckets/LegacyDIST/de/fd/be7e2954e30262c960d8999a7e111f17f3fd.udd" 5018
"C:/Users/User/AppData/Local/UnrealEngine/Common/DerivedDataCache/Buckets/LegacyDIST/03/41/268fb119ce6247b9cea56b489f3bb36706cf.udd" 5019
"C:/Users/User/AppData/Local/UnrealEngine/Common/DerivedDataCache/Buckets/LegacyChaosGeometryData/b2/34/a548faebedb82553c0ffd32a44f7fa859bc5.udd" 5020
"C:/Users/User/AppData/Local/UnrealEngine/Common/DerivedDataCache/Buckets/LegacyNavCollision/09/23/8de9248dae173e2d592f5dcba9d0e2ceda3b.udd" 5021
"C:/Users/User/AppData/Local/UnrealEngine/Common/DerivedDataCache/Buckets/LegacyCARD/9a/b1/7954df5c0cb4f8b2e3a8a5d843f015054a5e.udd" 5022
"C:/Users/User/AppData/Local/UnrealEngine/Common/DerivedDataCache/Buckets/LegacyCARD/a3/b8/a45f956f77da856ba514c3163eeea3d3a6a4.udd" 5023
"C:/Users/User/AppData/Local/UnrealEngine/Common/DerivedDataCache/Buckets/LegacyCARD/24/29/02381d5941c7d3be6950c8c10a602786a816.udd" 5024
"C:/Users/User/AppData/Local/UnrealEngine/Common/DerivedDataCache/Buckets/LegacyDIST/b2/6f/9a2bdabdd196469d4cd62d1c41218d1380c4.udd" 5025
"C:/Users/User/AppData/Local/UnrealEngine/Common/DerivedDataCache/Buckets/LegacyNavCollision/41/56/703da9b572b08a929e1ba52638f148f7a328.udd" 5026
"C:/Users/User/AppData/Local/UnrealEngine/Common/DerivedDataCache/Buckets/LegacyDIST/d5/34/49e1dea478d28c5cd77bd9801f9eda988505.udd" 5027
"C:/Users/User/AppData/Local/UnrealEngine/Common/DerivedDataCache/Buckets/StaticMesh/8d/d7/89d7f01b372ea937f064bd8ccf955af03d3e.udd" 5028
"C:/Users/User/AppData/Local/UnrealEngine/Common/DerivedDataCache/Buckets/LegacyNavCollision/14/83/ce493efd17e0eb14d71d3af65bbab8fb52b6.udd" 5029
"C:/Users/User/AppData/Local/UnrealEngine/Common/DerivedDataCache/Buckets/LegacyChaosGeometryData/8f/c7/f0decb0394681575ba064468dc0a01d4aee1.udd" 5030
"C:/Users/User/AppData/Local/UnrealEngine/Common/DerivedDataCache/Buckets/LegacyChaosGeometryData/d0/5d/5da3c92408ed14b2498a222533faad74fbf2.udd" 5031
"C:/Users/User/AppData/Local/UnrealEngine/Common/DerivedDataCache/Buckets/LegacyCARD/16/77/1d872b2c2ca98b84cf7499bc5a8767f3bd7f.udd" 5032
"C:/Users/User/AppData/Local/UnrealEngine/Common/DerivedDataCache/Buckets/LegacyCARD/39/56/849d30d62a057982739bac75f3c1ac74ccc4.udd" 5033
"C:/Users/User/AppData/Local/UnrealEngine/Common/DerivedDataCache/Buckets/LegacyChaosGeometryData/83/13/63bd0b99bf8667715031a72476f8d8779c08.udd" 5034
"C:/Users/User/AppData/Local/UnrealEngine/Common/DerivedDataCache/Buckets/StaticMesh/38/69/019537072f30a8a073fcdf562057443d8ea4.udd" 5035
"C:/Users/User/AppData/Local/UnrealEngine/Common/DerivedDataCache/Buckets/StaticMesh/cb/ae/83164ec39173679359a89d2732fc23fcdbd8.udd" 5036
"C:/Users/User/AppData/Local/UnrealEngine/Common/DerivedDataCache/Buckets/LegacyChaosGeometryData/12/69/b95ce8625e1b28f8721cdaeaeb7b4cfe05d4.udd" 5037
"C:/Users/User/AppData/Local/UnrealEngine/Common/DerivedDataCache/Buckets/LegacyNavCollision/a0/c0/1ec0a03e4b6a2c4104159d132638ceccfb96.udd" 5038
"C:/Users/User/AppData/Local/UnrealEngine/Common/DerivedDataCache/Buckets/LegacyDIST/c7/1d/c17284e75605e2c18db57511ebd70af1b0a3.udd" 5039
"C:/Users/User/AppData/Local/UnrealEngine/Common/DerivedDataCache/Buckets/StaticMesh/67/9d/f639ec219dcd7b2b3e87669c84fe1b5de23c.udd" 5040
"C:/Users/User/AppData/Local/UnrealEngine/Common/DerivedDataCache/Buckets/LegacyDIST/54/78/68019db87524ea1c32a2357996c65e13c65a.udd" 5041
"C:/Users/User/AppData/Local/UnrealEngine/Common/DerivedDataCache/Buckets/LegacyCARD/2a/14/ac072dae9950084fa5faf840cf3668faae80.udd" 5042
"C:/Users/User/AppData/Local/UnrealEngine/Common/DerivedDataCache/Buckets/LegacyCARD/09/d3/66ca794d8dc49bd6ecded628fc1b871f5ae9.udd" 5043
"C:/Users/User/AppData/Local/UnrealEngine/Common/DerivedDataCache/Buckets/LegacyNavCollision/b3/c4/05893c2fc6ee526579bf51195e0d177b9bfe.udd" 5044
"C:/Users/User/AppData/Local/UnrealEngine/Common/DerivedDataCache/Buckets/StaticMesh/b9/f7/5bd529d599a997d8e5e712972be38d6c7092.udd" 5045
"C:/Users/User/AppData/Local/UnrealEngine/Common/DerivedDataCache/Buckets/LegacyNavCollision/44/61/926865f070a5e2ee8030a4abc0831c45be26.udd" 5046
"C:/Users/User/AppData/Local/UnrealEngine/Common/DerivedDataCache/Buckets/LegacyNavCollision/e5/58/f4195177e8a1220666b1c157c723469f0354.udd" 5047
"C:/Users/User/AppData/Local/UnrealEngine/Common/DerivedDataCache/Buckets/LegacyNavCollision/f7/3b/7fa206ba1b283c79023acf25a23bb4a0a924.udd" 5048
"C:/Users/User/AppData/Local/UnrealEngine/Common/DerivedDataCache/Buckets/StaticMesh/ba/b5/b755943f974e52468fef32164bda5b62cc7d.udd" 5049
"C:/Users/User/AppData/Local/UnrealEngine/Common/DerivedDataCache/Buckets/StaticMesh/f5/a3/94bd560eb8ab8973fcb4f4d0443193a4f1b0.udd" 5050
"C:/Users/User/AppData/Local/UnrealEngine/Common/DerivedDataCache/Buckets/StaticMesh/57/71/328358729f6fb0cfa7569d0a3a4aeae6c822.udd" 5051
"C:/Users/User/AppData/Local/UnrealEngine/Common/DerivedDataCache/Buckets/LegacyNavCollision/a0/f2/54414ce55c1c8bf32787ed1c2bb552a4f7d2.udd" 5052
"C:/Users/User/AppData/Local/UnrealEngine/Common/DerivedDataCache/Buckets/LegacyNavCollision/d4/23/2e236161e69dd93293790465203884c6c699.udd" 5053
"C:/Users/User/AppData/Local/UnrealEngine/Common/DerivedDataCache/Buckets/LegacyDIST/92/11/474359aedebd52305964dd2a4361d77eb281.udd" 5054
"C:/Users/User/AppData/Local/UnrealEngine/Common/DerivedDataCache/Buckets/StaticMesh/36/f4/d4c246c8c4f20467481c359a8766c664be32.udd" 5055
"C:/Users/User/AppData/Local/UnrealEngine/Common/DerivedDataCache/Buckets/LegacyDIST/8f/12/b11f41ef0049144654ca050b021b2ec425a7.udd" 5056
"C:/Users/User/AppData/Local/UnrealEngine/Common/DerivedDataCache/Buckets/StaticMesh/02/39/f2d478e933515621068abbfd69481d8c1756.udd" 5057
"C:/Users/User/AppData/Local/UnrealEngine/Common/DerivedDataCache/Buckets/LegacyCARD/6e/e0/ee7c11975b0c220e4304c60236cf69d8f0dc.udd" 5058
"C:/Users/User/AppData/Local/UnrealEngine/Common/DerivedDataCache/Buckets/LegacyCARD/66/83/6aa9d14f0217dd8e326d367dba51991dd3fb.udd" 5059
"C:/Users/User/AppData/Local/UnrealEngine/Common/DerivedDataCache/Buckets/LegacyNavCollision/b4/55/851ce8e3bb020de8f16ffa6cdb2ad331f5c3.udd" 5060
"C:/Users/User/AppData/Local/UnrealEngine/Common/DerivedDataCache/Buckets/LegacyChaosGeometryData/e1/0d/e83b52758c58bba7334b039d0cdc4f204044.udd" 5061
"C:/Users/User/AppData/Local/UnrealEngine/Common/DerivedDataCache/Buckets/StaticMesh/a3/3e/30dba177e4cab72a284680105d6bb941082c.udd" 5062
"C:/Users/User/AppData/Local/UnrealEngine/Common/DerivedDataCache/Buckets/LegacyChaosGeometryData/dd/45/d449e5089f4f1d3e79cad831409a76326f31.udd" 5063
"C:/Users/User/AppData/Local/UnrealEngine/Common/DerivedDataCache/Buckets/LegacyDIST/34/09/8234f4f8cd6b1a22eca3caf5714e25ecab3f.udd" 5064
"C:/Users/User/AppData/Local/UnrealEngine/Common/DerivedDataCache/Buckets/LegacyDIST/a1/15/18440b3b0c5321d2594df6229d925e432661.udd" 5065
"C:/Users/User/AppData/Local/UnrealEngine/Common/DerivedDataCache/Buckets/LegacyCARD/5a/a5/fc75e35b55db961246a16a11a98e0fa8afcc.udd" 5066
"C:/Users/User/AppData/Local/UnrealEngine/Common/DerivedDataCache/Buckets/LegacyCARD/80/5a/c1229602e249ffa28605b293a0100008d25f.udd" 5067
"C:/Users/User/AppData/Local/UnrealEngine/Common/DerivedDataCache/Buckets/LegacyDIST/0a/c8/230c7208cd627afc2c57f6c76b5891b22b48.udd" 5068
"C:/Users/User/AppData/Local/UnrealEngine/Common/DerivedDataCache/Buckets/LegacyCARD/85/f3/2527456d94760a31e3c1d295a968bcda6a58.udd" 5069
"C:/Users/User/AppData/Local/UnrealEngine/Common/DerivedDataCache/Buckets/LegacyChaosGeometryData/d4/23/6f1912f85597af4671f2e41233d7228cc976.udd" 5070
"C:/Users/User/AppData/Local/UnrealEngine/Common/DerivedDataCache/Buckets/LegacyChaosGeometryData/95/34/4a2d60715340332c425b182451fce38eb4b3.udd" 5071
"C:/Users/User/AppData/Local/UnrealEngine/Common/DerivedDataCache/Buckets/LegacyNavCollision/33/71/b5ecaa6dad1d7a241c8f910b56b6193d35ef.udd" 5072
"C:/Users/User/AppData/Local/UnrealEngine/Common/DerivedDataCache/Buckets/LegacyChaosGeometryData/94/5d/90aca05732571beaafb91c9b72d5326f8fa6.udd" 5073
"C:/Users/User/AppData/Local/UnrealEngine/Common/DerivedDataCache/Buckets/StaticMesh/df/7b/41fd3ffbbd4d625ec34f601ef085a924eb00.udd" 5074
"C:/Users/User/AppData/Local/UnrealEngine/Common/DerivedDataCache/Buckets/LegacyNavCollision/94/06/b242710a13fdd122b7416a0264eabad3ad4a.udd" 5075
"C:/Users/User/AppData/Local/UnrealEngine/Common/DerivedDataCache/Buckets/LegacyDIST/95/a6/4c03d658ee2bcaf89dc498661b2ba812d51e.udd" 5076
"C:/Users/User/AppData/Local/UnrealEngine/Common/DerivedDataCache/Buckets/StaticMesh/be/0a/212305035e0acf0ca8998ebf728442a96a03.udd" 5077
"C:/Users/User/AppData/Local/UnrealEngine/Common/DerivedDataCache/Buckets/LegacyCARD/71/c2/3ad65b997bb1721c888118c3f81758c10959.udd" 5078
"C:/Users/User/AppData/Local/UnrealEngine/Common/DerivedDataCache/Buckets/LegacyDIST/38/7c/e9a0fca2c6fa8a5acc47bc8149457396a471.udd" 5079
"C:/Users/User/AppData/Local/UnrealEngine/Common/DerivedDataCache/Buckets/LegacyChaosGeometryData/22/8b/9872ecce177eb2b04e3aa5446df6fbcd4280.udd" 5080
"C:/Users/User/AppData/Local/UnrealEngine/Common/DerivedDataCache/Buckets/LegacyCARD/b5/27/8419fbe8360da708da196c73f84827354427.udd" 5081
"C:/Users/User/AppData/Local/UnrealEngine/Common/DerivedDataCache/Buckets/LegacyDIST/a2/04/f87d7257417015bfa0a7db1693a2c92de5b5.udd" 5082
"C:/Users/User/AppData/Local/UnrealEngine/Common/DerivedDataCache/Buckets/LegacyNavCollision/8c/b5/cda61a31c715df469a5c8bb1c3e5199ba2c7.udd" 5083
"C:/Users/User/AppData/Local/UnrealEngine/Common/DerivedDataCache/Buckets/LegacyCARD/6a/c0/f21202376bf2f7f63c84d7a7a30edcb56c80.udd" 5084
"C:/Users/User/AppData/Local/UnrealEngine/Common/DerivedDataCache/Buckets/LegacyChaosGeometryData/92/a8/264491921ee6eef238d2aa57280a183b8085.udd" 5085
"C:/Users/User/AppData/Local/UnrealEngine/Common/DerivedDataCache/Buckets/LegacyDIST/10/75/b36fd5503defc3454b1b960cac6d1f830029.udd" 5086
"C:/Users/User/AppData/Local/UnrealEngine/Common/DerivedDataCache/Buckets/LegacyNavCollision/8d/f4/a32ab7d25c8ba35a70ce8870937e95bfd952.udd" 5087
"C:/Users/User/AppData/Local/UnrealEngine/Common/DerivedDataCache/Buckets/LegacyChaosGeometryData/8f/f3/ccf452d20ac6e5410b182728925aacce5901.udd" 5088
"C:/Users/User/AppData/Local/UnrealEngine/Common/DerivedDataCache/Buckets/StaticMesh/e5/2b/f630379061a07160a8da417aa9192e2a47c6.udd" 5089
"C:/Users/User/AppData/Local/UnrealEngine/Common/DerivedDataCache/Buckets/LegacyNavCollision/eb/87/2524497cd53001e81d0d7d531bb9c376cdae.udd" 5090
"C:/Users/User/AppData/Local/UnrealEngine/Common/DerivedDataCache/Buckets/LegacyNavCollision/98/c5/a9e6485ba7bf9d6ca8e5c3702d979287a037.udd" 5091
"C:/Users/User/AppData/Local/UnrealEngine/Common/DerivedDataCache/Buckets/LegacyNavCollision/dc/25/2c61956ff3ab862faef45a5b8cde722147ea.udd" 5092
"C:/Users/User/AppData/Local/UnrealEngine/Common/DerivedDataCache/Buckets/LegacyCARD/c7/5f/b9b4aca24ef68bb25345364a629ffcb81de6.udd" 5093
"C:/Users/User/AppData/Local/UnrealEngine/Common/DerivedDataCache/Buckets/LegacyNavCollision/70/71/c5d6159bc47d89ade173c6a01e38f0befc33.udd" 5094
"C:/Users/User/AppData/Local/UnrealEngine/Common/DerivedDataCache/Buckets/StaticMesh/7b/2c/f790fea02392df2de80ed4a61fb6e6b2da2d.udd" 5095
"C:/Users/User/AppData/Local/UnrealEngine/Common/DerivedDataCache/Buckets/StaticMesh/d5/63/e9d5f8b8243d1e8512fbfd1729d944bd552e.udd" 5096
"C:/Users/User/AppData/Local/UnrealEngine/Common/DerivedDataCache/Buckets/LegacyChaosGeometryData/73/fb/b07382be3d8dc38fc921f2f5724048cfeee2.udd" 5097
"C:/Users/User/AppData/Local/UnrealEngine/Common/DerivedDataCache/Buckets/StaticMesh/7f/6e/d6a8b68266264fc0a56d79bbfea07fa00aa8.udd" 5098
"C:/Users/User/AppData/Local/UnrealEngine/Common/DerivedDataCache/Buckets/StaticMesh/2d/b5/205844b7fedc5509859c3d081f43bc48cd50.udd" 5099
"C:/Users/User/AppData/Local/UnrealEngine/Common/DerivedDataCache/Buckets/StaticMesh/2b/bb/5cdc772f81964a736caea05ba5a862cbbca5.udd" 5100
"C:/Users/User/AppData/Local/UnrealEngine/Common/DerivedDataCache/Buckets/LegacyNavCollision/7b/75/c9559e8e3449d54c8209984616a32c56db15.udd" 5101
"C:/Users/User/AppData/Local/UnrealEngine/Common/DerivedDataCache/Buckets/LegacyDIST/cb/f6/8b81adacb53337b823f6fb7c33dd7af2f127.udd" 5102
"C:/Users/User/AppData/Local/UnrealEngine/Common/DerivedDataCache/Buckets/StaticMesh/aa/cf/ec3a983dbebcb651a288c4c8afd8cda48c35.udd" 5103
"C:/Users/User/AppData/Local/UnrealEngine/Common/DerivedDataCache/Buckets/LegacyDIST/a9/bc/c654a7f3a0b00aba7242b400bbf756b4cdd7.udd" 5104
"C:/Users/User/AppData/Local/UnrealEngine/Common/DerivedDataCache/Buckets/LegacyCARD/b6/58/7f5c2df6b78c402b09d30c2309d441d8959c.udd" 5105
"C:/Users/User/AppData/Local/UnrealEngine/Common/DerivedDataCache/Buckets/LegacyDIST/7d/9d/bb1dbec88ee3364d08344c3ed4e4e507a593.udd" 5106
"C:/Users/User/AppData/Local/UnrealEngine/Common/DerivedDataCache/Buckets/LegacyNavCollision/20/95/bd74cb774deea42bb677ffc8ddf49fcc0210.udd" 5107
"C:/Users/User/AppData/Local/UnrealEngine/Common/DerivedDataCache/Buckets/LegacyDIST/4d/0b/b1a1675f7d1db4700017f85e6dd9cd03b7b1.udd" 5108
"C:/Users/User/AppData/Local/UnrealEngine/Common/DerivedDataCache/Buckets/LegacyCARD/02/55/3cb094131d88f349fcdccaefd094c47f0a6c.udd" 5109
"C:/Users/User/AppData/Local/UnrealEngine/Common/DerivedDataCache/Buckets/LegacyNavCollision/3f/12/ff9e0ab05dd8f377fd51bf57ce7dd0541992.udd" 5110
"C:/Users/User/AppData/Local/UnrealEngine/Common/DerivedDataCache/Buckets/LegacyCARD/cc/49/0ac119b0e307e4f86f7501ded5df92797018.udd" 5111
"C:/Users/User/AppData/Local/UnrealEngine/Common/DerivedDataCache/Buckets/LegacyDIST/66/87/ccc28b54b3a0208bd71d7d82ce928ca92e54.udd" 5112
"C:/Users/User/AppData/Local/UnrealEngine/Common/DerivedDataCache/Buckets/LegacyCARD/d7/9c/928fd29fb40b41ce1107f37cfbdbbeba7884.udd" 5113
"C:/Users/User/AppData/Local/UnrealEngine/Common/DerivedDataCache/Buckets/StaticMesh/25/ed/eb291bc3f6708d0d5771c3828bbfcecd5dcf.udd" 5114
"C:/Users/User/AppData/Local/UnrealEngine/Common/DerivedDataCache/Buckets/LegacyChaosGeometryData/48/39/8b2d5ade3f73b293b737565cd0c9598d1afa.udd" 5115
"C:/Users/User/AppData/Local/UnrealEngine/Common/DerivedDataCache/Buckets/LegacyCARD/0d/38/83d8c56c4456d705b09d270ab19e4a1980fa.udd" 5116
"C:/Users/User/AppData/Local/UnrealEngine/Common/DerivedDataCache/Buckets/LegacyChaosGeometryData/f5/b1/038731a9ad3632fb81ed127767d9b116c465.udd" 5117
"C:/Users/User/AppData/Local/UnrealEngine/Common/DerivedDataCache/Buckets/StaticMesh/07/9a/bbbec0d0d1d8b5030e35cd3f9b6596d95a2c.udd" 5118
"C:/Users/User/AppData/Local/UnrealEngine/Common/DerivedDataCache/Buckets/LegacyChaosGeometryData/c1/2e/c6942fce4a28f33890e211bed7411bb8e5c1.udd" 5119
"C:/Users/User/AppData/Local/UnrealEngine/Common/DerivedDataCache/Buckets/LegacyDIST/53/a0/1f33dd636ebb6e0833e353a3e0fd81ff8b65.udd" 5120
"C:/Users/User/AppData/Local/UnrealEngine/Common/DerivedDataCache/Buckets/LegacyChaosGeometryData/63/68/ce687d70c3c2426c4bbbcc0160df1ce86195.udd" 5121
"C:/Users/User/AppData/Local/UnrealEngine/Common/DerivedDataCache/Buckets/LegacyCARD/22/55/e0f7b5c09131df48c2cd1826fdb8613a0c6a.udd" 5122
"C:/Users/User/AppData/Local/UnrealEngine/Common/DerivedDataCache/Buckets/LegacyDIST/fc/01/e3917e117b049c0afe039b09a35f6661f3d9.udd" 5123
"C:/Users/User/AppData/Local/UnrealEngine/Common/DerivedDataCache/Buckets/LegacyDIST/d7/39/5a8b11352ae14a978aced73268a7b740b152.udd" 5124
"C:/Users/User/AppData/Local/UnrealEngine/Common/DerivedDataCache/Buckets/LegacyCARD/d7/3b/4a4f3d6301e9b1b31d89b46fc9e102940e30.udd" 5125
"C:/Users/User/AppData/Local/UnrealEngine/Common/DerivedDataCache/Buckets/LegacyChaosGeometryData/a8/f6/f9c709194821ab43111dadc8641dbb122e55.udd" 5126
"C:/Users/User/AppData/Local/UnrealEngine/Common/DerivedDataCache/Buckets/LegacyDIST/d2/ab/6c704a4a64630d4e92302d81a162362929dd.udd" 5127
"C:/Users/User/AppData/Local/UnrealEngine/Common/DerivedDataCache/Buckets/LegacyNavCollision/9f/1c/c61ce3aac34e2cedf9a3f3b224d6ad35cab2.udd" 5128
"C:/Users/User/AppData/Local/UnrealEngine/Common/DerivedDataCache/Buckets/LegacyCARD/8d/88/79ae9118cf174a9f5582d942a80cc12100c2.udd" 5129
"C:/Users/User/AppData/Local/UnrealEngine/Common/DerivedDataCache/Buckets/LegacyChaosGeometryData/9d/0e/bf0f07f4dc5bd65c7e35628e8af5ebc79e6f.udd" 5130
"C:/Users/User/AppData/Local/UnrealEngine/Common/DerivedDataCache/Buckets/LegacyCARD/eb/67/cf1513b1b2bd5b9af852e0eed44e1b400ec1.udd" 5131
"C:/Users/User/AppData/Local/UnrealEngine/Common/DerivedDataCache/Buckets/StaticMesh/da/e7/4e87bbd34447aa50705bb165a8caa4395873.udd" 5132
"C:/Users/User/AppData/Local/UnrealEngine/Common/DerivedDataCache/Buckets/LegacyChaosGeometryData/33/ce/416c84b62828a91d0728358f81e49a115978.udd" 5133
"C:/Users/User/AppData/Local/UnrealEngine/Common/DerivedDataCache/Buckets/LegacyDIST/fe/13/c595d256689e6cee164a936951bb702c536e.udd" 5134
"C:/Users/User/AppData/Local/UnrealEngine/Common/DerivedDataCache/Buckets/LegacyNavCollision/cb/1d/46c49d75249f89fb009728edfcd226f8b3c2.udd" 5135
"C:/Users/User/AppData/Local/UnrealEngine/Common/DerivedDataCache/Buckets/LegacyCARD/4e/a7/2fce64efba2e93ec3d864314345fdf5467c2.udd" 5136
"C:/Users/User/AppData/Local/UnrealEngine/Common/DerivedDataCache/Buckets/StaticMesh/b8/8b/2873900455de07f9d1fee04824caa8b8a2ca.udd" 5137
"C:/Users/User/AppData/Local/UnrealEngine/Common/DerivedDataCache/Buckets/LegacyChaosGeometryData/c6/f0/7edf34e299a40ec28f243858e23a45c5ed69.udd" 5138
"C:/Users/User/AppData/Local/UnrealEngine/Common/DerivedDataCache/Buckets/LegacyNavCollision/f6/5b/aade77ee34054a5f74fd93a8b7a41c2575cd.udd" 5139
"C:/Users/User/AppData/Local/UnrealEngine/Common/DerivedDataCache/Buckets/LegacyNavCollision/e7/f4/c7cd42fb426e13c5e9086ee1480bf2f5bc8b.udd" 5140
"C:/Users/User/AppData/Local/UnrealEngine/Common/DerivedDataCache/Buckets/LegacyNavCollision/a2/8f/02c58e9a0f949b3920e148d28f7c66ecc5f9.udd" 5141
"C:/Users/User/AppData/Local/UnrealEngine/Common/DerivedDataCache/Buckets/StaticMesh/22/5f/777545e4a4102dc7a254659a7feca6a07159.udd" 5142
"C:/Users/User/AppData/Local/UnrealEngine/Common/DerivedDataCache/Buckets/StaticMesh/81/89/07467cb806777d1086b10ef2b45f656147d6.udd" 5143
"C:/Users/User/AppData/Local/UnrealEngine/Common/DerivedDataCache/Buckets/StaticMesh/63/4a/8360e887a01b0dd1d68a937eccd001ad6eb9.udd" 5144
"C:/Users/User/AppData/Local/UnrealEngine/Common/DerivedDataCache/Buckets/LegacyDIST/1c/33/4ed8fb0dee86994025c2382c810710995f40.udd" 5145
"C:/Users/User/AppData/Local/UnrealEngine/Common/DerivedDataCache/Buckets/LegacyCARD/41/ff/32d52e703a292dcef415a575a3e806e980e8.udd" 5146
"C:/Users/User/AppData/Local/UnrealEngine/Common/DerivedDataCache/Buckets/LegacyChaosGeometryData/19/75/8083c285e0f97c1ad4daf2a8216a0a2bb44b.udd" 5147
"C:/Users/User/AppData/Local/UnrealEngine/Common/DerivedDataCache/Buckets/LegacyDIST/d4/6b/bb1bdf0617c55d3d9ce6185baf4dbf426f5c.udd" 5148
"C:/Users/User/AppData/Local/UnrealEngine/Common/DerivedDataCache/Buckets/LegacyDIST/64/ec/85c120af1b400810981c61f41901df3c1d00.udd" 5149
"C:/Users/User/AppData/Local/UnrealEngine/Common/DerivedDataCache/Buckets/LegacyNavCollision/a9/b2/589d6bd6840054b843bcf3de0fdeda1da5d0.udd" 5150
"C:/Users/User/AppData/Local/UnrealEngine/Common/DerivedDataCache/Buckets/LegacyDIST/ab/10/c8e5bd0aa3cfb31a6fca3ad1ecd133a76c49.udd" 5151
"C:/Users/User/AppData/Local/UnrealEngine/Common/DerivedDataCache/Buckets/LegacyNavCollision/cb/73/8c0ee50d7c2748dfcbb6e77528654f8b97b2.udd" 5152
"C:/Users/User/AppData/Local/UnrealEngine/Common/DerivedDataCache/Buckets/LegacyNavCollision/3b/15/06a87b0010db82a082e1b385b5a2028f2898.udd" 5153
"C:/Users/User/AppData/Local/UnrealEngine/Common/DerivedDataCache/Buckets/LegacyCARD/f6/ca/f814d34657922c2521d8d4dd71b02ffb026b.udd" 5154
"C:/Users/User/AppData/Local/UnrealEngine/Common/DerivedDataCache/Buckets/LegacyNavCollision/c9/ec/86b1e9cf056668991c9c232767b3eca2a1db.udd" 5155
"C:/Users/User/AppData/Local/UnrealEngine/Common/DerivedDataCache/Buckets/LegacyCARD/eb/e9/f7a49ff8c5c9e68f640babbd4d94a4b577ea.udd" 5156
"C:/Users/User/AppData/Local/UnrealEngine/Common/DerivedDataCache/Buckets/LegacyCARD/00/7a/932785319230620121e7c730f86fd2fe66e7.udd" 5157
"C:/Users/User/AppData/Local/UnrealEngine/Common/DerivedDataCache/Buckets/StaticMesh/14/30/03c21a52174a9a82f95fed6786225a16fc19.udd" 5158
"C:/Users/User/AppData/Local/UnrealEngine/Common/DerivedDataCache/Buckets/StaticMesh/a8/30/b3aefc74d549cca9c4fbcf3bfff30d11c3e9.udd" 5159
"C:/Users/User/AppData/Local/UnrealEngine/Common/DerivedDataCache/Buckets/LegacyChaosGeometryData/a7/26/cbbf00b1dc5a3617638212c47b66f6e4d93f.udd" 5160
"C:/Users/User/AppData/Local/UnrealEngine/Common/DerivedDataCache/Buckets/StaticMesh/22/09/37d3669d4197b7effca44e4072faa6c2434d.udd" 5161
"C:/Users/User/AppData/Local/UnrealEngine/Common/DerivedDataCache/Buckets/StaticMesh/ec/29/c49d36cd7cf8dc4585fcf7843bc49076a918.udd" 5162
"C:/Users/User/AppData/Local/UnrealEngine/Common/DerivedDataCache/Buckets/LegacyChaosGeometryData/55/cb/828b973ed76d4feebe3853c306ff89f5bdfa.udd" 5163
"C:/Users/User/AppData/Local/UnrealEngine/Common/DerivedDataCache/Buckets/LegacyChaosGeometryData/18/28/39585a1bdea5a9b955b98b7d9656ab1cb57b.udd" 5164
"C:/Users/User/AppData/Local/UnrealEngine/Common/DerivedDataCache/Buckets/LegacyNavCollision/49/9a/83d445e22cd413d5d7056347a41feea146a7.udd" 5165
"C:/Users/User/AppData/Local/UnrealEngine/Common/DerivedDataCache/Buckets/LegacyNavCollision/19/bf/7ae84c957bfe2b01ac88a22edf7343a05fab.udd" 5166
"C:/Users/User/AppData/Local/UnrealEngine/Common/DerivedDataCache/Buckets/LegacyNavCollision/3a/fd/8d2ea9e2befc403c7ab2f08c40499ae6828e.udd" 5167
"C:/Users/User/AppData/Local/UnrealEngine/Common/DerivedDataCache/Buckets/StaticMesh/1f/c3/740349a518e3644199742c66905a4d1b7bbe.udd" 5168
"C:/Users/User/AppData/Local/UnrealEngine/Common/DerivedDataCache/Buckets/LegacyNavCollision/89/97/c62d13e0d3b2d86e1974d2403a603ef6a385.udd" 5169
"C:/Users/User/AppData/Local/UnrealEngine/Common/DerivedDataCache/Buckets/StaticMesh/df/4e/5249c37f40f64f00eeadc3fbe8813ae30fd3.udd" 5170
"C:/Users/User/AppData/Local/UnrealEngine/Common/DerivedDataCache/Buckets/LegacyDIST/e3/f6/4fbfd461803acc93ea173bd1eaef2a470bc7.udd" 5171
"C:/Users/User/AppData/Local/UnrealEngine/Common/DerivedDataCache/Buckets/StaticMesh/34/c5/2db13fe85779ed6c4539ebeb5dd2c656b606.udd" 5172
"C:/Users/User/AppData/Local/UnrealEngine/Common/DerivedDataCache/Buckets/LegacyCARD/2f/63/557c01f822de42ccf70993655b00266d9a1f.udd" 5173
"C:/Users/User/AppData/Local/UnrealEngine/Common/DerivedDataCache/Buckets/StaticMesh/91/6e/14df420cc725629dc31fa2645e9da3216a45.udd" 5174
"C:/Users/User/AppData/Local/UnrealEngine/Common/DerivedDataCache/Buckets/LegacyDIST/d1/dd/673e089fc7eaba02306b9d0b880dde59690f.udd" 5175
"C:/Users/User/AppData/Local/UnrealEngine/Common/DerivedDataCache/Buckets/LegacyDIST/3c/67/dd32db8eca78066c77537d56d926fdce1bc7.udd" 5176
"C:/Users/User/AppData/Local/UnrealEngine/Common/DerivedDataCache/Buckets/LegacyChaosGeometryData/20/6e/8617f4dcca9b7cb2387f3055664132d428e4.udd" 5177
"C:/Users/User/AppData/Local/UnrealEngine/Common/DerivedDataCache/Buckets/LegacyDIST/06/39/fff29897c7ffea2be0a438f0fb7a9ee14ad7.udd" 5178
"C:/Users/User/AppData/Local/UnrealEngine/Common/DerivedDataCache/Buckets/LegacyCARD/d0/dd/97fb68ddaa12fc6ea303f217b97d94d0c8c2.udd" 5179
"C:/Users/User/AppData/Local/UnrealEngine/Common/DerivedDataCache/Buckets/LegacyCARD/b2/6a/cb623a553d7cc52f00040b6c6837844d7b7e.udd" 5180
"C:/Users/User/AppData/Local/UnrealEngine/Common/DerivedDataCache/Buckets/LegacyNavCollision/57/b8/7a8ad8890301b37842169c32c6a644ed28ae.udd" 5181
"C:/Users/User/AppData/Local/UnrealEngine/Common/DerivedDataCache/Buckets/LegacyCARD/36/5c/f554322f8f23798c405e4dac88b6d4401ca1.udd" 5182
"C:/Users/User/AppData/Local/UnrealEngine/Common/DerivedDataCache/Buckets/LegacyChaosGeometryData/0b/fe/207a12d26154bb5015c8f0044ae8e13b4a27.udd" 5183
"C:/Users/User/AppData/Local/UnrealEngine/Common/DerivedDataCache/Buckets/StaticMesh/21/e8/b41cd8900180e41e86cdc995a85b3d2d2675.udd" 5184
"C:/Users/User/AppData/Local/UnrealEngine/Common/DerivedDataCache/Buckets/LegacyChaosGeometryData/a2/d7/700a1327285527d1dc5fb09bd6e0e96bd481.udd" 5185
"C:/Users/User/AppData/Local/UnrealEngine/Common/DerivedDataCache/Buckets/LegacyChaosGeometryData/a1/e2/6a1106f9050d3ac32c417845dbd8b44179df.udd" 5186
"C:/Users/User/AppData/Local/UnrealEngine/Common/DerivedDataCache/Content/3f/5a/32ffe229d799a38d325a2e3b219f63622c5f.udd" 5187
"C:/Users/User/AppData/Local/UnrealEngine/Common/DerivedDataCache/Buckets/LegacyNavCollision/b2/b3/ce595c8f265ece9a1159d6b8376b2a9f9e23.udd" 5188
"C:/Users/User/AppData/Local/UnrealEngine/Common/DerivedDataCache/Buckets/LegacyDIST/82/4e/508ffad7d7ea9341b2e3bc8c4ecf88d493e6.udd" 5189
"C:/Users/User/AppData/Local/UnrealEngine/Common/DerivedDataCache/Buckets/StaticMesh/00/1c/77190591ccf09834ab791bced19537d5eb72.udd" 5190
"C:/Users/User/AppData/Local/UnrealEngine/Common/DerivedDataCache/Buckets/LegacyCARD/f0/bc/79b96985fa91977c11c1d12c63cf84c738d7.udd" 5191
"C:/Users/User/AppData/Local/UnrealEngine/Common/DerivedDataCache/Buckets/LegacyDIST/6b/9a/042f1cd80eb64c262178b599fd7c769c94fb.udd" 5192
"C:/Users/User/AppData/Local/UnrealEngine/Common/DerivedDataCache/Buckets/LegacyChaosGeometryData/39/b1/078eaa6cbf444a6a8d7cb629dc4fccbce1bd.udd" 5193
"C:/Users/User/AppData/Local/UnrealEngine/Common/DerivedDataCache/Buckets/LegacyCARD/ca/ce/bbdb157f93afcfb2c30789e98b19d309bdc2.udd" 5194
"C:/Users/User/AppData/Local/UnrealEngine/Common/DerivedDataCache/Buckets/LegacyChaosGeometryData/ac/cd/522e607d190ebd43e6f533d5064f772dabab.udd" 5195
"C:/Users/User/AppData/Local/UnrealEngine/Common/DerivedDataCache/Buckets/LegacyNavCollision/78/16/e858dc6076e997ece1a2ce6a361d965321c8.udd" 5196
"C:/Users/User/AppData/Local/UnrealEngine/Common/DerivedDataCache/Buckets/LegacyDIST/30/85/94b7e9cc1067ef7897d1c757fa57adbe9a4b.udd" 5197
"C:/Users/User/AppData/Local/UnrealEngine/Common/DerivedDataCache/Buckets/LegacyNavCollision/3b/d9/95dc63786195449d33ee4cbfb154aef00112.udd" 5198
"C:/Users/User/AppData/Local/UnrealEngine/Common/DerivedDataCache/Buckets/LegacyCARD/d5/ce/4c6479fa4b84239b15dc3b643d31e096061d.udd" 5199
"C:/Users/User/AppData/Local/UnrealEngine/Common/DerivedDataCache/Buckets/StaticMesh/2c/ec/4aa54330df769d43fdc0b1a08ca5685cd2c4.udd" 5200
"C:/Users/User/AppData/Local/UnrealEngine/Common/DerivedDataCache/Buckets/LegacyDIST/86/29/7a73f6873edfcc46f91ccdb5df78b02b7d6e.udd" 5201
"C:/Users/User/AppData/Local/UnrealEngine/Common/DerivedDataCache/Buckets/StaticMesh/45/b2/d598da24fce739e255f9e9b1581b52168eb8.udd" 5202
"C:/Users/User/AppData/Local/UnrealEngine/Common/DerivedDataCache/Buckets/LegacyNavCollision/a2/89/d4e209085449ced8da00f2295d3c1714c088.udd" 5203
"C:/Users/User/AppData/Local/UnrealEngine/Common/DerivedDataCache/Buckets/LegacyChaosGeometryData/e4/f2/9d87a7ab05d0a332b6f10dd6bc89eb2449bb.udd" 5204
"C:/Users/User/AppData/Local/UnrealEngine/Common/DerivedDataCache/Buckets/LegacyNavCollision/93/62/1801198e326836589643197335538d2615bc.udd" 5205
"C:/Users/User/AppData/Local/UnrealEngine/Common/DerivedDataCache/Buckets/LegacyCARD/29/a5/67c248362dab16d1cd18b293087ccac126cc.udd" 5206
"C:/Users/User/AppData/Local/UnrealEngine/Common/DerivedDataCache/Buckets/LegacyDIST/a7/53/3af3d6f138133c47ebfa7052c885c2c582ae.udd" 5207
"C:/Users/User/AppData/Local/UnrealEngine/Common/DerivedDataCache/Buckets/StaticMesh/f9/4b/cb4b0a2a72c91d4e2023e7f54302ebb6ac05.udd" 5208
"C:/Users/User/AppData/Local/UnrealEngine/Common/DerivedDataCache/Buckets/LegacyChaosGeometryData/86/0d/894814f14d3603123579c66890771237add5.udd" 5209
"C:/Users/User/AppData/Local/UnrealEngine/Common/DerivedDataCache/Buckets/LegacyCARD/b1/51/652b9f70f52b8a2ff3736357d85ace98be8e.udd" 5210
"C:/Users/User/AppData/Local/UnrealEngine/Common/DerivedDataCache/Buckets/StaticMesh/49/31/63cf800f50d7575bb2ad2bf4547adda6213b.udd" 5211
"C:/Users/User/AppData/Local/UnrealEngine/Common/DerivedDataCache/Buckets/LegacyDIST/47/96/fba908c06b629a6c4b9b63fb7f91a7998163.udd" 5212
"C:/Users/User/AppData/Local/UnrealEngine/Common/DerivedDataCache/Buckets/LegacyNavCollision/39/92/81cebaafe38543f7b570b678fb63d02d9393.udd" 5213
"C:/Users/User/AppData/Local/UnrealEngine/Common/DerivedDataCache/Buckets/LegacyChaosGeometryData/de/43/b06ee2506f4af2f8a59fdadbee8705e5b513.udd" 5214
"C:/Users/User/AppData/Local/UnrealEngine/Common/DerivedDataCache/Buckets/LegacyNavCollision/74/08/dfc449c89d8892e5a78b2fb0efc1b26cae69.udd" 5215
"C:/Users/User/AppData/Local/UnrealEngine/Common/DerivedDataCache/Buckets/LegacyCARD/b5/2b/2118887af34bd755c9e6d0ca2c35d3707a3d.udd" 5216
"C:/Users/User/AppData/Local/UnrealEngine/Common/DerivedDataCache/Buckets/LegacyNavCollision/bf/12/fe5999493263e8f9b6aa1782891ab5803b3b.udd" 5217
"C:/Users/User/AppData/Local/UnrealEngine/Common/DerivedDataCache/Buckets/StaticMesh/60/af/9d02557704dca0451eeb8e9f1d6fe931918e.udd" 5218
"C:/Users/User/AppData/Local/UnrealEngine/Common/DerivedDataCache/Buckets/StaticMesh/06/00/fc9fdb1a04da65cc01b0035b68d38cf881df.udd" 5219
"C:/Users/User/AppData/Local/UnrealEngine/Common/DerivedDataCache/Buckets/LegacyNavCollision/87/6e/015947fb9b24af42c55f658503f98d4e39a6.udd" 5220
"C:/Users/User/AppData/Local/UnrealEngine/Common/DerivedDataCache/Buckets/LegacyChaosGeometryData/bb/0a/9685948f4b90fd7d840c1771bfc01054c4f6.udd" 5221
"C:/Users/User/AppData/Local/UnrealEngine/Common/DerivedDataCache/Buckets/StaticMesh/11/3a/90cee3d3353e6a14bca4eacb6cdeb02cab8f.udd" 5222
"C:/Users/User/AppData/Local/UnrealEngine/Common/DerivedDataCache/Buckets/LegacyDIST/c2/4f/42935842bed3fe1c9b314e9d32e84115d6e7.udd" 5223
"C:/Users/User/AppData/Local/UnrealEngine/Common/DerivedDataCache/Buckets/StaticMesh/fc/3d/537cfde24cd7a15b7e8bd30b23a63d306a4d.udd" 5224
"C:/Users/User/AppData/Local/UnrealEngine/Common/DerivedDataCache/Buckets/LegacyDIST/ae/fb/7d84c2319b85c028ed77fa6339bdcc3f8aa8.udd" 5225
"C:/Users/User/AppData/Local/UnrealEngine/Common/DerivedDataCache/Buckets/LegacyCARD/32/ec/5ed9db9ffbd33e4442fa83fe871f87d27839.udd" 5226
"C:/Users/User/AppData/Local/UnrealEngine/Common/DerivedDataCache/Buckets/LegacyCARD/93/8d/280ac2a87666157b5bdc6ec56e715777539a.udd" 5227
"C:/Users/User/AppData/Local/UnrealEngine/Common/DerivedDataCache/Buckets/LegacyChaosGeometryData/80/f9/7584712f24e1c027d985b0d070e52ee2dc86.udd" 5228
"C:/Users/User/AppData/Local/UnrealEngine/Common/DerivedDataCache/Buckets/LegacyChaosGeometryData/43/47/b738e7d3c3b39c42871adb49724313bdc005.udd" 5229
"C:/Users/User/AppData/Local/UnrealEngine/Common/DerivedDataCache/Buckets/LegacyNavCollision/65/1e/513ffe744c9b23ccaed042ce39987a635476.udd" 5230
"C:/Users/User/AppData/Local/UnrealEngine/Common/DerivedDataCache/Buckets/LegacyDIST/b5/fc/a90e4f96c6ac5b49c51bbaf3c8545b9f9e71.udd" 5231
"C:/Users/User/AppData/Local/UnrealEngine/Common/DerivedDataCache/Buckets/StaticMesh/6a/76/9aa7c5a7bb2f637829cc827bf2c0e5a3e060.udd" 5232
"C:/Users/User/AppData/Local/UnrealEngine/Common/DerivedDataCache/Buckets/LegacyCARD/53/e2/2262c1756423124ee6cd639bbc6a97992f9e.udd" 5233
"C:/Users/User/AppData/Local/UnrealEngine/Common/DerivedDataCache/Buckets/LegacyDIST/d4/96/a6f9da9c9384c3eaf31f367ebd33c3cafec3.udd" 5234
"C:/Users/User/AppData/Local/UnrealEngine/Common/DerivedDataCache/Buckets/LegacyDIST/ee/d7/c4ac32d7aefdd0829ecbc2551b70802af55f.udd" 5235
"C:/Users/User/AppData/Local/UnrealEngine/Common/DerivedDataCache/Buckets/LegacyDIST/76/ae/c5bbedc0288b4aa19d9bf880eb45a8c7b6f5.udd" 5236
"C:/Users/User/AppData/Local/UnrealEngine/Common/DerivedDataCache/Buckets/LegacyNavCollision/dc/58/55f818b14d02d22f7b4f1b7db8202430e2b1.udd" 5237
"C:/Users/User/AppData/Local/UnrealEngine/Common/DerivedDataCache/Buckets/LegacyChaosGeometryData/24/95/81783ec15f77aafce01dcd58862267afe254.udd" 5238
"C:/Users/User/AppData/Local/UnrealEngine/Common/DerivedDataCache/Buckets/LegacyCARD/a0/1a/42b3cefcbc1196603b45474b93b4f5710c19.udd" 5239
"C:/Users/User/AppData/Local/UnrealEngine/Common/DerivedDataCache/Buckets/LegacyDIST/12/cf/9e53645e2ffab73266a10e843de1620695b0.udd" 5240
"C:/Users/User/AppData/Local/UnrealEngine/Common/DerivedDataCache/Buckets/LegacyCARD/65/6b/7d646d5c3a42097268dff386b6b25e52c398.udd" 5241
"C:/Users/User/AppData/Local/UnrealEngine/Common/DerivedDataCache/Buckets/LegacyCARD/27/02/4320e11edec87c67b76df8040f1a5899ce73.udd" 5242
"C:/Users/User/AppData/Local/UnrealEngine/Common/DerivedDataCache/Buckets/LegacyChaosGeometryData/b2/4c/683f339230a99de2e3435bd5d7f3307407e6.udd" 5243
"C:/Users/User/AppData/Local/UnrealEngine/Common/DerivedDataCache/Buckets/LegacyCARD/38/40/290e6bd46322fa6eb1f1f1cf93a3c3bb8af0.udd" 5244
"C:/Users/User/AppData/Local/UnrealEngine/Common/DerivedDataCache/Buckets/StaticMesh/6e/f0/dc07933c030ae4088437f74c892bb42fe70a.udd" 5245
"C:/Users/User/AppData/Local/UnrealEngine/Common/DerivedDataCache/Buckets/LegacyChaosGeometryData/2e/17/e692dfe428e28d43537264740e191126ad97.udd" 5246
"C:/Users/User/AppData/Local/UnrealEngine/Common/DerivedDataCache/Buckets/LegacyDIST/8b/77/aa7ee4d52d8fd5fe795cd1bb106e68b4a3fd.udd" 5247
"C:/Users/User/AppData/Local/UnrealEngine/Common/DerivedDataCache/Buckets/LegacyChaosGeometryData/d3/1d/8879f8008d5b95d6d15194040cf99b70318c.udd" 5248
"C:/Users/User/AppData/Local/UnrealEngine/Common/DerivedDataCache/Buckets/LegacyDIST/ce/f3/be9b338859556182db2b21a585c20cbf2847.udd" 5249
"C:/Users/User/AppData/Local/UnrealEngine/Common/DerivedDataCache/Buckets/LegacyChaosGeometryData/80/aa/d8e8dcc981cdefbd635981c578455c3067d3.udd" 5250
"C:/Users/User/AppData/Local/UnrealEngine/Common/DerivedDataCache/Buckets/LegacyCARD/cf/3e/d712481dcbb836c81cfeba409c32ff56eb6d.udd" 5251
"C:/Users/User/AppData/Local/UnrealEngine/Common/DerivedDataCache/Buckets/LegacyDIST/ff/87/3b28b51ba12e13814da7c64075f41eefabdc.udd" 5252
"C:/Users/User/AppData/Local/UnrealEngine/Common/DerivedDataCache/Buckets/LegacyCARD/cd/6f/ab73c05f630973470258d854342690d8d1db.udd" 5253
"C:/Users/User/AppData/Local/UnrealEngine/Common/DerivedDataCache/Buckets/LegacyChaosGeometryData/22/36/53134c087df01fbc30eb9c89fa0b72a4c134.udd" 5254
"C:/Users/User/AppData/Local/UnrealEngine/Common/DerivedDataCache/Buckets/LegacyCARD/1c/3e/73aafb8dacc79bbe749449d586212c159770.udd" 5255
"C:/Users/User/AppData/Local/UnrealEngine/Common/DerivedDataCache/Buckets/LegacyChaosGeometryData/f7/31/7f60ea8684fec450a22ae5a2f7e38f5d2b2e.udd" 5256
"C:/Users/User/AppData/Local/UnrealEngine/Common/DerivedDataCache/Buckets/LegacyNavCollision/82/1f/20444dd7ec4856992a86cf5a1ae3c5f40c15.udd" 5257
"C:/Users/User/AppData/Local/UnrealEngine/Common/DerivedDataCache/Buckets/LegacyNavCollision/3f/a8/8c70f1d95bf623e620b361933bacaa808fe2.udd" 5258
"C:/Users/User/AppData/Local/UnrealEngine/Common/DerivedDataCache/Buckets/StaticMesh/98/eb/e5132275faecff8086b100809e8defd69d96.udd" 5259
"C:/Users/User/AppData/Local/UnrealEngine/Common/DerivedDataCache/Buckets/StaticMesh/7a/d8/102dc76bddd41492a87ef4f1f3a118deb782.udd" 5260
"C:/Users/User/AppData/Local/UnrealEngine/Common/DerivedDataCache/Buckets/LegacyDIST/ed/37/0eccdc341923ee3ffed1fc1ca759c039d60d.udd" 5261
"C:/Users/User/AppData/Local/UnrealEngine/Common/DerivedDataCache/Buckets/LegacyNavCollision/29/4d/a44efc2912cdb5c6ff6cfa984070b15dc45b.udd" 5262
"C:/Users/User/AppData/Local/UnrealEngine/Common/DerivedDataCache/Buckets/LegacyCARD/d1/f8/139f923f90c5d9ca88c0235b6c5346fcd3aa.udd" 5263
"C:/Users/User/AppData/Local/UnrealEngine/Common/DerivedDataCache/Buckets/LegacyNavCollision/2b/f8/68af5cefea3bccf5b006753804978059ce25.udd" 5264
"C:/Users/User/AppData/Local/UnrealEngine/Common/DerivedDataCache/Buckets/LegacyNavCollision/5e/dc/06f9bf7deecd29c67ef715c0d477e9052b42.udd" 5265
"C:/Users/User/AppData/Local/UnrealEngine/Common/DerivedDataCache/Buckets/StaticMesh/62/d1/08ef802770b0b6a482a54be9a9c084ba29f7.udd" 5266
"C:/Users/User/AppData/Local/UnrealEngine/Common/DerivedDataCache/Buckets/LegacyNavCollision/f9/79/4ff83d900d2cc4df11b3bc2d130559b49d64.udd" 5267
"C:/Users/User/AppData/Local/UnrealEngine/Common/DerivedDataCache/Buckets/LegacyChaosGeometryData/86/e3/db2388f08c8129d28e0c117b02288d16ce10.udd" 5268
"C:/Users/User/AppData/Local/UnrealEngine/Common/DerivedDataCache/Buckets/StaticMesh/de/52/c4f1c49bf83c7178322028c08b65f910c8e9.udd" 5269
"C:/Users/User/AppData/Local/UnrealEngine/Common/DerivedDataCache/Buckets/StaticMesh/bf/54/36b6e7075a259789f929e9b29f0938593b57.udd" 5270
"C:/Users/User/AppData/Local/UnrealEngine/Common/DerivedDataCache/Buckets/LegacyNavCollision/e4/9d/ae1b36fa85e17dadedcec6a15bc237547d7a.udd" 5271
"C:/Users/User/AppData/Local/UnrealEngine/Common/DerivedDataCache/Buckets/StaticMesh/2c/13/a87bf4c3326e7bc1a010ae9b959f3a809ef8.udd" 5272
"C:/Users/User/AppData/Local/UnrealEngine/Common/DerivedDataCache/Buckets/LegacyNavCollision/5b/2c/56012e055a97fed55203c2c96a741bb6222e.udd" 5273
"C:/Users/User/AppData/Local/UnrealEngine/Common/DerivedDataCache/Buckets/StaticMesh/27/fe/5c47878dd2f78d15720256829329dd1ce8cf.udd" 5274
"C:/Users/User/AppData/Local/UnrealEngine/Common/DerivedDataCache/Buckets/LegacyDIST/a8/22/688a6149a4db8df20e419cc390b97ae732c1.udd" 5275
"C:/Users/User/AppData/Local/UnrealEngine/Common/DerivedDataCache/Buckets/LegacyNavCollision/e1/e5/4cfa3a7a98b2abe5b79f9ebb41f4d91030b4.udd" 5276
"C:/Users/User/AppData/Local/UnrealEngine/Common/DerivedDataCache/Buckets/StaticMesh/ec/15/0b1b75d210501a14ec71a6c57f8704f90519.udd" 5277
"C:/Users/User/AppData/Local/UnrealEngine/Common/DerivedDataCache/Buckets/LegacyDIST/ea/33/e57c96146e3a3038193bd86b0137726382a4.udd" 5278
"C:/Users/User/AppData/Local/UnrealEngine/Common/DerivedDataCache/Buckets/LegacyDIST/36/ca/0f277d1b72c7c8b74ce9a6155a7040a1be23.udd" 5279
"C:/Users/User/AppData/Local/UnrealEngine/Common/DerivedDataCache/Buckets/StaticMesh/12/86/04fef4d9206c3c2ccb2991f23ca1269b3b8d.udd" 5280
"C:/Users/User/AppData/Local/UnrealEngine/Common/DerivedDataCache/Buckets/LegacyCARD/8a/07/704de0d2cb0b7e419c3c0952ee1464b3b504.udd" 5281
"C:/Users/User/AppData/Local/UnrealEngine/Common/DerivedDataCache/Buckets/LegacyCARD/92/6a/d610e0dd16b9846ac127c0a3741d2691c8fe.udd" 5282
"C:/Users/User/AppData/Local/UnrealEngine/Common/DerivedDataCache/Buckets/LegacyCARD/e0/5f/f19b80af6dd4d4a078162315e0b3693dca53.udd" 5283
"C:/Users/User/AppData/Local/UnrealEngine/Common/DerivedDataCache/Buckets/LegacyDIST/28/b2/e74e67909fe8f9a9de4b65b072801813761f.udd" 5284
"C:/Users/User/AppData/Local/UnrealEngine/Common/DerivedDataCache/Buckets/LegacyChaosGeometryData/c0/16/c0bd4be46b501e3836a0e0fcdd037c5b64fe.udd" 5285
"C:/Users/User/AppData/Local/UnrealEngine/Common/DerivedDataCache/Buckets/LegacyChaosGeometryData/ad/b4/c070d4b3d51b4f4d65cf5cc090f19d0641f7.udd" 5286
"C:/Users/User/AppData/Local/UnrealEngine/Common/DerivedDataCache/Buckets/LegacyChaosGeometryData/16/f6/43c4e699e048e6df10343d96596f4d9759d9.udd" 5287
"C:/Users/User/AppData/Local/UnrealEngine/Common/DerivedDataCache/Buckets/LegacyNavCollision/ac/61/6dc92a7f68a8fbcb5d131a1c5f922eb30e4e.udd" 5288
"C:/Users/User/AppData/Local/UnrealEngine/Common/DerivedDataCache/Buckets/LegacyDIST/c6/43/94fe77ad1d5feeee5551b8a9c86e4a967467.udd" 5289
"C:/Users/User/AppData/Local/UnrealEngine/Common/DerivedDataCache/Content/ee/18/b196ad0846cc32569fe76048515a69f7f1c5.udd" 5290
"C:/Users/User/AppData/Local/UnrealEngine/Common/DerivedDataCache/Buckets/LegacyDIST/e1/d0/c0071e43fff568554955ca866533a8d34b66.udd" 5291
"C:/Users/User/AppData/Local/UnrealEngine/Common/DerivedDataCache/Buckets/LegacyCARD/9c/c3/49bfdf91b22f03fc7bbaaedeabe9d27dbfa5.udd" 5292
"C:/Users/User/AppData/Local/UnrealEngine/Common/DerivedDataCache/Buckets/LegacyCARD/2b/15/a15dc4a57fad8f07e7eb1470fbcc811fca0f.udd" 5293
"C:/Users/User/AppData/Local/UnrealEngine/Common/DerivedDataCache/Buckets/LegacyDIST/de/b7/a88f0fb0381090320fe9d5ef6031bf5fb8e3.udd" 5294
"C:/Users/User/AppData/Local/UnrealEngine/Common/DerivedDataCache/Buckets/StaticMesh/08/7f/04c1951c270882982101501404537b193296.udd" 5295
"C:/Users/User/AppData/Local/UnrealEngine/Common/DerivedDataCache/Buckets/LegacyCARD/c1/8e/8885a8ff55a19f12f79d98ae22bd88b92d47.udd" 5296
"C:/Users/User/AppData/Local/UnrealEngine/Common/DerivedDataCache/Buckets/LegacyDIST/a8/9e/1ae969ee9958133da05efb3b6f5129dbb724.udd" 5297
"C:/Users/User/AppData/Local/UnrealEngine/Common/DerivedDataCache/Buckets/LegacyChaosGeometryData/fa/a7/b83fbd13ae5700a64602c901b96af0569d87.udd" 5298
"C:/Users/User/AppData/Local/UnrealEngine/Common/DerivedDataCache/Buckets/LegacyChaosGeometryData/8c/c2/ae9d661816aa2f07b17de29ec5d7c23453cd.udd" 5299
"C:/Users/User/AppData/Local/UnrealEngine/Common/DerivedDataCache/Buckets/LegacyCARD/02/08/ddb453867ce981cf689d12de57b53bd276f7.udd" 5300
"C:/Users/User/AppData/Local/UnrealEngine/Common/DerivedDataCache/Buckets/LegacyDIST/58/f3/edd8ad4e581fc80aae49537b92d14e543ad9.udd" 5301
"C:/Users/User/AppData/Local/UnrealEngine/Common/DerivedDataCache/Buckets/LegacyChaosGeometryData/20/3d/db606a810d6b0096a0fccb3ce36dbf51ea83.udd" 5302
"C:/Users/User/AppData/Local/UnrealEngine/Common/DerivedDataCache/Buckets/LegacyCARD/2b/27/0fa83bc8d2fa173f16b0631cbc252865f8cc.udd" 5303
"C:/Users/User/AppData/Local/UnrealEngine/Common/DerivedDataCache/Buckets/LegacyDIST/80/9e/c47451aec1ca17a8d65d54f1123501163a60.udd" 5304
"C:/Users/User/AppData/Local/UnrealEngine/Common/DerivedDataCache/Buckets/LegacyChaosGeometryData/e6/43/75a8d18079497fdeec5c324f249e74019c1a.udd" 5305
"C:/Users/User/AppData/Local/UnrealEngine/Common/DerivedDataCache/Buckets/LegacyCARD/bc/bd/e6c7a9918af85151df84ff1850544b3b9313.udd" 5306
"C:/Users/User/AppData/Local/UnrealEngine/Common/DerivedDataCache/Buckets/LegacyNavCollision/c3/9a/6fafe8dd2e730f07d758737fba3795c1dd82.udd" 5307
"C:/Users/User/AppData/Local/UnrealEngine/Common/DerivedDataCache/Buckets/LegacyChaosGeometryData/43/cf/92c16a7a020dcb84df345aa73625b0abcdb2.udd" 5308
"C:/Users/User/AppData/Local/UnrealEngine/Common/DerivedDataCache/Buckets/LegacyCARD/d5/fc/9614efb5e27344226b68ae9fc6e5fae011ee.udd" 5309
"C:/Users/User/AppData/Local/UnrealEngine/Common/DerivedDataCache/Buckets/LegacyDIST/c2/76/ea51c950477b9274517e23717266b86c20fe.udd" 5310
"C:/Users/User/AppData/Local/UnrealEngine/Common/DerivedDataCache/Buckets/StaticMesh/15/fa/921a1b2748c947b96a37c826d03d311960f2.udd" 5311
"C:/Users/User/AppData/Local/UnrealEngine/Common/DerivedDataCache/Buckets/LegacyChaosGeometryData/09/13/84ff7f1041c97787ae017e024bbad6997141.udd" 5312
"C:/Users/User/AppData/Local/UnrealEngine/Common/DerivedDataCache/Buckets/LegacyNavCollision/cd/1b/00b3c87660afd09841e3ba0f835a0f1dab81.udd" 5313
"C:/Users/User/AppData/Local/UnrealEngine/Common/DerivedDataCache/Buckets/LegacyCARD/3f/bf/a4bf8dc8c9f2cfd5cf0dbd25d21d23be09de.udd" 5314
"C:/Users/User/AppData/Local/UnrealEngine/Common/DerivedDataCache/Buckets/StaticMesh/26/31/de7195bf59ac6e194feec8da0f3bec2c641b.udd" 5315
"C:/Users/User/AppData/Local/UnrealEngine/Common/DerivedDataCache/Buckets/LegacyNavCollision/ec/c0/776cbad00b4311dddd328d88c9ff8bff7fb6.udd" 5316
"C:/Users/User/AppData/Local/UnrealEngine/Common/DerivedDataCache/Buckets/LegacyNavCollision/d7/71/3aaa5431eb73da914bdcb5f1f1e5f51ffd87.udd" 5317
"C:/Users/User/AppData/Local/UnrealEngine/Common/DerivedDataCache/Buckets/LegacyNavCollision/80/34/e2e83d535b8cfaa53a6fd9a263f08021484c.udd" 5318
"C:/Users/User/AppData/Local/UnrealEngine/Common/DerivedDataCache/Buckets/LegacyNavCollision/22/6d/b9420cf9963e1cdcfa646cfd124710aa270e.udd" 5319
"C:/Users/User/AppData/Local/UnrealEngine/Common/DerivedDataCache/Buckets/StaticMesh/42/29/ac54cf2c1b08ebe7fdc889a747ded784a1c8.udd" 5320
"C:/Users/User/AppData/Local/UnrealEngine/Common/DerivedDataCache/Buckets/LegacyNavCollision/fb/5b/34fe5fdbc097d42743279c9d2bf25ed96376.udd" 5321
"C:/Users/User/AppData/Local/UnrealEngine/Common/DerivedDataCache/Buckets/LegacyNavCollision/05/f6/e8dc77fe986a7116b54ad100111bc78f1994.udd" 5322
"C:/Users/User/AppData/Local/UnrealEngine/Common/DerivedDataCache/Buckets/LegacyNavCollision/e9/f0/9d318838efb4d9895f3668233616d8daf765.udd" 5323
"C:/Users/User/AppData/Local/UnrealEngine/Common/DerivedDataCache/Buckets/LegacyNavCollision/66/5c/0e0630c208fa65b0bb95fcb59e9e39ce041b.udd" 5324
"C:/Users/User/AppData/Local/UnrealEngine/Common/DerivedDataCache/Buckets/LegacyDIST/0e/fe/1147dd64967a0a2014bccdb8dfc0620fde60.udd" 5325
"C:/Users/User/AppData/Local/UnrealEngine/Common/DerivedDataCache/Buckets/LegacyCARD/a1/54/a6763c34aa79e16b6aa08fdc06ace82a7d29.udd" 5326
"C:/Users/User/AppData/Local/UnrealEngine/Common/DerivedDataCache/Buckets/LegacyNavCollision/a8/bd/f5c3b3638bc5d0976f851ee20bb85378a577.udd" 5327
"C:/Users/User/AppData/Local/UnrealEngine/Common/DerivedDataCache/Buckets/LegacyChaosGeometryData/6f/c0/135ce3fa727b2c21c6c23924868f655735c5.udd" 5328
"C:/Users/User/AppData/Local/UnrealEngine/Common/DerivedDataCache/Buckets/LegacyNavCollision/a4/a7/c5dd75edd830bb68ab950c3163dd76b44cc7.udd" 5329
"C:/Users/User/AppData/Local/UnrealEngine/Common/DerivedDataCache/Buckets/LegacyDIST/20/0f/d485385dc160d6f88678a038b79f08626b7b.udd" 5330
"C:/Users/User/AppData/Local/UnrealEngine/Common/DerivedDataCache/Buckets/LegacyCARD/1e/d5/28f3cf82a8d2a8daa3f37e39a071e9f0acc9.udd" 5331
"C:/Users/User/AppData/Local/UnrealEngine/Common/DerivedDataCache/Buckets/LegacyChaosGeometryData/93/6c/7695a5db91f93201dab866933eab3689887e.udd" 5332
"C:/Users/User/AppData/Local/UnrealEngine/Common/DerivedDataCache/Buckets/LegacyNavCollision/a3/1f/c622a9e860d552849b5af78cec41727ad851.udd" 5333
"C:/Users/User/AppData/Local/UnrealEngine/Common/DerivedDataCache/Buckets/LegacyDIST/de/8a/3aa05d3cedfb1b6ff4d76d6ccad12aa2d853.udd" 5334
"C:/Users/User/AppData/Local/UnrealEngine/Common/DerivedDataCache/Buckets/LegacyCARD/3a/5b/1c106f9480b36926c02c467c3cb28d75713b.udd" 5335
"C:/Users/User/AppData/Local/UnrealEngine/Common/DerivedDataCache/Buckets/LegacyChaosGeometryData/c5/00/450f740c7690abbf0bc22464572d0402aa57.udd" 5336
"C:/Users/User/AppData/Local/UnrealEngine/Common/DerivedDataCache/Buckets/LegacyNavCollision/a4/4e/cc959ca1d4cd2e65beda83b832e907a59e40.udd" 5337
"C:/Users/User/AppData/Local/UnrealEngine/Common/DerivedDataCache/Buckets/LegacyNavCollision/e4/26/84863176d943755d82438e2aa936276fb604.udd" 5338
"C:/Users/User/AppData/Local/UnrealEngine/Common/DerivedDataCache/Buckets/LegacyNavCollision/f6/3c/2aafc6d3937cfcff413e8317809ba4356fa8.udd" 5339
"C:/Users/User/AppData/Local/UnrealEngine/Common/DerivedDataCache/Buckets/LegacyNavCollision/b4/a8/25f4e7af143f9ffdc66cd27ae6c2832e083d.udd" 5340
"C:/Users/User/AppData/Local/UnrealEngine/Common/DerivedDataCache/Buckets/LegacyNavCollision/e3/1c/a21918d3a629cc618f033a5833a3ca75023f.udd" 5341
"../../../Engine/Content/EditorResources/EmptyActor.uasset" 5342
"C:/Users/User/AppData/Local/UnrealEngine/Common/DerivedDataCache/Buckets/BulkDataList/75/56/bae8eed820d0c90cf45b9d4d151b754887a8.udd" 5343
